Species,Text,Page_id,Volume,Year,Source,Source_ID,Institution,Language,Rights,Copyright
Scotinomys xerampelinus,"1902, Chiriqui Mammalia. Bull. Mus. Comp. Zool., Vol. 39, No. 2, pp. 1751, April, 1902. An annotated list of 63 species and subspecies collected by W. W. Brown, Jr., mainly on the Volcan de Chiriqui, including descriptions of a new genus (Syntheosciurus, p. 25) and 18 new forms as follows: Tayassu crusnigrum ( FPecari angulatus crusnigrum), p. 20, Sciurus stuans chiriquensis ( Sciurus hoffmanni chiriquensis), p. 22, Sciurus browni ( Micro-sciurus alfari browni), p. 24, Svntheosciurus brochus, p. 25, Megadontomys flavidus (-Peromyscus flavidus), p. 27, . Peromyscus cacabatus (Peromyscus nudipes), p. 20, Nyctomys nitellinus ( Nyctomys sumichrasti nitellinus), p. 30, Sigmodon austerulus, p. 32, Orysomys devius, p. 34, Oryzomys vegetus ( Orysomys fulvescens vegetus), p. 35, Reithrodontomys australis vulcanius ( Reithrodontomys. australis australis), p. 38, Reithrodontomys creper, p. 390, Akodon teguina apricus ( Scotinomys teguina apricus), p. 40, dkodon xerampelinus ( Scotinomys xerampelinus), p. 41, Macrogeomys cavator, p. 42, Macrogeomys pansa, p. 44, Heteromys repens ( Heteromys desmarestianus repens), p. 45, and Agouti paca virgatus ( Cuniculus paca virgatus), p. 47. This paper is one of the most important single contributions to. knowledge of the mammals of Panama. 1905. See Thayer and Bangs. 1906. Vertebrata of the Savanna of Panama, II, Mammalia. Bull. Mus. Comp. Zool., Vol. 46, pp. 212-213, January, 1906. Records Sciurus adolphei dorsalis ( Sciurus. variegatoides helveolus), p. 212, Promops nanus ( Eumops nanus), p. 212, Hemiderma castaneum ( Hemiderma perspicillatum astecum erroneously identified), p. 213, and Artibeus intermedius ( Artibeus jamaicensis), p. 213. Brooke, SiR VICTOR. 1878. On the Classification of the Cervidae, with a Synopsis of the existing Species. Proc. Zool. Soc. London, pp. 883-928, Nov. 19, 1878. Records Cariacus mexicanus ( Odocoileus chiriquensis), p. 910, from Panama. DAMPIER, WILLIAM. 1698-1703. Dampier s Voyages, Vols. 1-3, London, 1698-1703. A New Voyage Round the World, Describing particularly the Isthmus of America The third edition corrected pp. 1-550, 1608. Vol. 2. Voyages and Descriptions. In Three Parts, viz.",15494390,69.0,1920.0,Internet Archive,mammalsofpanamaw00gold,Smithsonian Libraries and Archives,English,,Public domain. The BHL considers that this work is no longer under copyright protection.
Scotinomys xerampelinus,"22 AMERICAN MUSEUM NOVITATES TABLE 4 Outgroup Exemplars Surveyed (See accompanying text for explanation) Tylomyines Nyctomys sumichrasti Otonyctomys hatti Ototylomys phyllotis Tylomys mirae Neotomines? Hodomys alleni Nelsonia neotomodon Neotoma (N.) floridana Neotoma (Teanopus) phenax Neotoma (Teonoma) cinerea Xenomys nelsoni Peromyscines? Habromys lepturus Isthmomys pirrensis Megadontomys thomasi Neotomodon alstoni Onychomys leucogaster Osgoodomys banderanus Peromyscus leucopus Podomys floridanus Incertae sedis Baiomys musculus Ochrotomys nuttalli Reithrodontomys (Aporodon) creper Reithrodontomys (R.) sumichrasti Scotinomys xerampelinus After Carleton (1980). After Carleton (1989). cation of South American muroids (e.g., as summarized by Reig, 1984: table 16-1) is thoroughly unsatisfactory from a phylogenetic perspective (see Carleton and Musser, 1989: 53-55; and Voss, 1991: 33-37). Nevertheless, some provisional hypothesis of monophyly must be adopted for any progress to be made in understanding the phylogenetic significance of character distributions in the Neotropical fauna. For the purpose of the analyses that follow, we assume the monophyly of a predominantly Neotropical group of sigmodontine genera in which (1) the entepicondylar foramen of the humerus is absent, (2) the entoglossal process of the basihyal is absent, (3) the tuberculum of the first rib articulates with the transverse processes of the seventh cervical and first thoracic vertebrae, and (4) the glans penis is complex (see Carleton, 1980, NO. 3085 for discussions of the polarity of these character states, and Voss, 1988: 437, for comments about their distribution among Neotropical muroids). This group apparently coincides with the South American Cricetines of Hooper and Musser (1964) minus Nyctomys (a Central American tylomyine), and with Reig s (1980) concept of Sigmodontinae. In order to polarize character transformations in the Neotropical muroid fauna, we assume that reasonable outgroup comparisons can be made to North and Central American tylomyines, neotomines, peromyscines, and other genera with simple phalli (Carleton, 1980, 1989). As noted by Voss (1993), this assumption is supported principally by geographic propinquity and biochemical results because morphological evidence that these northern taxa are closely related to Neotropical muroids is currently unavailable. Carleton (1980: table 7) provided much useful outgroup data for the present study, but we examined outgroup exemplars (table 4) for new and hitherto unpolarized characters. We focus on two rival hypotheses about the relationships of Holochilus (sensu lato). Derived resemblances in craniodental morphology noted by Wagner (1842), Winge (1887, 1941), Thomas (1928), Ellerman (1941), and Hershkovitz (1955) suggest that Holochilus and Sigmodon are closely related, an hypothesis that appeared compelling to Reig (1984) whose tribe Sigmodontini contained only these two genera. Hooper and Musser (1964), however, reported similarities in phallic characters between Holochilus and certain species of Oryzomys and suggested that the former might be an oryzomyine rather than a member of Hershkovitz s (1955) sigmodont group. Additional evidence that Holochilus and oryzomyines (sensu Hershkovitz, 1944, 1960) may be closely related was discussed by Baker et al. (1983) and Voss (1991). The taxonomic units of our analysis include Sigmodon hispidus, S. peruanus, Lundomys molitor, Holochilus brasiliensis, H. sciureus, Oryzomys subflavus, and Pseudoryzomys simplex. The two species of Sigmodon were chosen to represent substantially divergent morphologies within the genus; ex-",62226667,3085.0,1993.0,Internet Archive,newgenushespero3085voss,American Museum of Natural History Library,English,http://biodiversitylibrary.org/permissions,In copyright. Digitized with the permission of the rights holder.
Scotinomys xerampelinus,"The purpose of this paper is to report new data available for two species of Amblyopinus in Panama, A. emarginatus and A. tiptoni. We are now able to provide detailed information on host and elevational specificity of these species. Additionally, we examined specimens previously reported from Panama and provide a reevaluation of this material.",34570414,100.0,1987.0,Internet Archive,proceedingsofb1001987biol,Smithsonian Libraries and Archives,English,https://biodiversitylibrary.org/permissions,In copyright. Digitized with the permission of the rights holder.
Scotinomys xerampelinus,"From 15 May through 10 July 1980, Ronald H. Pine and Robert J. Izor collected small mammals and their ectoparasites in the Cerro Colorado region of western Panama. Mammals were collected at eight localities ranging from 900 to 1856 m (see Pine and Handley, in prep.). Localities where Amblyopinus was encountered include : Panama, Chiriqui-Bocas del Toro boundary, Cerro Bollo, 3.5 km E of Escopeta, 1800-1856 m (subsequently referred to as the Cerro Bollo locality). Originally cloud forest and elfin woodland, considerable forest remains, though some clearing has been undertaken for surveying purposes. Traps were set along pre-existing paths and paths cut through the forest for the trapline.",34570414,100.0,1987.0,Internet Archive,proceedingsofb1001987biol,Smithsonian Libraries and Archives,English,https://biodiversitylibrary.org/permissions,In copyright. Digitized with the permission of the rights holder.
Scotinomys xerampelinus,"Species of small mammals taken at this locality (numbers collected in parentheses) include: opossum, Didelphis marsupialis (1); South American mouse-opossum, Marmosa robinsoni (2); blackish small-eared shrew, Cryptotis nigrescens (5); Tomes rice rat, Oryzomys albigularis (50); cloud forest pygmy rice rat, Oryzomys vegetus (2); naked-footed deer mouse, Peromyscus nudipes (15); and Mexican harvest mouse, Reithrodontomys mexicanus (9) (Pine and Handley, in prep.).",34570414,100.0,1987.0,Internet Archive,proceedingsofb1001987biol,Smithsonian Libraries and Archives,English,https://biodiversitylibrary.org/permissions,In copyright. Digitized with the permission of the rights holder.
Scotinomys xerampelinus,"Other species of terrestrial small mammals collected at lower elevations (900, 1275-1325, and 1400-1425 m) include: water opossum, Chironectes minimus; twotoed sloth, Choloepus hoffmanni; forest rabbit, Sylvilagus brasiliensis; Harris rice rat, Oryzomys aphrastus; pygmy rice rat, Oryzomys fulvescens; yellow deer mouse, Peromyscus flavidus; and hispid cotton rat, Sigmodon hispidus. Additionally, 19 species of bats were collected throughout the elevational range (Pine and Handley, in prep.). None of these other mammals were parasitized by Amblyopinus, nor were any Amblyopinus found below 1425 m elevation.",34570414,100.0,1987.0,Internet Archive,proceedingsofb1001987biol,Smithsonian Libraries and Archives,English,https://biodiversitylibrary.org/permissions,In copyright. Digitized with the permission of the rights holder.
Scotinomys xerampelinus,"An attempt was made to collect every beetle encountered, although a small number escaped. The actual number that escaped is uncertain, but represents only a very small percentage of those captured. None of the beetles which escaped were from hosts or elevations which differ from those reported here (R. Izor and R. Pine, pers. comm.). Thus, these data provide an informative representation of beetle distribu-",34570414,100.0,1987.0,Internet Archive,proceedingsofb1001987biol,Smithsonian Libraries and Archives,English,https://biodiversitylibrary.org/permissions,In copyright. Digitized with the permission of the rights holder.
Scotinomys xerampelinus,"Standing up high above this desolate region is the great rocky peak of Mt. Chiriqui, which I believe I am the only man to have climbed. The summit is a towering rock, its extreme point so sharp and narrow that I had to straddle it. Under one foot was a sheer fall of some 900 feet, under the other a sharp slope of 600 or 700. I found no signs of any previous ascent, but left two records of my own visit. From the top I looked down on the waters of the Caribbean Sea and of the Pacific Ocean, seeing distinctly the",15494192,69.0,1920.0,Internet Archive,mammalsofpanamaw00gold,Smithsonian Libraries and Archives,English,,Public domain. The BHL considers that this work is no longer under copyright protection.
Scotinomys xerampelinus,"Color.-Type: Upper parts in general blackish, finely and inconspicuously mixed with rusty, producing a blackish brown effect except on the rump where the black is strongly predominant; under parts overlaid with cinnamon (Ridgway, 1912), the basal tone near slate color; forearms and thighs blackish; ears thinly clothed with blackish hairs; feet and tail all around dusky.",34563798,48.0,1935.0,Internet Archive,proceedingsofbi481935biol,Smithsonian Libraries and Archives,English,https://biodiversitylibrary.org/permissions,In copyright. Digitized with the permission of the rights holder.
Scotinomys xerampelinus,"Skull.-Very similar to that of S. . teguina but lighter in general structure; rostrum narrower and slightly shallower; nasals extending slightly farther posteriorly between premaxillae; zygomatic plate narrower; incisive foramina less extended posteriorly (ending in anterior plane of first upper molars instead of passing beyond this plane as in teguina); dentition about the same. Size and general form about as in S. t. irazu, but frontal region less depressed near the median line anteriorly; maxillary arm of zygoma broader near line of contact with frontals (as viewed from above); nasals longer, extending farther posteriorly beyond ends of premaxillae; supraoccipital projecting farther posteriorly over foramen magnum.",34563798,48.0,1935.0,Internet Archive,proceedingsofbi481935biol,Smithsonian Libraries and Archives,English,https://biodiversitylibrary.org/permissions,In copyright. Digitized with the permission of the rights holder.
Scotinomys xerampelinus,"Apparently specifically distinct from A. teguina. Size of that species; tail, longer; pelage very long and fluffy with but little lustre; colors, paler-more yellowish, less reddish brown; under parts grayish (strong cinnamon rufous in A. teguina) ; skull lighter and more delicate; rostrum lighter; nasals narrower; palatal slits rather wider; audital bulle slightly larger; molar-form teeth heavier-wider.",15494245,69.0,1920.0,Internet Archive,mammalsofpanamaw00gold,Smithsonian Libraries and Archives,English,,Public domain. The BHL considers that this work is no longer under copyright protection.
Scotinomys xerampelinus,"The little Akodon of the summit of Voican de Chiriqui is very different from the one found at lower altitudes and is entitled to full specific rank. The three examples were taken on the desolate top of the Volcano, a little below actual timber line, but still where the forest had become stunted and sparse. Like A. teguina apricus they were found in open rocky country. (Bangs, . c.)",15494245,69.0,1920.0,Internet Archive,mammalsofpanamaw00gold,Smithsonian Libraries and Archives,English,,Public domain. The BHL considers that this work is no longer under copyright protection.
Scotinomys xerampelinus,"12 AMERICAN MUSEUM NOVITATES TABLE 1 Outgroup Exemplars Surveyed (See accompanying text for explanation) Tylomyines? Nyctomys sumichrasti Otonyctomys hatti Ototylomys phyllotis Tylomys mirae Neotomines? Hodomys alleni Nelsonia neotomodon Neotoma (N.) floridana Neotoma (Teanopus) phenax Neotoma (Teonoma) cinerea Xenomys nelsoni Peromyscines? Habromys lepturus Isthmomys pirrensis Megadontomys thomasi Neotomodon alstoni Onychomys leucogaster Osgoodomys banderanus Peromyscus leucopus Podomys floridanus Incertae sedis Baiomys musculus Ochrotomys nuttalli Reithrodontomys (Aporodon) creper Reithrodontomys (R.) sumichrasti Scotinomys xerampelinus After Carleton (1980). After Carleton (1989). In the absence of a well-corroborated cladistic classification of New World muroids, I made the following assumptions: (1) A Neotropical muroid complex united by absence of the entepicondylar foramen of the humerus, a double articulation of the first rib with the transverse processes of the seventh cervical and first thoracic vertebrae, and absence of an entoglossal process of the basihyal, is monophyletic; these character states were identified as derived for muroids by Carleton (1980), and the Neotropical complex that shares them corresponds to Hooper and Musser s (1964) South American cricetines minus Nyctomys (see also Voss and Linzey, 1981; and Voss, 1988). (2) The sister groups to this predominantly South American muroid fauna are to be found among the tylomyines, neotomines, peromyscines, and NO. 3073 other muroids with simple phalli that inhabit North and Central America; no derived morphological attributes unambiguously support this assumption, which is instead supported only by biochemical comparisons (Sarich, 1985) and geographic proximity. Unattributed statements about outgroup character states in the accounts below are based on my examination of exemplar species (table 1). Because Thomasomys and Oryzomys, as currently recognized (e.g., by Musser and Carleton, 1993), each include a heterogeneous collection of unrevised and poorly understood nominal species, the comparisons that follow are restricted to their respective types, 7. cinereus and O. palustris; reference series of both are listed in the Appendix. These accounts do not exhaust the inventory of subtle differences that could be described among Delomys and the typical species of Thomasomys and Oryzomys, but instead emphasize trenchant contrasts, especially in craniodental characters that have traditionally been cited as evidence for intergeneric relationships. Ungual tufts: The dorsal surface of the muroid hindfoot is typically covered with a sparse, short pelage, but distinctively longer hairs are rooted at the bases of the claws. In Delomys and Thomasomys cinereus, these ungual hairs exceed the claws in length and form dense, silvery tufts. In Oryzomys palustris, however, the hairs at the bases of the claws are short and do not form distinct tufts; as a consequence, the claws of this species appear naked and conspicuous. Tufts of long ungual hairs are uniformly present in tylomyines, neotomines, peromyscines, and other sigmodontines with simple phalli. The condition shared by Delomys and Thomasomys cinereus would therefore seem to represent the primitive morphology for Neotropical muroids. Plantar pads: The plantar surface of the hindfoot of Delomys and Thomasomys cinereus 1s provided with two metatarsal pads (thenar and hypothenar) and four interdigital pads; all six are large, fleshy mounds that stand out prominently from the rest of the plantar epithelium (which is smooth over the proximal metatarsus but wrinkled and indistinctly squamate distally). The plantar surface of the hindfoot in Oryzomys palustris, however, has only five plantar pads; the lat-",62238501,3073.0,1993.0,Internet Archive,revisionbrazili3073voss,American Museum of Natural History Library,English,http://biodiversitylibrary.org/permissions,In copyright. Digitized with the permission of the rights holder.
Scotinomys xerampelinus,"GENERAL CHARACTERS: A mediumsized, uniformly dark-colored Scotinomys with length of tail nearly equal to the combined length of head and body; pelage long, soft, and full, considerably longer on the head than height of the ears, in dried skin. Larger and darker in color than Scotinomys trazu. Similar to Scotinomys xerampelinus from Volcan Chiriqui but color darker and more tawny, tail longer, and skull more elongate.",63982902,1279.0,1945.0,Internet Archive,fournewscotinomno12good,American Museum of Natural History Library,English,http://biodiversitylibrary.org/permissions,In copyright. Digitized with the permission of the rights holder.
Scotinomys xerampelinus,"Description: General color of upperparts nearly uniform Prout s Brown, darker on rump at base of tail, the fur Dark Neutral Gray from base for most of its length, tipped with Cinnamon-Brown and heavily mixed with long fine black guard hairs; color of underparts slightly paler than back and without the admixture of black guard hairs; fore and hind feet and tail Mummy Brown; ears blackish brown except for a few Cinnamon-Brown hairs on upper anterior border; hairs on lips and underside of mouth white. Skull long and slender, with a long narrow rostrum and slender nasals; braincase small, smooth, moderately inflated and constricted anteriorly; supraorbital ridges undeveloped; interorbital region narrow and inflated over orbits; zygomatic arches slender'and not expanded, their sides parallel; interparietal narrow anteroposteriorly; anterior palatine foramina short and narrow, not quite reaching plane of anterior border of first molars; posterior border of palate squared and not drawn out into a median notch; bullae small but well inflated; nasals conterminous posteriorly with premaxillae. Masseteric process of the zygomatic plate only slightly developed and the plate elevated in front of the first molar.",63982902,1279.0,1945.0,Internet Archive,fournewscotinomno12good,American Museum of Natural History Library,English,http://biodiversitylibrary.org/permissions,In copyright. Digitized with the permission of the rights holder.
Scotinomys xerampelinus,"sized species with long soft fur, long tail, and needs no close comparison with races of the teguina group which have relatively close glossy pelage and a short tail. The underparts of longipilosus are only a shade lighter than its back; the color element being restricted and the hair long give a finely mixed cinnamon and dark gray effect. The skull is especially narrow in relation to its length, and the interorbital region is extended posteriorly, resulting in a small globular braincase and elimination of the supraorbital shelves. S. longipilosus resembles xerampelinus in the length of the pelage, but the element color is more cinnamon and the skull of the latter is broader and heavier with a much larger braincase.",63982902,1279.0,1945.0,Internet Archive,fournewscotinomno12good,American Museum of Natural History Library,English,http://biodiversitylibrary.org/permissions,In copyright. Digitized with the permission of the rights holder.
Scotinomys xerampelinus,"Description: Color of upperparts light Brussels Brown with little luster. The fur is Dark Neutral Gray from base for most of its length and broadly tipped with light Ochraceous-Tawny and sparsely mixed with long black hairs; cheeks and underparts clear Ochraceous-Buff; entire ear covered with fine Ochraceous-Tawny and black hairs, the light-colored hairs predominating. Feet, Mummy Brown but lightened by the presence of grayish brown hairs. The tail is exceptionally short and apparently complete. Skull large with a slender rostrum; nasals moderately long, narrow, tapered to a point posteriorly and extending slightly beyond the posterior",63982902,1279.0,1945.0,Internet Archive,fournewscotinomno12good,American Museum of Natural History Library,English,http://biodiversitylibrary.org/permissions,In copyright. Digitized with the permission of the rights holder.
Scotinomys xerampelinus,"The distribution of Oligoryzomys vegetus, as now understood, accords closely with a region of Middle American topography already recognized by zoogeographers and variously labeled the Costa Rica-Chiriqui Highlands (Slud 1964), the Talamancan Province (Savage 1966), or the Cordilleran Faunal Area (McPherson 1985, 1986). (Middle America is here understood to include Central America north of the Panamanian isthmus and most of Mexico exclusive of the Mesa Central.) The middleto high-elevation mountains in Costa Rica and western Panama, harboring cool and perennially moist forests, have figured prominently in the historical zoogeography and phyletic diversification of Central American amphibians and reptiles (Savage 1966, 1982) and birds (Slud 1964, Stiles 1983), vertebrate groups which contain a large number of species and genera endemic to the region. Small terrestrial mammals do not exhibit such high degrees of endemism as these other vertebrates; nonetheless, the area has played an important role in their phylogenetic history as well, especially as demonstrated for Rodentia by McPherson (1985, 1986). Many rodent species either reach their southern or northern limits of distribution in the Cordilleran Faunal Area or are hypothesized to have originated there in situ.",34572187,108.0,1995.0,Internet Archive,proceedingsofb1081995biol,Smithsonian Libraries and Archives,English,https://biodiversitylibrary.org/permissions,In copyright. Digitized with the permission of the rights holder.
Scotinomys xerampelinus,"Review and enhancement of McPherson s (1985) taxonomic and distributional data indicate that at least one genus (Syntheosciurus), 14 species, and two strongly differentiated subspecies of small mammal are limited to the mountains of Costa Rica and western Panama and their humid forest associations (Table 5). Most of these taxa occur in both the Chiriqui region of western Panama and the Talaman-",34572187,108.0,1995.0,Internet Archive,proceedingsofb1081995biol,Smithsonian Libraries and Archives,English,https://biodiversitylibrary.org/permissions,In copyright. Digitized with the permission of the rights holder.
Scotinomys xerampelinus,"Standing up high above this desolate region is the great rocky peak of Mt. Chiriqui, which I believe I am the only man to Have climbed. The summit is a towering rock, its extreme point so sharp and narrow that I had to straddle it. Under one foot was a sheer fall of some goo feet, under the other a sharp slope of 600 or 700. I found no signs of any previous ascent, but left two records of my own visit. From the top I looked down on the waters of the Caribbean Sea and of the Pacific Ocean, seeing distinctly the",30263152,69.0,1920.0,Internet Archive,smithsonianmisce691921smit,Smithsonian Libraries and Archives,English,,Public domain. The BHL considers that this work is no longer under copyright protection.
Scotinomys xerampelinus,"? The purported presence of Peromyscus winkelmanni in mountains both to the west (Michoacan, Sierra de Coalcoman) and east (Guerrero, Sierra Madre del Sur) of the Rio Balsas seems improbable. We have tried unsuccessfully to locate and confirm the identification of the specimens (not listed by museum number) from near Filo de Caballo, Guerrero, that have served as the basis for reports on the species karyology, systematic relationships, and vicariant biogeography (Smith et al. 1989, Sullivan Kilpatrick 1991, Sullivan et al. 1997). Until these specimens resurface or the site is revisited, the presence of P. winkelmanni in the Sierra Madre del Sur, and its import for past biotic connections across the arid basin of the Rio Balsas, should be viewed as suspect.",35518882,115.0,2002.0,Internet Archive,proceedingsofb1152002biol,Smithsonian Libraries and Archives,English,https://biodiversitylibrary.org/permissions,In copyright. Digitized with the permission of the rights holder.
Lonchophylla robusta,"218 Annals of Carnegie Museum VOL. 62 Eptesicus fuscus, Lasiurus cinereus, Tadarida brasiliensis, and Molossus aztecus. Noticeably unreported from the mountains of northern Central America is Eptesicus brasiliensis, a pronounced hiatus between known localities in Chiapas and Costa Rica (Hall, 1981). The montane species Sturnira mordax is endemic to Costa Rica and western Panama (Olmos and de Sousa, 1989) and not known northward. The name iudovici Anthony, 1924, has been applied to the remaining larger Sturnira of montane Middle America (de la Torre, 1961). We concur with Timm et al. (1989) that these fruit bats will probably prove to represent a composite of species and that true S. Iudovici is an Andean endemic. Consequently, Goodwin's ( 1 940) name S. hondurensis would be available for these bats in northern Central America. Patterns of occurrence at lower elevations for some species reflect a preference for specific climatic conditions. The distributions of Balantiopteryx plicata, Glossophaga leachii, Carollia subrufa, Uroderma magnirostrum, Artibeus inopinatus, and Molossus coibensis in northern Central America are restricted to drier environments associated with the Pacific slope and dry intermontane valleys. The moisture gradient along the Caribbean and Gulf versants identifies the restricted distributions of Centronycteris, Cyttarops, Micronycteris daviesi, M. nicefori, Tonatia bidens, T. evotis, Mimon cozumelae, M. crenulatum, Lonchophylla robusta, Hylonycteris, Carollia castanea, Vampyrodes, Vampyressa nymphaea, V. pusilla, Ectophylla, Dermanura watsoni, Thyroptera discifera, Myotis albescens, M. riparius, Pipistrellus, Bauerus, and Molossus bondae. The bat faunas of the coastal countries of El Salvador (58) and Belize (69) are characterized by species indicative of the dry Pacific coastal region in the former and wet Caribbean lowlands of the latter. The limited montane habitats in El Salvador support additional species such as Sturnira Iudovici, Dermanura azteca, Enchisthenes hartii, and Myotis velifer, which increase species composition. Upland regions in Belize are not as elevated and the known fauna lacks montane species and is limited to Dermanura tolteca, a species of intermediate elevation. The northernmost neotropical localities for Micronycteris nicefori, Phyllostomus hastatas, and Lichonycteris obscura are in southern Belize. Acknowledgments We thank the following personnel for their assistance with loans, hospitality during visits to their collections, and correspondence concerning various inquiries: K. F. Koopman, G. G. Musser, W. Fuchs (AMNH); C. L. Smart (ANSP); P. D. Jenkins (BMNH); D. A. Schlitter, S. B. McLaren (CM); C. A. Woods, L. Wilkins (FLMNH); B. D. Patterson, R. J. Izor (FMNH); R. M. Timm (KU); J. A. and G. Ibarra (MNHNG); T. L. Yates, W. L. Gannon (MSB); J. L. Patton (MVZ); J. L. Eger, W. Hlywka (Royal Ontario Museum); D. J. Schmidly, G. D. Baumgardner, P. Cato (TCWC); R. J. Baker, S. L. Williams, R. D. Owen, J. Arroyo-Cabrales (TTU); J. R. Northern (UCLA); P. Myers, P. K. Tucker (UMMZ); S. Rores (UNAH); S. G. Perez C. (USAC); C. O. Handley, Jr., D. E. Wilson, L. K. Gordon (USNM); J. A. Campbell, J. L. Darling (UTACV); B. J. Hayward (WNMU). Our long-distance correspondence with M. Tranier, Museum National d Histoire Naturelle, Paris; R. Angermann, Museum flir Naturkunde der Humboldt, Berlin; and F. Dieterlen (SMNS) is especially appreciated. F. Dieterlen generously provided the loan of the F. C. Sarg specimens, P. Savoie brought the Belizean Phyllostomus hastatus to our attention. T. R. Howell assisted our historical search for W. B. Richardson s early collecting localities in Nicaragua; M. LeCroy and G. G. Musser kindly allowed us access to the bird and mammal archives at the American Museum; C. Fisher and S. J. Woolfall, Merseyside County Museum, Liverpool, provided critical information for D. Dyson from their files. R. K. LaVal provided information from his past field work. H. Sommer applied his translation skills to the German literature. M. del Mar L. and M. Felix C. kindly edited McCarthy s Spanish abstract. K. F, Koopman, C. J. McCoy, R. M. Timm, and D. E. Wilson reviewed and enhanced our manuscript. P. Brunauer and C. Casto-Gomey patiently typed various versions of this manuscript.",52454556,62.0,1993.0,Internet Archive,annalsofcarnegi621993carn,Smithsonian Libraries and Archives,English,https://www.biodiversitylibrary.org/permissions/,In Copyright. Digitized with the permission of the rights holder
Lonchophylla robusta,"14 Occasional Papers, Museum of Texas Tech University cates that the lower lip of A. cadenai does not have any evidence of the adaptations described for A.fistulta (Muchhala et al. 2005). Anoura cadenai can be sepa rated from A. fistulata by the presence of a sulcus in the upper canines and by its upper incisors that are in contact when viewed from below, in contrast to the space present in A. fistulata. The occipitals in A. fistulata extend farther back (lateral view) in com parison with the flatter occipital region of A. cadenai. The mastoid region of A. fistulata is broader than the mastoid region in A. cadenai , and A. fistulata has a more conspicuous lambdoid crest. From a ventral view, A. cadenai differs from A. fistulata due to the presence of pointed projections of the palatal bone. In addition, A. cadenai is characterized by a reduced or absent keel at the mandible symphisis in comparison to the well developed mandible symphisis in A. fistulata, the presence of a well developed keel in A. fistulata is likely to be associated with the lower lip and tongue adaptations (Muchhala et al. 2005). The holotype of A. fistulata was collected on the eastern versant of the Ecuadorian Andes where the species seems to be widely distributed (Muchhala et al. 2005). Out of the nine collecting localities mentioned in the description of A. fistulata , just two of them (Bellavista and Guajalito) are located on the western versant of the Ecuadorian Andes. The Andes of Ecuador and Co lombia have been suggested to be an effective barrier to gene flow between bat populations from the eastern and western versants (Baker et al. 2004). Due to simi larities in size ranges between A. fistulata and A. cadenai , a revision of specimens of A. fistulata from western Ecuador is suggested to clarify their affini ties. Measurements .-Table 5 presents the external and cranial measurements of the holotype and three paratypes. Etymology .-We name Anoura cadenai after Dr. Alberto Cadena, curator of the collection of mammals of the Instituto de Ciencias Naturales, who has dedi cated his life to the study of the Colombian mamma lian fauna. Dr. Cadena has not only contributed to the knowledge of Colombian mammals but also has mentored several generations of Colombian mammalogists. Both authors have had the privilege to share Dr. Cadena s knowledge and friendship. Remarks .-At the type locality, A. cadenai oc curs in sympatry with A. caudifer. Other bat spe cies collected from the same locality include the Emballonurids Balantiopteryx infusca and Peropteryx kappleri , the furipterid Furipterus horrens, and the Phyllostomids Artibeus jamaicensis, A. lituratus , Carolliaperspicillata , Chiroderma salvini, Dermanura rava, D. glauca, D. phaeotis, Desmodus rotundus, Lonchophylla robusta, Mimon crenulatum , Table 5. External and cranial measurements o Anoura cadenai holotype ( ) andICNparatypes. External and cranial measurements 1-26 are described in the Appendix. External Measurements ICN Sex Age 1 2 3 4 5 6 7 8 9 10 11 12 13 9152 Male Adult 59 0 11 12 36.85 12.04 36.46 12.37 35.01 8.45 30.41 7.96 4.9 9151 Male Adult 60 0 10 14 36.97 12.43 36.99 12.11 32.83 9.66 29.91 7.98 4.22 9153 Male Adult 60 0 10 12 36.7 11.28 36.05 12.1 35 8.48 30.07 8.2 4.33 9154 Male Adult 61 0 10 10 36.12 10.19 36.46 12.58 34.14 8.57 29.29 7.46 5.33 Average 60 0 10 12 36.66 11.49 36.49 12.29 34.25 8.79 29.92 7.9 4.695 Cranial Measurements ICN Sex Age 14 15 16 17 18 19 20 21 22 23 24 25 26 9152 Male Adult 23.8 8 12 4 4.53 9.71 8.66 9.69 4.27 20.4 ND 16.9 3.9 9151 Male Adult 23.4 8 13 5 4.46 10.4 8.5 9.76 4.44 20.8 7.78 17.7 4.12 9153 Male Adult 23.1 8 12 4 4.57 10.27 8.4 9.34 4.21 20.1 7.87 17.1 4.48 9154 Male Adult 23.2 8 12 4 4.58 ND 8.82 9.66 4.33 20.1 8.52 16.4 4.2 Average 23.4 8 12 4 4.53 10.13 8.96 9.61 4.31 20.3 8.05 17.0 4.175",57665330,261.0,2006.0,Internet Archive,systematicssmal261mant,Museum of Texas Tech University,English,http://biodiversitylibrary.org/permissions,In copyright. Digitized with the permission of the rights holder.
Lonchophylla robusta,"BiOl.OGY OF THE PHYIT.OSTOMATIDAE 319 Palmer (1954) stated that Li ptonycferis probably feeds on flowers. Sanborn (1954) maintained that these bats feed on insects from night-blooming flowers because cactus pollen has been found in some of the stomachs examined. Hoffmeister (1957) gave the diet as nectar, pollen, and insects. According to Walker et aL (1964), LQ'piouyaens is known to visit the flowers of Malvaviscus ami perhaps jimsonweed Datura) and to eat the fruits of cacti. Genus Lonchophylla Thomas LonchophyNa rnordax Insects, fruits, nectar, and pollen. Ruscht (1953 ) recorded the diet as insects, succulent fruit, nectar, and pol len. Lonchophylla concava Pollen, nectar, and insects. How'ell and Burch (1974) reported the following food materials recovered from six Costa Rican specimens of L, coucava: one with nectar and Mucuna pollen, two with nectar and Musa pollen, and three with the remains of Lepidoptera. Lonchophylla robusfa Pollen, nectar, fniit, and insects. Wille (1954) considered L. robusta to be a nectar-eating bat. Fleming et ai. (1972) examined the stomachs of 17 specimens from Costa Rica and Panama, Ten per cent plant materia! and 90 per cent insect remains were found in the only stomach containing food items. Howell and Burch (1974) did not find any plant material in their three L, rohusta from Costa Rica; however, they did find the remains of Lepidoptera, Coleoptera, and Streblidae, 5 m nary.-Nothing has been published on the food habits of Uynchophylia hesperia and L. thomasi. Walker et at. (1964) remarked that Lonchophylla feeds on flowers and the diet may consist of nectar, pollen, insects, and fruit. Duke s (1967) mention of nectar and possibly overripe fruit, pollen, and insects in the diet of Panamanian species of Lonchophylla may apply to all species in the genus. Goodwin (1946:312) wrote that Umchophylia. , . is to some extent a nectar feeder, and uses its long tongue to lap up the honeyed liquid from the large nightblooming flowers. I have seen L. thomasi feeding at banana flowers in eastern Peni and many of these bats had their heads and shoulders dusted with pollen. Genus Lionycteris Thomas Lionycteris spurrelti The diet is unknown; however, the food habits of Lionycieris likely are similar to those of Umchophylla.",55007419,13.0,1977.0,Internet Archive,biologybatsneww13bake,Museum of Texas Tech University,English,http://biodiversitylibrary.org/permissions,In copyright. Digitized with the permission of the rights holder.
Lonchophylla robusta,"360 ANNALS OF THE MISSOURI BOTANICAL GARDEN VoL. 68 40 vg 0 V MR ME NN f eo ot Ae 2485 NN 1 WS! IASON GA T? (e RAAT Nos Figure 11. Distribution of Lionycteris spurrelli (solid line). third, curasoae, is confined to extreme northern South America and reaches several offshore islands. Genus Lonchophylla .-Five species may be recognized in this fairly primitive genus. Lonchophylla thomasi has basically an Amazonian distribution but reaches Panama. Lonchophylla mordax (including concava) ranges from Costa Rica to Ecuador and also occurs in eastern Brazil, the two discontinuous portions of the range often being considered two species. Lonchophylla robusta ranges from Nicaragua through lower Central America and northwestern South America to Peru. The recently described bokermanni (Sazima et al., 1978) is known only from a small area in southeastern Brazil. Finally, L. hesperia is known only from a relatively arid area in southwestern Ecuador and northwestern Peru. Genus Lionycteris .-The single species, spurrelli, of this primitive genus is basically Amazonian but reaches Panama. Genus Anoura .-This fairly primitive genus probably contains only three species (Nagorsen Tamsitt, 1981). Anoura caudifer is confined to",27282508,68.0,1981.0,Internet Archive,mobot31753003566368,"Missouri Botanical Garden, Peter H. Raven Library",English,https://biodiversitylibrary.org/permissions,In copyright. Digitized with the permission of the rights holder.
Lonchophylla robusta,"2004 M1 and M2, although M1 is longer (anteroposterior dimension) than M2, with overall smaller M3. The first two molars of thomasi and mordax are similar in length and height. The lower outer incisors of chocoana are trilobed, as they are in thomasi. Lower incisors are rarely trilobed in robusta; m. mordax has trilobed incisors, but m. concava does not; and incisors are bilobed in handleyi. The height of the lower incisors is roughly the same as the width of these teeth in all species of Lonchophylla. The lower premolar dentition of chocoana resembles that of handleyi. In robusta the maximum height (dorsoventral dimension) of the series corresponds to p3, and the maximum length (anteroposterior dimension) corresponds to p4. In handleyi, p4 is the highest and longest tooth of the series, and in comparison the p4 of chocoana is narrow (lateral dimension). In contrast, the longest lower premolar of thomasi and mordax is p2. The height of the premolars in thomasi is roughly the same throughout the premolar series, whereas in mordax p4 is the highest premolar (dorsoventral dimension). The first molar of chocoana is the widest and longest of the molar series. This is the same condition as in handleyi, although m1 of handleyi is slender in comparison. In robusta the m1 is slightly wider (lateral dimension) than m2, which in turn is wider than m3. In robusta m1 is the longest molar (anteroposterior dimension). The differences among the molars are less marked in mordax and thomasi, particularly the latter. Although m1 is the longest molar (anteroposterior dimension) in both species, height and width vary only slightly along the series. The coronoid process in Lonchophylla chocoana is high and oriented at an angle of about 110 with respect to the toothrow, as in robusta. In handleyi the coronoid process projects at an angle of around 130 . Both thomasi and mordax show even greater angles, as well as a longish (anteroposterior dimension) coronoid process in comparison to their larger congeners. NATURAL HISTORY Both known specimens of Lonchophylla chocoana were captured in ground-level mist nets. The notes on the specimen from Alto DAVALOS: NEW SPECIES OF LONCHOPHYLLA 9 Tambo indicate that it was captured along with other glossophagines (Anoura spp.) in a disturbed secondary forest in nets left open overnight due to continuous rain (Burton Lim, personal commun.). The specimen from La Guaraperia was also captured in secondary forest, between dusk and 2200 hours, along with Anoura caudifera, A. cultrata, and A. geoffroyi (Cadena et al., 1998). The survey in Narifio additionally captured Lonchophylla robusta and L. mordax within the same general region at the Altaquer locality. Both specimens were captured in early March: at Alto Tambo on 3 March 1996, and at La Guaraperia on 12 March 1995. Although these data are scant, some aspects are noteworthy. First, L. chocoana currently seems rare in its range; one specimen from Alto Tambo prompted this investigation, and the search for conspecifics only found 1 more among 11 specimens of largebodied Lonchophylla from west of the Cordillera Occidental of Colombia. As noted above, a few large Lonchophylla from western Colombia and Ecuador reported in the literature might correspond to chocoana. Only further sampling can document the complete range and the rarity of chocoana. Second, as with other Lonchophylla, chocoana can be captured using ground-level mist netting. At Paracou, French Guiana, and in southern Venezuela, most L. thomasi were captured using ground-level mistnets (Handley, 1976; Simmons and Voss, 1998), as were all L. robusta individuals of the Smithsonian Venezuelan Project (Handley, 1976) and all L. robusta from Tambito, Colombia (Davalos and Guerrero, 1999). Third, the habitat associated with the capture of L. chocoana has been characterized as disturbed, and the simultaneous capture of other glossophagines probably indicates the presence of local food resources, regardless of the habitat condition. Little is known about the ecological niche of species in this genus, but observed diversity in body size and habitat choice (from dry scrub to lowland rainforest) indicates that there is some sort of partitioning in feeding and roosting ecology. These ecological characteristics become more intriguing now that three species of Lonchophylla have been found in similar habitats, as they were in the",60798695,3426.0,2004.0,Internet Archive,newchocoanspeci3426dayv,American Museum of Natural History Library,English,http://biodiversitylibrary.org/permissions,In copyright. Digitized with the permission of the rights holder.
Lonchophylla robusta,"We evaluated whether populations within the genus Micronycteris corresponded to different independently evolving evolutionary lineages (the General Lineage Species Concept of de Queiroz 1999; 2007) when two or more independent lines of evidence supported their distinctiveness. For that, we used the following different lines of evidence: (1) identification of monophyletic lineages in the mtDNA and mtDNA",64287518,1028.0,2021.0,Virtual Item,vi210914v1028202120250323010118,Pensoft Publishers,English,https://biodiversitylibrary.org/permissions,In copyright. Digitized with the permission of the rights holder.
Lonchophylla robusta,"ern subspecies. I find Mexican specimens that fully equal his measurements for typical D. rotundus, and Paraguayan examples that exceed those measured by him. But, while individuals are practically indistinguishable the southern race averages considerably larger, the difference in size seemingly more noticeable in the skulls than in external dimensions. The rather scanty material available from Panama indicates that the region is inhabited by a form somewhat intermediate in size but nearest to D. r. murinus.",15494361,69.0,1920.0,Internet Archive,mammalsofpanamaw00gold,Smithsonian Libraries and Archives,English,,Public domain. The BHL considers that this work is no longer under copyright protection.
Lonchophylla robusta,"A few vampires were found clinging in a recess of the highvaulted roof of a limestone cave in the forest near Cana. Four secured as specimens had their stomachs distended with blood which had thickened and become very dark in color. One of these that had been knocked down was only partially disabled, and on being rather incautiously handled suddenly snapped at my finger. The canine teeth were not brought to bear, but the upper incisors neatly scooped out and completely removed a bit of skin leaving a wound from which blood flowed freely. In other parts of the same cave were colonies of Hemiderma perspictllatum aztecum, Hemiderma castaneum, Glossophaga soricina leachu, Lonchophylla robusta, and Lonchophylla concava.",15494361,69.0,1920.0,Internet Archive,mammalsofpanamaw00gold,Smithsonian Libraries and Archives,English,,Public domain. The BHL considers that this work is no longer under copyright protection.
Lonchophylla robusta,"38 SPECIAL PUBLICATIONS MUSEUM TEXAS TECH UNIVERSITY Lonchophylla robusta Miller, 1912 Measurements of Lonchyphylla robusta have been recorded as follows: Miller (1912) and Goodwin (1946), external and cranial measurements of the male holotype and a female from Panama; Hall and Kelson (1959), external and cranial measurements of the holotype and a female topotype; Walton (1963), external and cranial measurements (mean, sd, se, range) of specimens from Panama (N 21) and Costa Rica (A 10); Valdivieso (1964), external and cranial measurements of one female from Colombia; Tuttle (1970), external measurements of one male and one female and cranial measurements of the female from Peru; Gardner (1976), external and cranial measurements of a male from Peru. Secondary sexual variation .-According to Walton (1963), no sexual dimorphism in size was evident in specimens from Panama and Costa Rica. Geographic variation. -Walton (1963) found specimens from Panama to be larger than those from Costa Rica. Of seven external measurements, three (total length, length of hind foot, ear length) proved to be significantly different, whereas in nine cranial measurements there were four (skull length, skull width, interorbital width, width of rostrum at canines) that showed significant differences. Lonchophylla thomasiJ. A. Allen, 1904 Measurements for Lonchophylla thomasi have been recorded as follows: J. A. Allen (1904), external and cranial measurements of the male holotype from Venezuela; Goodwin (1953), forearm and cranial measurements of the holotype; Husson (1962), external and cranial measurements of two males and one female from Surinam; Hill (1964), forearm and cranial measurements of a male from Guyana; Gardner (1976), external and cranial measurements (mean, range) of six males and six females combined from Peru. Monophyllus plethodon Miller, 1900 Measurements of Monophyllus plethodon have been recorded as follows: Miller (1900a), external and cranial measurements of the male holotype of M. plethodon from Barbados, Lesser Antilles; Miller (1902a), external and cranial measurements of the male holotype of M. p. luciae from St. Lucia, Lesser Antilles, and of the holotype of M. p. plethodon ; Elliot (1904), external and cranial measurements of a specimen from Barbados and one from St. Lucia; Anthony (1917), cranial measurements of the holotype and two additional specimens (sub-Recent fossils) of M. frater from Puerto Rico; Anthony (1918, 1925), cranial measure ments of three specimens of sub-Recent fossils from Puerto Rico; Goodwin (1953), a cranial measurement of the holotype of M. p. frater (subfossil) from Puerto Rico; Hall and Kelson (1959), external and cranial measurements of the holotype of M. plethodon, M. luciae, and cranial measurements of the holotype and two topotypes of M. frater, Schwartz and Jones (1967), external and cranial measurements of specimens from Angulla, Barbuda, Antigua, Dominica, St. Lucia, and Barbados; Choate and Birney (1968), cranial measure ments of six males and nine females from Dominica and of one sub-Recent fossil from Puerto Rico; Koopman (1968), forearm and cranial measurements of one male from Dominica, a specimen from Antigua, and one female from Anguilla; Homan and Jones (19756), external and cranial measurements (range) of Lesser Antillean representatives of the species (after Schwartz and Jones, 1967). Geographic variation .-Schwartz and Jones (1967) have recently reviewed geographic variation in Monophyllus plethodon. They recognized three subspecies occurring on Puerto Rico and the Lesser Antilles. One subspecies was known only as a fossil from Puerto Rico. Specimens of M. plethodon on Barbados were distinguished from all other Lesser Antillean populations by overall small size.",56534536,,,Internet Archive,specialpublicati1619texa,"Harvard University, Museum of Comparative Zoology, Ernst Mayr Library",English,http://biodiversitylibrary.org/permissions,In copyright. Digitized with the permission of the rights holder.
Lonchophylla robusta,"BIOLOGY OF THE PHYLLOSTOMATIDAE 209 FC d e Fig. 2. -Semidiagramatic representations of the stomachs of selected glossophagines and a carolliine. The hatched area indicates the region of pylofundic transition glands: a, Glossophaga soricina; b, Hylonycteris underwoodr, c, Lonchophylla robusta; d, Lichonycteris obscurer, e, Carol!ia perspicillata. Scale is 10 mm. for e; for all others, 8 mm. Symbols are FC, fundic caecum; CV, cardiac vestibule. planes. A small cardiac vestibule has been observed in some specimens, but seems to be absent in others. This variable feature possibly is an individual response to opportunistic feeding by this species. Glossophaga commissarisi has a stomach that is similar to that of G. soricina except for its even more distinctive cardiac vestibule. The fundic caecum is relatively longer and narrower than that of G. soricina. The pyloric tube is enlongated and more distinctive than in G. soricina. Even though stomachs of Hylonycteris underwoodi , Lonchophylla robusta, Anoura geoffroyi, Choeronycteris mexicana, and Leptonycteris all bear a general resemblance to those in Glossophaga , distinguishing characteristics can be observed in most. For example, Hylonycteris has a relatively long, narrow fundic caecum that is nearly tubular and is marked by numerous deep sulci. The extemely broad pyloric tube is short, but decidedly arched from left to right. The stomachs of Anoura geoffroyi and Choeronycteris mexicana bear striking resemblance to those of Glossophaga. In comparison to the other glossophagines, Lonchophylla robusta has an unusual stomach in that both the cardiac vestibule and fundic caecum are developed distinctively. The gross morphology of this stomach approaches that of some fruit-eating stenodermines. The stomachs of Leptonycteris nivalis and L. sanborni are nearly identical. They also are somewhat distinctive because of an unusually elongated, extremely pointed fundic caecum. Also, the terminal portion of the stomach (pylorus) is tubular and elongated to the point of being recurved to lie juxtaposed to the cardiac vestibule. Therefore, the stomach assumes a C-shaped configuration",56534707,,,Internet Archive,specialpublicati1619texa,"Harvard University, Museum of Comparative Zoology, Ernst Mayr Library",English,http://biodiversitylibrary.org/permissions,In copyright. Digitized with the permission of the rights holder.
Lonchophylla robusta,"In recent years, new species and a genus of the subfamily Lonchophyllinae were described: Lonchophylla peracchii Dias, Moratelli Esberard, 2013, L. inexpectata Moratelli Dias, 2015, and Hsunycteris Parlos, Timm, Swier, Zeballos Baker, 2014 (Dias et al. 2013, Parlos et al. 2014, Moratelli and Dias 2015). For the description of bat species, morphological and morphometric characteristics are usually employed, but the use of other tools such as cytogenetic analysis can provide essential information for evolutionary relationships of bats (Varella-Garcia and Taddei 1989, Garcia and Péssoa 2010), as already seen for rodents, for example (Romanenko and Volobouev 2012). Although there are few cytogenetic data for Lonchophyllinae, they were nevertheless informative for systematic rearrangements of this taxon (see Parlos et al. 2014).",64394531,10.0,2016.0,Virtual Item,vi210879v10no1201620250323015021,Pensoft Publishers,English,https://biodiversitylibrary.org/permissions,In copyright. Digitized with the permission of the rights holder.
Lonchophylla robusta,"In Brazil, there are records for five species of this genus: Lonchophylla bokermanni Sazima, Vizotto Taddei, 1978, Lonchophylla dekeyseri Taddei, Vizotto Sazima, 1983, Lonchophylla inexpectata, Lonchophylla mordax Thomas, 1903 and the new species, Lonchophylla peracchii mentioned above. There are karyotype data available until now for the two congeneric taxa from outside the country, Lonchophylla robusta Miller, 1912 and Lonchophylla concava Goldman, 1914 (Parlos et al. 2014), but no cytogenetic data were available for Brazilian species. Therefore, this study is the first to describe",64394531,10.0,2016.0,Virtual Item,vi210879v10no1201620250323015021,Pensoft Publishers,English,https://biodiversitylibrary.org/permissions,In copyright. Digitized with the permission of the rights holder.
Lonchophylla robusta,"The striking external resemblance of Lonchophylla to Glossophaga has been pointed out in remarks on that genus. The skull is longer and easily distinguishable from that of Glossophaga, by the incom. plete zygomatic arch, and the differing form of the incisors, the upper median pair being relatively narrower, higher and more projecting forward, and the lower series having trifid cutting edges. The teeth are 34 in number. Two species inhabit the region under review.",30263304,69.0,1920.0,Internet Archive,smithsonianmisce691921smit,Smithsonian Libraries and Archives,English,,Public domain. The BHL considers that this work is no longer under copyright protection.
Lonchophylla robusta,"The species was first collected by August Busck in a cave on the Chilibrillo River near Alhajuela, in 1911. In the following year specimens were obtained by me in a limestone cave at about 2,000 feet altitude on the slope of the Pirre Mountains near Cana. The same cave was inhabited by Lonchophylla concava, Glossophaga soricina leachu, Hemiderma perspicillatum aztecum, Hemiderma castaneum and Desmodus rotundus murinus.",30263304,69.0,1920.0,Internet Archive,smithsonianmisce691921smit,Smithsonian Libraries and Archives,English,,Public domain. The BHL considers that this work is no longer under copyright protection.
Lonchophylla robusta,"Specimens collected by W. W. Brown, Jr., on San Miguel Island and at Bugaba, Chiriqui, have been recorded by Bangs (1901, p. 644, 1902, p. 50) who remarks that the series of 13 specimens from the latter locality presents a wide range in the color of the upper parts, varying from hair-brown to russet, with every intermediate shade. Seventeen specimens obtained at Boqueron by J. EH. Batty are listed by Allen (1904, p. 78). examples taken by the same collector are recorded by Thomas (1903a, p. 39) from the following small islands off the south coast of western Panama ; Sevilla, Jicaron, Gobernador, Brava, Insolita, and Cebaco. Hahn (1907) in his revision of the genus, published records of specimens examined by him from Panama (city), Boqueron, and Colon. Seven examples from Panama (city), as shown by Hahn (1907, p. 112) had been erroneously assigned by Bangs (1900, p. 213) to Hemiderma castaneum.",15494348,69.0,1920.0,Internet Archive,mammalsofpanamaw00gold,Smithsonian Libraries and Archives,English,,Public domain. The BHL considers that this work is no longer under copyright protection.
Lonchophylla robusta,"The chestnut short-tailed bat resembles Hemiderma perspicillatum astecum very closely, but is distinguished by smaller size, the forearm measuring about 37 millimeters instead of about 42 millimeters, as in the latter species. The difference in size seems still more apparent when skulls of the two species are compared. The smaller Hemiderma is rare while the larger is probably the most abundant bat throughout the region under consideration.",15494348,69.0,1920.0,Internet Archive,mammalsofpanamaw00gold,Smithsonian Libraries and Archives,English,,Public domain. The BHL considers that this work is no longer under copyright protection.
Lonchophylla robusta,"In size, color and general external appearance Lonchophylla concava very closely resembles Glossophaga soricina leachti and examination of the skull is necessary to determine it with certainty. The ears are more pointed, however, and the longer more protruding upper incisors may distinguish it from the Glossophaga in specimens with the skulls in place. The forearm of the type measures 33.9 millimeters.",15494345,69.0,1920.0,Internet Archive,mammalsofpanamaw00gold,Smithsonian Libraries and Archives,English,,Public domain. The BHL considers that this work is no longer under copyright protection.
Lonchophylla robusta,"A single specimen of this species was obtained in a limestone cave at about 2,000 feet altitude on the slope of the Pirre Mountains near Cana. The cave was also inhabited by Lonchophylla robusta, Glossophaga soricina leachit, Hemiderma perspicillatum astecum, Hemiderma castaneum, and Desmodus robustus murinus. Owing to the remarkable resemblance to Glossophaga s. leachii the specimen was at first referred to that species.",15494345,69.0,1920.0,Internet Archive,mammalsofpanamaw00gold,Smithsonian Libraries and Archives,English,,Public domain. The BHL considers that this work is no longer under copyright protection.
Lonchophylla robusta,"In the general form of the skull L. concava closely approaches L. mordax Thomas, the type species of the genus, and exhibits a corresponding departure from L. hesperia G. M. Allen in which the skull is relatively much narrower and more elongated. The greater attenuation of the rostrum in L. hesperia leaves the third upper molar implanted well in front of the maxillary processes of the zygoma as in the genus Cheronycteris, instead of in the same horizontal plane with these processes as in L. mordax. On the other hand L. concava approaches L. hesperia in the narrowness of the second upper premolar, the conspicuous inner lobe present in L. mordax being reduced to a slight swelling bearing a small cusp. The aberrant character of L. hesperia has been pointed out by Miller (1912, p. 24) who remarks: The animal is so different from the other known forms of Lonchophylla that it can hardly be regarded as a member of the same genus. Although widely different from L. hesperia, L. concava combines characters which tend to bridge the gap between that species and the more typical forms of the genus.",15494345,69.0,1920.0,Internet Archive,mammalsofpanamaw00gold,Smithsonian Libraries and Archives,English,,Public domain. The BHL considers that this work is no longer under copyright protection.
Lonchophylla robusta,"216 SPECIAL PUBLICATIONS MUSEUM TEXAS TECH UNIVERSITY in comparison with that of other phyllostomatids. In many species having welldeveloped fundic caeca, the staining is stronger in the foveolae of the fundic glands of the caecum than elsewhere in the fundus. Mucus possibly accumulates to a greater extent in the caecum than elsewhere in phyllostomatids. Mucous cells beneath the surface (the so-called mucous neck cells), which are scattered among the parietal cells, react much more variably to the PAS reaction than do the surface columnar cells. Mucous neck cells of frugivorous species generally are less reactive than are those of carnivorous and omnivorous kinds. Those of Desmodus (and perhaps the other desmodontines) react only weakly. The upper portions of the tubules of cardiac and pyloric glands stain intensely with PAS. There is only slight variability among species. As in the case of fundic glands, reactivity in these upper portions is somewhat reduced in frugivorous species. Among studied species, the most intense reaction has been found in an omnivore, Phyllostomus discolor. The quantity of gastric mucus in this species exceeds that of frugivorous phyllostomatids. On the other hand, in Desmodus the reactivity is weak in comparison with nondesmodontine phyllostomatids. Two procedures, or their variants, have been employed in an effort to elaborate the relatively acidic components of gastric mucus in phyllostomatids. Forman (1972) employed Alcian blue 8GX, and Rouk (1973) and Forman (19716) used Hale s colloidal iron procedure in efforts to categorize acid mucopolysaccharides in stomachs of selected species of phyllostomatids. A summary of their results is presented here. Acid mucopolysaccharides are found most consistently in the cardiac glands (those at the gastroesophageal junction) and within the few transitional and fundic glands adjacent to the cardiac glands. Nearly all species of phyllostomatids studied to date showed some positive staining of cardiac glands. The only exceptions are species of Sturnira (including S. lilium, S. ludovici, and S. mordax ). In these species, the cardiac glands are either weakly reactive or non reactive to procedures intended to demonstrate the presence of acid mucopolysaccharides. Present evidence also suggests that Centurio and Desmodus have reduced amounts of acid mucopolysaccharides in their cardiac glands. The reaction of the pyloric glands to Hale s colloidal iron and Alcian blue is similar to that of the cardiac glands. There is, however, less consistency among species, less uniformity within the zone of pyloric glands, and often less intensity in comparison to the histologically similar cardiac glands. In most species of phyllostomatines, the pyloric glands are nonreactive; the exception is Vampyrum spectrum, in which these glands are weakly reactive with Hale s colloidal iron. In the glossophagines, there are two general conditions of stainability of the pyloric glands with Alcian blue and Hale s colloidal iron. With Hale s iron (as employed by Rouk, 1973) pyloric glands stain intensely within the basal one-third of the tubules in Glossophaga soricina and Lonchophylla robusta. Forman (19716) studied glossophagine cardiac glands with Alcian blue. In his study of five species of glossophagines, the lower portion of each pyloric gland tubule was Alcian blue positive in three ( Glossophaga soricina, G. commissarisi,",56534714,,,Internet Archive,specialpublicati1619texa,"Harvard University, Museum of Comparative Zoology, Ernst Mayr Library",English,http://biodiversitylibrary.org/permissions,In copyright. Digitized with the permission of the rights holder.
Lonchophylla robusta,B a group of common vampire bats (Desmodus rotundus) with pups C sword-nosed bats (Lonchorhina aurita) D Parnell s mustached bats (Pteronotus parnellii) E Jamaican fruit bat (Artibeus jamaicensis) F greater sac-winged bat (Saccopteryx bilineata) G Goldman s nectar bat (Lonchophylla concava) H a group of Seba s short-tailed bats (Carollia perspicillata) with an albino pup I hairy-legged vampire bat (Diphylla ecaudata) with a pup J orange nectar bat (Lonchophylla robusta) K fringe-lipped bat (Zrachops cirrhosus) L greater spear-nosed bat (Phyllostomus hastatus).,64283714,47.0,2023.0,Virtual Item,vi211047v47202320250323010409,Pensoft Publishers,English,https://biodiversitylibrary.org/permissions,In copyright. Digitized with the permission of the rights holder.
Lonchophylla robusta,"Our literature review and field observations of cave-dwelling fauna in Costa Rica yielded a database of 959 records encompassing 123 species, with the remainder mentioning higher taxonomic levels. Some literature records are expedition reports that introduce the possibility of misidentification, particularly in cases involving closely related species. However, the information gathered undoubtedly represents a valuable depiction of the current state of knowledge regarding cave-dwelling fauna in Costa Rica. There are a few noteworthy records of possible troglobites, which are typical cave-dwelling organisms morphologically adapted to subterranean life. Notably, a freshwater crab from Southern Costa Rica, Pseudothelphusa puntarenas, has been described as a cave dweller (Hobbs, 1994). Furthermore, various specimens of springtails (TZrogolaphysa sp.) and mites (Rhagidiidae) from Barra Honda (Palacios 1994) exhibit morphological adaptations that are indicative of cave life. Similarly, a single harvestman species from Southern Costa Rica (Goodnight and Goodnight 1983) displayed morphological",64283714,47.0,2023.0,Virtual Item,vi211047v47202320250323010409,Pensoft Publishers,English,https://biodiversitylibrary.org/permissions,In copyright. Digitized with the permission of the rights holder.
Lonchophylla robusta,"Hoffmeister (1970) has recognized the problem of summer vs. winter ranges of temperate North American bats and collected all data available to him for these seasonal ranges in the state of Arizona, There have been other studies as well, but these are the principal ones. Assuming that the ranges of all migratory species can be determined for various times of the year, there is still the problem of when and where mating occurs. Most bats are small, nocturnal, and difficult to observe under natural conditions, so direct observation of mating is rarely possible, though this has been done in some cases (see Thomas et al., 1979). Where a particular species is physiologically capable of mating only during a limited part of the year, indirect evidence such as presence of sperm in the epididymes of males and of active ovulation and fresh vaginal plugs in females, may fix the time and place of mating quite accurately. This kind of evidence is unfortunately available for very few species of migratory bats. The determination of sympatry in a true biological sense will probably entail work by many investigators operating in different places for a long period of time.",37028666,,,Internet Archive,advancesinherpet00will,"Harvard University, Museum of Comparative Zoology, Ernst Mayr Library",English,https://biodiversitylibrary.org/permissions,In copyright. Digitized with the permission of the rights holder.
Lonchophylla robusta,"During the course of determining geographical and altitudinal ranges of Peruvian bats (Koopman, 1978), I found a rather peculiar distributional pattern emerging in several cases. Though some 75 species were widespread in the Amazon basin, ten had essentially Andean distributions, ranging considerable distances along this mountain chain but not evidently extending far to the east of it. Five of these (Sturnira erythromos, S. bidens, Vampyrops vittatus, Vampyressa melissa, Myotis keaysi) are not known below 1,000 m (the semiarbitrary upper limit for the lowlands) in Peru, but five others (Lonchophylla robusta, Sturnira",37028666,,,Internet Archive,advancesinherpet00will,"Harvard University, Museum of Comparative Zoology, Ernst Mayr Library",English,https://biodiversitylibrary.org/permissions,In copyright. Digitized with the permission of the rights holder.
Lonchophylla robusta,"bogotensis ( ludovici ), Vampyrops dorsalis, Artibeus harti, Myotis oxyotus), although in most cases occurring in the highlands, are also known below 1,000 m. Even among the species apparently confined to the highlands in Peru, two species (V. vittatus and M. keaysi) are known from lower elevations in Venezuela (Handley, 1976). What keeps these five (or perhaps seven) Andean lowland species from extending their ranges across the Amazon basin as so many other eastern Peruvian lowland species have done? One possibility might be reduced rainfall farther east as the climatic influence of the Andes lessens. However, judging by the rainfall map that Haffer (1974: 17) gives, such is not the case. The only other explanation I can think of is that those species that are restricted to the vicinity of the Andes require caves or rock crevices for roosting and are not able to use trees for this purpose as the species that spread across the Amazon basin obviously can. Unfortunately, most collections of these Andean species have been made by netting and little or no data on roosts are available. It is, of course, possible that some presently unknown factor affecting forest composition and therefore food or roosting sites might explain this anomalous. distribution pattern. However, this seems unlikely since species which feed on nectar, on fruit, and on insects and belong to two quite distinct families fall into this pattern. Another point to be emphasized is that bats actually live in two quite different environments, that of the roost and that of the foraging area. These may be separated by many miles and require quite different adaptations. Thus, different species may have similar roosting habits but forage under quite different conditions and vice versa. Where a number of species occur in the same general area, as in tropical America, it is difficult to determine which of these two general factors is more important in restricting numbers and distribution of a given species.",37028666,,,Internet Archive,advancesinherpet00will,"Harvard University, Museum of Comparative Zoology, Ernst Mayr Library",English,https://biodiversitylibrary.org/permissions,In copyright. Digitized with the permission of the rights holder.
Lonchophylla robusta,"BIOLOGY OF THE PHYLLOSTOMATIDAE 333 Lonchophylla concava Although there are few reports giving reproductive condition (Table 5), these are from sufficiently distinct times of the year as to suggest the possibility of more than one birth peak per year. Lonchophylla robusta Apparently, reproductively active individuals of this species have not been recorded. The capture of inactive females in several months of the year (Table 5) suggests an asynchronous reproductive cycle. Lonchophylla thomasi No data are available concerning the reproductive pattern of this species. Lionycteris spurrelli The only published record of reproductive activity in L. spurrelli is that of Tuttle (1970), who reported a pregnant female taken in August in Peru. Anoura geoffroyi Alvarez and Ramirez-Pulido (1972) netted 12 males but no females at the mouth of a cave in Michoacan and suggested that this species may form sexually segregated colonies. The data of Goodwin and Greenhall (1961) from Trinidad support this notion for certain times of the year. They reported 20 males and 25 females in June; 29 males and one female in October; and 32 males and 56 fe males in November-all from the same caves. Their data also recommend a discrete breeding season occurring late in the rainy season, a rather unusual pat tern for phyllostomatids. See Table 5. Anoura caudifer Pregnancy records (Table 5) from several months throughout the year suggest an asynchronous reproductive cycle. Additional data from other months of the year would be useful in discerning the true reproductive patterns. Anoura cultrata Gardner et al. (1970) reported a pregnant female from Costa Rica taken in August. They also collected males in February, May, and July and gave testicular measurements. Anoura werckleae Nothing is known about the reproductive pattern of this species. Anoura brevirostrum When Carter (1968) described A. brevirostrum from Peru, he included data from a lactating female and two inactive females taken in August.",56534831,,,Internet Archive,specialpublicati1619texa,"Harvard University, Museum of Comparative Zoology, Ernst Mayr Library",English,http://biodiversitylibrary.org/permissions,In copyright. Digitized with the permission of the rights holder.
Lonchophylla robusta,"1982 GRIFFITHS: NECTAR-FEEDING BATS 25 basihyal ceratohyal M. ceratohyoideus epihyal stylohyal auditory bulld thyrohyal M. cricothyroideus trachea M. thyrohyoideus ) M. styloglossus M. jugulohyoid. M. stylopharyngeus M. sternothyroideus Fic.17. Ventral view of the hyoid apparatus and larynx ofa phyllostomine bat, Macrotus waterhousii. Bar 1 mm. INSERTION: This muscle passes anteriorly to insert by raphe in the fibers of the hyoglossus and in the superficial fibers of the geniohyoideus muscle. There is no connection to the hyoid apparatus. OTHER GLOSSOPHAGINES: The sternohyoideus is similar in Monophyllus, Lichonycteris, Lonchophylla, Lionycteris, and Platalina. In Leptonycteris, Anoura, Hylonycteris, Choeroniscus, and Choeronycteris the origin of the sternohyoid is similar to that in Glossophaga. The insertion is in the fibers of the hyoglossus, and in the highly modified circular insertion of the geniohyoideus (see M. geniohyoideus). In one individual of Lonchophylla robusta and Lionycteris spurrellii there was a remnant of the basihyal tendon present. OTHER Bats: In the Brachyphyllinae, this muscle originates from a point slightly posterior to the normal origin, although not shifted as far posteriorly as in the glossophagines. In Erophylla, medial fibers of this muscle originate from the anterior body of the sternum (not the manubrium), whereas more lateral fibers of this muscle originate from the lateral manubrium and proximal head of the clavicle. In Erophylla, the medial fibers alone have a shifted origin. In both Brachyphylla and Phyllonycteris, the medial fibers take origin from the anterior body of the sternum as well, but also the more lateral fibers have a shifted origin too. They take origin from the proximal head of the first rib, instead of from the lateral manubrium. In both Brachyphylla and Phyllonycteris, there are extremely weak, lateralmost fibers that retain the origin from the medial head of the clavicle. In all three genera, the insertion of the sternohyoid is via tendon to the basihyal bone. In all other phyllostomids except Desmodus, this muscle originates from the dorsal surface of the manubrium of the sternum, and from the medial head of the clavicle and sterno-clavicular articulation. In Desmodus, the origin is similar to that of Phyllonycteris. COMMENTs: Obviously, the posterior shift of the origin of the sternohyoid muscle is an apomorphous condition, as in the insertion into the fibers of the hyoglossus, rather than the basihyal bone. All three brachyphyllines,",62308872,2742.0,1982.0,Internet Archive,systematicsneww2742grif,American Museum of Natural History Library,English,http://biodiversitylibrary.org/permissions,In copyright. Digitized with the permission of the rights holder.
Lonchophylla robusta,"GRIFFITHS: NECTAR-FEEDING BATS 1982 ww, M. geniohyoideus M. styloglossus iy M. sternomastoideus M. hyoglossus M. digastricus M. genioglossus N. hypoglossus M. geniohyoideus, deep insertion M. mand.-hyoid. M. sternohyoideus Fic. 7. Ventral view of the deep hyoid musculature of Lonchophylla robusta. Bar 1 mm. this is a well-defined muscle that originates from the medial stylohyal and passes medially and anteriorly to insert by tendon on the hyoid bone at the ceratohyal epihyal joint. In Erophylla this muscle is very reduced; it inserts on the ceratohyal only. In all phyllostomines and stenodermatines dissected, this muscle is absent. The muscle is absent in",62308903,2742.0,1982.0,Internet Archive,systematicsneww2742grif,American Museum of Natural History Library,English,http://biodiversitylibrary.org/permissions,In copyright. Digitized with the permission of the rights holder.
Lonchophylla robusta,"and the exceedingly rare species Macrophyllum macrophyllum. They were clinging singly in the vicinity of massed clusters of the Hemiderma. We were allowed to approach quite near, the bats watching _ us suspiciously, their frequent squeaks and quivering ears showing their alertness. One was seen to extend its long tongue the full length and then retract it much as a dog does when stretching.",30263303,69.0,1920.0,Internet Archive,smithsonianmisce691921smit,Smithsonian Libraries and Archives,English,,Public domain. The BHL considers that this work is no longer under copyright protection.
Lonchophylla robusta,"Small colonies were located in two shallow caves along the rocky coast a short distance west of the Pacific entrance to the Panama Canal. In these caves scattered individuals were hanging along crevices in half-lighted places. One cave was shared with Phyllostomus hastatus panamensis and Hemiderma p. astecum, the other with the Hemiderma and Saccopteryx bilineata. Others were clinging to the roof of a limestone cave on the mountain side several miles below the Darien gold mines at Cana. In other parts of the same cave were colonies of Hemiderma p. aztecum, Hemiderma castaneum, Lonchophylla robusta, Lonchophylla concava and Desmodus rotundus murinus.",30263303,69.0,1920.0,Internet Archive,smithsonianmisce691921smit,Smithsonian Libraries and Archives,English,,Public domain. The BHL considers that this work is no longer under copyright protection.
Lonchophylla robusta,"Panama long-tongued bats occur from Nicaragua to Peru . This monotypic species normally is found in forested habitats, but it also occurs in agricultural areas. They are known to roost in caves in colonies that can be fairly sizable (Handley 1966). Food items include pollen, nectar, fruit, and insects (Gardner 1977). Nothing is known of the reproductive cycle, although we collected a pregnant female in April in Braulio Carrillo.",45625171,,,Internet Archive,mammalsoflaselva75timm,"U.S. Department of Agriculture, National Agricultural Library",English,,Not provided. Contact Holding Institution to verify copyright status.
Lonchophylla robusta,"The first Costa Rican specimens were collected by J. DeAbate in 1956 (Walton 1963). The first specimens from the Caribbean lowland were reported by Armstrong (1969) from Los Diamantes near Guapiles. LaVal and Fitch (1977) reported 12 from La Selva. We located a roost under a jumble of huge boulders along a stream near the 700-m campsite in Parque Nacional Braulio Carrillo. All our specimens were captured in mist nets set across the stream just above the roost, except for a single individual netted in the forest near 1,000 m.",45625171,,,Internet Archive,mammalsoflaselva75timm,"U.S. Department of Agriculture, National Agricultural Library",English,,Not provided. Contact Holding Institution to verify copyright status.
Lonchophylla robusta,"This bat is much more common in second growth and disturbed habitats than in primary forest. Roosts are known from caves, tunnels, hollow trees, and culverts (Pine 1972). A variety of fruits and some insects are consumed by these bats (Gardner 1977). They exhibit the bimodal polyestrous reproductive pattern common to many phyllostomids (Wilson 1979).",45625171,,,Internet Archive,mammalsoflaselva75timm,"U.S. Department of Agriculture, National Agricultural Library",English,,Not provided. Contact Holding Institution to verify copyright status.
Lonchophylla robusta,"This species was hidden in the synonymy of C. perspicillata until the work of Pine (1972). It frequently has been confused with that species and, in many areas especially at higher elevations, actually may be much more common than C. perspicillata. This is the case at La Selva, where LaVal and Fitch (1977) captured 461. In Parque Nacional Braulio Carrillo, it is reasonably common in disturbed habitats up to about 700 m in elevation. Ectoparasites we collected from C. brevicauda include two species of streblid bat flies, Speiseria ambigua (1 female) and Trichobius joblingi (1 female).",45625171,,,Internet Archive,mammalsoflaselva75timm,"U.S. Department of Agriculture, National Agricultural Library",English,,Not provided. Contact Holding Institution to verify copyright status.
Lonchophylla robusta,"64 BULLETIN AMERICAN MUSEUM OF NATURAL HISTORY NO. 248 E Fig. 23. Anterior views of the chins of representative phyllostomids and outgroup taxa. A. Desmodus rotundus (AMNH 267503). B. Phyllostomus hastatus (AMNH_ 202308). C. Lonchophylla robusta (AMNH 267452). D. Choeroniscus intermedius (AMNH 266122). E. Rhinophylla pumilio (AMNH 267163). F. Uroderma bilobatum (AMNH 268564). G. Pteronotus davyi (AMNH 214413). Scale bar 1 mm. of Sphaeronycteris also have a completely smooth chin, but one individual (USNM 494538) that we examined has an incomplete row of very small, poorly developed papillae on the chin. However, we consider the condition in both Centurio and Sphaeronycteris to be potentially homologous and score both with state 2 in the matrix. Mormoops, Pteronotus, and Noctilio have chins that are partly or completely covered with complex folds of skin . These flaps and folds do not appear to be comparable with the chin pads or papillae seen in phyllostomids, but instead seem to be outgrowths of the lower lip. Pteronotus has a papillated lip pad that covers the area along the lip and is continuous with the pinnae. The papillation is confined to the broader central area of the lip pad. The labial border of the pad is arched, and the mental border has a U-shaped notch. At the lateral corner of the mouth there is a low ridge of skin that is continuous with the pinna and with the lip pad. On the ventral surface of the chin, caudal to the lip pad is a caudal chin flap-a simple skin flap that encompasses the area between the canines. In Mormoops, the lip pad and caudal chin flap are similar to those in Pteronotus, although they are slightly smaller, but there are more complicated foliations connecting these elements. Two sets of lip flaps are present. The superior lip flaps are broad, ruffled foliations that course almost from the corner of the mouth to the posterior face of the lip pad, which they join. The caudal chin flap runs between the posterior surfaces of the superior lip flaps, encompassing the area just below the lip pad. Narrower inferior lip flaps, which are connected to the pinnae, course to just lateral of the point of attachment of the caudal flap to the superior lip flaps, where they too join the",62769266,248.0,2000.0,Internet Archive,phylogenyphyllo248wett,American Museum of Natural History Library,English,http://biodiversitylibrary.org/permissions,In copyright. Digitized with the permission of the rights holder.
Lonchophylla robusta,"The mammalian uterus is a complex, tubular organ which varies considerably in gross morphology. The primitive eutherian uterus is hypothesized to have consisted of two uterine horns (cornua); these open independently into the vagina (Mossman, 1977). Some members of the Chiroptera (see below), Dermoptera, Lagomorpha, and Rodentia have retained this primitive arrangement, whereas derived uterine morphologies have evolved independently in many mammalian orders. Derived morphologies apparently have developed by progressive, caudal to cranial fusion of the uterine horns resulting in the formation of a median, common uterine body. This progression involves two aspects of the uterine horns: 1) superficial tissues of the cornua fuse, and 2) following this external fusion, the internal uterine lumina may become confluent by degeneration of the median septum. However, it is possible that the internal uterine anatomy may be retained in a relatively primitive separated condition despite external fusion of the uterine cornua.",63689648,86.0,1983.0,Internet Archive,occasionalpaper75texa,Smithsonian Libraries and Archives,English,http://biodiversitylibrary.org/permissions,In copyright. Digitized with the permission of the rights holder.
Lonchophylla robusta,"BIOLOGY OF THE PHYLLOSTOMATIDAE 161 as in Micronycteris. The amygdaloid nuclei are relatively small in Vampyrum . The lateral thalamic nuclei project far above the habenular nuclei. The distance of this projection attained in Vampyrum is the greatest within the family. The body of the thalamus is shallow and wide as in Phyllostomus. The pons is wide and shallow, and forms a gently rounded venter to the mesencephalon. The corticospinal fibers coursing through the pons are large and well developed. The superior olivary nuclei are large and well developed, and the inferior olivary nuclei are small and indistinct. Subfamily Glossophaginae Brains of six species ( Anoura geoffroyi, Choeronycteris mexicana, Hylonycieris underwoodi , Leptonycteris sanborni, Lichonycteris obscura, and Lonchophylla robusta ) of this subfamily have been sectioned. The brain of Anoura has an interhemispheric sulcus that bulges to form a shallow cingulate sulcus and continues in linear fashion to terminate above the corpus callosum. There is no callosal sulcus. Cortical cells dorsal to the corpus callosum and substantia alba form a denser layer than the overlying cortex. The lateral olfactory tracts are located on the ventral surface of the cerebrum. The lateral thalamic nuclei project dorsally to a level slightly above the habenular nuclei. The amygdaloid nuclei are relatively small. The thalamic nuclei form a wide shallow body. Dorsal to the superior colliculi, there is a dense layer of cell bodies along the external margin of the interhemispheric sulcus. The pons is shallow and wide and has a flat ventral surface. The superior olivary nuclei are large discrete bodies, whereas the inferior olivary nuclei are small but distinct. In Choeronycteris, the interhemispheric sulcus forms a shallow cingulate sulcus as in Anoura and descends linearly to terminate above the corpus callosum. Cortical cells dorsal to the corpus callosum and substantia alba do not form a dense layer of cell bodies. The lateral olfactory tracts are located on the ventral aspect of the cerebrum. The lateral thalamic nuclei project dorsally a short dis tance above the habenular nuclei. The lateral geniculate bodies are somewhat better developed in this species than in Anoura , and the medial geniculate bodies are well developed. The thalamic nuclei form a shallow, wide thalamus. Cerebral cortical cells overlying the superior colliculi form a dense layer as in Anoura. The pons is shallow and wide, and possesses a flat ventral surface. In Hylonycteris, the interhemispheric sulcus descends linearly to the roof of the corpus callosum. Anteriorly there is a short, shallow cingulate sulcus, but this structure disappears caudally. Cortical cells overlying the corpus callosum and substantia alba do not form a dense layer. The lateral olfactory tracts are ventrally located. The lateral thalamic nuclei project dorsally to a level slightly above the tops of the habenular nuclei. The amygdaloid nuclei are larger than in Anoura. Cortical cells overlying the superior colliculi do not form a dense layer. The pons is shallow and forms a flat floor to the mesencephalon. In Leptonycteris , the interhemispheric sulcus forms a shallow cingulate sulcus and descends anteriorly almost linearly to the roof of the corpus callosum as in Anoura . There is an indication of a shallow callosal sulcus posteriorly. Cortical",55008922,10.0,1976.0,Internet Archive,biologybatsneww10bake,Museum of Texas Tech University,English,http://biodiversitylibrary.org/permissions,In copyright. Digitized with the permission of the rights holder.
Lonchophylla robusta,"1981 KOOPMAN-NECTAR-FEEDING BATS 367 to find flowers blooming somewhere throughout the year. Since a given species of angiosperm is usually in flower for a limited time, a bat species dependent upon flowers must make repeated shifts. Rigid specialization for a certain type of flower is therefore unlikely, and an unusually long rostrum and tongue need not imply that only flowers with long corollas are visited. This may only mean that during one part (perhaps a very short part) of the year, this bat depends for food on nectar or pollen, which can only be reached with a very long tongue. Nevertheless, when two or more species of nectar-feeding bats occur in the same area at the same time, one would expect some niche-partitioning of the flowers visited, assuming of course that some other necessary resource (such as roosting sites) was not in shorter supply. So far, direct evidence of this is virtually nonexistent. I have already mentioned various nectar-feeders which seem to be restricted to arid regions (Leptonycteris, Lonchophylla hesperia, Platalina, Choeronycteris, Musonycteris). However, most flower-feeding bats occur in the wet tropics. As indicated above, the most distinctive geographical separation is between mainland and West Indian species. There is also a weak separation on the mainland between South and Middle American species. I have checked wet tropical areas where collections have been extensive and where more than three species of nectar feeders (excluding the arid-adapted ones) are known to occur. I have come up with 10 such limited areas which merit some discussion. Cuba. This large West Indian island has four of the species under discussion (Monophyllus redmani, Brachyphylla nana, Erophylla sezekorni, Phyllonycteris poeyi). As mentioned above, Brachyphylla is only partially a nectar-feeder. Judging by molar tooth patterns, Monophyllus has somewhat different adaptations from Erophylla and Phyllonycteris. Hispaniola. The same species occur as in Cuba, except that Erophylla bombifrons replaces E. sezekorni. Jamaica. This West Indian island also has four nectar-feeding bats (Glossophaga soricina, Monophyllus redmani, Erophylla sezekorni, Phyllonycteris aphylla.) Glossophaga and Monophyllus are at least dentally much more primitive than Erophylla and Phyllonycteris. Sinaloa. This western Mexican state lies near the northern end of the tropics. There are four wet-tropical glossophagines (Glossophaga soricina, G. commissarisi, Anoura geoffroyi, Choeroniscus godmani). Though there is some adaptive spread among these species, it is not clear how they partition the habitats). Oaxaca. This is another western Mexican state, but one less marginal to the tropics. There are six species of the sort under consideration (Glossophaga soricina, G. commissarisi, G. alticola, Anoura geoffroyi, Hylonycteris underwoodi, Choeroniscus godmani). Though the first three are certainly more primitive than the last three, it is not clear how this relates to niche partitioning. Eastern Panama. This area, at the junction of South and Middle America, has seven relevant species (Glossophaga soricina, G. commissarisi, Lonchophylla thomasi, T. mordax, T. robusta, Lionycteris spurrelli, Lichonycteris obscura). Again, there is a fair adaptive spread, but little evidence for niche partitioning. Mérida region. This well-collected area in western Venezuela has six species of nectar-feeders (Glossophaga soricina, G. longirostris, Lonchophylla robusta, Anoura caudifer, A. cultrata, A. geoffroyi). In view of its location near the north-",27282515,68.0,1981.0,Internet Archive,mobot31753003566368,"Missouri Botanical Garden, Peter H. Raven Library",English,https://biodiversitylibrary.org/permissions,In copyright. Digitized with the permission of the rights holder.
Lonchophylla robusta,"Small colonies were located in two shallow caves along the rocky coast a short distance west of the Pacific entrance to the Panama Canal. In these caves scattered individuals were hanging along crevices in half-lighted places. One cave was shared with Phyllostomus hastatus panamensis and Hemiderma p. aztecum, the other with the Hemiderma and Saccopteryx bilineata. Others were clinging to the roof of a limestone cave on the mountain side several miles below the Darien gold mines at Cana. In other parts of the same cave were colonies of Hemiderma p. aztecum, Hemiderma castaneum, Lonchophylla robusta, Lonchophylla concava and Desmodus rotundus murinus.",15494343,69.0,1920.0,Internet Archive,mammalsofpanamaw00gold,Smithsonian Libraries and Archives,English,,Public domain. The BHL considers that this work is no longer under copyright protection.
Lonchophylla robusta,"2000 tomids based on a cladistic analysis of tongue and hyoid morphology, and some consideration of craniodental morphology and karyotypes (fig. 7A; see table 2). As many had before him, Griffiths (1982) proposed that glossophagines were not monophyletic. However, Griffiths (1982) ignited controversy by recognizing a new subfamily (Lonchophyllinae) for Lionycteris, LonchoPhylla, and Platalina (see table 2), and by suggesting that Lonchophyllinae might be more closely related to nonnectar-feeding phyllostomids than to phyllonycterines, glossophagines (s.s.), or brachyphyllines. Winkelmann (1971) and Thomas (1903) had previously suggested a close relationship among these three genera. Winkelmann (1971: 90) indicated that Lionycteris, Lonchophylla, and Platalina formed a natural evolutionary unit, and suggested that this group was not closely related to other nectar feeders. Instead Winkelmann (1971) suggested that each group of nectar feeders had arisen from phyllostomine-like ancestors. In Griffiths (1982) tree , Lionycteris and Lonchophylla were sister taxa and formed a clade with Platalina. The lonchophylline clade was not united with the rest of the cladogram to signify the possible close relationship of lonchophyllines to other nonnectar-feeding phyllostomids. Brachyphylla appeared as the sister taxon of the phylonycterine-glossophagine clade, although Griffiths (1982) considered this placement tentative because he could identify only one potential synapomorphy uniting this group. Subsequently, Griffiths (1985) changed his assessment of the relationship of Brachyphylla to Phyllonycterinae when he described several derived dental features of a brachyphylline (s.1.) clade. Griffiths (1985) further suggested that this group shared a common ancestor with Glossophaginae. However, in Griffiths (1982) tree, Phyllonycterinae (s.s.) appeared as the sister taxon of glossophaWETTERER ET AL.: PHYLOGENY OF PHYLLOSTOMID BATS 25 gines. Within Glossophaginae, Griffiths (1982) found that Hylonycteris, Anoura, and Leptonycteris appeared to be successive sister taxa to Choeroniscus and Choeronycteris. The most basal glossophagine clade consisted of Glossophaga and Monophyllus. Based on characters of the teeth and basicranial region only, Griffiths (1982) placed Musonycteris with Choeronycteris and Scleronycteris with Hylonycteris. Griffiths (1982) placed Lichonycteris as the sister taxon of the Glossophaga-Monophyllus clade based on karyological and dental evidence. Griffiths (1982) conclusions drew criticism from several researchers. Haiduk and Baker (1982) performed a cladistic analysis of G-banded chromosome morphology in nectar-feeding phyllostomids, and their results did not support lonchophylline monophyly. In the tree based on G-band data , the positions of Brachyphylla, Erophylla, Phyllonycteris, Glossophaga, Leptonycteris, and Monophyllus were unresolved. Hylonycteris, Choeroniscus, Lionycteris, Lonchophylla, and Anoura appeared as succesSive sister taxa to Choeronycteris and Musonycteris. Although lonchophyllines did not appear to be monophyletic based on these results, Haiduk and Baker (1982) noted that standard karyotypes of Lonchophylla robusta appeared very similar to the standard karyotype of Lionycteris spurelli. Unfortunately, Gbanded karyotypes of this species were unavailable, and Lonchophylla thomasi, which has a highly derived karyotype, was used. If the G-banded karyotype of L. robusta is more similar to that of Lionycteris, Haiduk and Baker (1982) suggested that it would indicate that these two genera had shared a common ancestor, with L. thomasi subsequently becoming more derived. Thus, lonchophyllines would be monophyletic. Haiduk and Baker (1982) also presented the results of an unweighted parsimony analysis based on the original coding of Griffiths acter weights employed by Griffiths (1982) or karyological and dental data. D. Griffiths (1983; redrawn from fig. 1) response to Haiduk and Baker (1982) was a cladogram based only on hyoid and lingual morphology. E. Smith and Hood s (1984; redrawn from fig. 3B) reanalysis of Griffiths (1982) original data using an all zero outgroup and no character weights.",62769305,248.0,2000.0,Internet Archive,phylogenyphyllo248wett,American Museum of Natural History Library,English,http://biodiversitylibrary.org/permissions,In copyright. Digitized with the permission of the rights holder.
Lonchophylla robusta,"The chestnut short-tailed bat resembles Hemiderma perspicillatum aztecum very Closely, but is distinguished by smaller size, the forearm measuring about 37 millimeters instead of about 42 millimeters, as in the latter species. The difference in size seems still more apparent when skulls of the two species are compared. The smaller Hemiderma is rare while the larger is probably the most abundant bat throughout the region under consideration.",30263308,69.0,1920.0,Internet Archive,smithsonianmisce691921smit,Smithsonian Libraries and Archives,English,,Public domain. The BHL considers that this work is no longer under copyright protection.
Lonchophylla robusta,"skull is relatively much narrower and more elongated. The greater attenuation of the rostrum in L. hesperia leaves the third upper molar implanted well in front of the maxillary processes of the zygoma as in the genus Cheronycteris, instead of in the same horizontal plane with these processes as in L. mordax. On the other hand L. concava approaches L. hesperia in the narrowness of the second upper premolar, the conspicuous inner lobe present in L. mordawx being reduced to a slight swelling bearing a small cusp. The aberrant character of L. hesperia has been pointed out by Miller (1912, p. 24) who remarks: The animal is so different from the other known forms of Lonchophylla that it can hardly be regarded as a member of the same genus. Although widely different from L. hesperia, L. concava combines characters which tend to bridge the gap between that species and the more typical forms of the genus.",30263305,69.0,1920.0,Internet Archive,smithsonianmisce691921smit,Smithsonian Libraries and Archives,English,,Public domain. The BHL considers that this work is no longer under copyright protection.
Lonchophylla robusta,"CADENA ET AL.COLOMBIAN MAMMALS 11 Reproduction .-The male was scrotal, and one of the females was lactating. The other (ICN 13662) was a pregnant female that gave birth to two young within hours after capture and proceeded to eat them within the fol lowing days. Remarks. One individual was caught in a small Sherman trap baited with the peanut mixture, and two were captured in large traps baited with banana. Specimens examined (3).NARINO, Mpio. Baibacoas, Coir. Altaquer: ca. 7 km NE Altaquer, Reserva Natural del Rio Nambi, 1300 m, 3 ( ICN 13660, TOT 216, TAIL 92, HF 26, EAR 15, WHT 55; dICN 13661, TOT214,TAIL 93, HF 24.5, EAR 14.1, WHT51; 9 ICN 13662, TOT 194, TAIL 85, HF 25, EAR 15). Sigmodontomys sp. We caught a single individual of tins medium-sized rat. In South America, its pentalophodont molars place it in either the tnbe Oryzomyini (Voss and Carleton, 1993) or the plesion Thomasomyini (Voss, 1993). Cranially, it has a short palate without postpalatal pits, a well developed alisphenoid strut, and a reduced tegmen tympani (for explanation of characters, see Voss, 1993). The first two characters do not correspond to the phylo genetic diagnosis of the Oryzomyini given in Voss and Carleton (1993), but the third does. We believe this mouse is an oryzomyine and interpret the homoplasies as reversals. Externally, it generally resembles an Oryzomys of the albigularis group (Carleton and Musser, 1995), ex cept for its extremely long tail and longer and more prominent vibrissae. Its converging, though very weak, supraorbital ridges, long tail, glossy buffy brown dorsal pelage, and oval (rather than rectangular) molars serve to ally it with members of the genus Sigmodontomys. Examination of specimens of S. alfari and S, aphrasius, the only two accepted species of the genus (Musser and Carleton, 1993), showed it to be specifically distinct from either of them, especially by its narrow feet and short palate. We believe it is closely related to those two species and to Oryzomys hammondi , a species with closer affinities to S. aphrasius than to any other Oryzomys (Carleton and Musser, 1995). A single speci men of O. hammondi we examined (1JMMZ 155827) showed no supraorbital ridges and a rather weakly devel oped posterior palate, similar to ICN 13663. LMMZ 155827, however, presented a dull, wooly pelage and wide feet, in contrast to the glossy, luxurious, wellordered dorsal pelage and narrow hind feet of ICN 13663, which probably represents an undescribcd mem ber of the genus Sigmodontomys, Habitat. We captured this animal in nearly pris tine forest near the Rio Nambi. Reproduction. The individual was a scrotal male. Remarks. It was caught in a large Sherman baited with the peanut-oats mixture and set near the base of a large tree. Specimen examined (1).NARINO, Mpio. Barbacoas, Corr. Altaquer: ca. 7 km NE Altaquer, Reserva Natural del Rio Nambi, 1300 m, l(d""ICN 13663, TOT 320; TAIL 184; HF 39 (35.8 in museum); EAR 20; WHT 72). DISCUSSION For the Pacific Andean slopes of Narino, the col lected bats add five species to those confirmed for the area, extend the altitudinal ranges of two, and corrobo rate the elevational ranges found in previous studies for the remaining species. 'The inventory produced the first reported voucher specimens of Carolliaperspicillata , Phyllostomus hastatus , Lonchophylla mordax , Lonchophylla robusta , and Eptesicus brasiliensis for the middle elevations of western Narino. Furthermore, Artibeus glaucus is now confirmed up to 1300 m, and Anoura geoffroyi down to 900 m. Anoura caudifera , Carollia brevicauda , Sturnira ludovici, and Myotis nigricans appear widely distributed altitudinally along these slopes (Alberico and Orejuela, 1982; LaVal, 1973; present study). Although Anoura cultrata was captured in both our efforts and those of previous workers (Alberico and Orejuela, 1982), it has not been found here above 870-900 m.",55100631,180.0,1998.0,Internet Archive,colombianmammal180cade,Museum of Texas Tech University,English,http://biodiversitylibrary.org/permissions,In copyright. Digitized with the permission of the rights holder.
Lonchophylla robusta,"60 BULLETIN AMERICAN MUSEUM OF NATURAL HISTORY er width and continuity with the rib of the spear; the internarial ridge is located on the rib between the nostrils in these taxa (e.g., Vampyrum). The form of the internarial structures varies among taxa in which they are present (taxa scored 1 and 2 for this character). For example, Chrotopterus and Vampyrum always have a narrow, undivided internarial ridge, whereas a line of distinct papillae is present in the same location in other taxa (e.g., Macrotus, Trachops). Although we initially considered these to represent distinct conditions, further examination of glossophagines and lonchophyllines led us to discover a series of intermediates between the ridge and papillae conditions. Many glossophagines have a ridge that is subdivided by small grooves (e.g., Glossophaga), whereas in others the internarial structure more closely resembles a series of partly fused papillae (e.g., Lionycteris). The latter condition is also seen in some phyllostomines (e.g., Micronycteris hirsuta). Morphology of internarial structures also appears to vary within species. For example, within Lonchophylla robusta, some individuals (e.g., AMNH 235760) have a solid internarial ridge, whereas others (e.g., AMNH 235761) have an internarial ridge that consists of segments (three in this case) that appear to be elongate papillae. This type of variation leads us to conclude that the ridge and line of papillae represent endpoints of a continuum. As a result, we have not scored ridge and papillae as separate character States. This character has not been used by other authors. Character 23: Sella absent (0); or present (1). The sella (sensu Hernandez and Cadena, 1978) is a fleshy globular or trilobed structure that occurs on the horseshoe just inferior (or anterior) to the proximal end of the internarial ridge or line of papillae, with which it is continuous. Most phyllostomids lack a sella; it is present only in Chrotopterus, Lonchorhina, and Vampyrum. In Chrotopterus and Vampyrum , the sella is a simple spherical structure. In contrast, in Lonchorhina the sella is a complex, trilobed Structure with one anterior and two lateral lobes. It is located just inferior to the nostrils NO. 248 on the edge of the horseshoe . Because the horseshoe is completely bounded inferiorly by an extensive flap of skin in Chrotopterus and Vampyrum (see characters 25 and 26), the sella appears to occur in the middle of the horseshoe; however, it maintains the same position relative to the nostrils as seen in Lonchorhina. We scored mormoopids and Noctilio, which clearly lack a noseleaf, for this character; thus, the primitive condition for phyllostomids cannot be determined a priori. We also scored Centurio and those phyllostomids that are scored with state O of character 22 (no internarial ridge or line of papillae) with for this character. Straney (1980: character G15) described the morphology of the noseleaf in Lonchorhina and Macrophyllum as having lateral and medial projections on basal plate. However, our observations of this region in Macrophyllum indicate that most individuals do not have a trilobed structure (e.g., AMNH 222040). Therefore we do not consider differences in sella morphology as a separate character because we observed the trilobed sella in only one taxon. Character 24: Lateral edges of horseshoe thin and free (0); or superior portion of swollen edge of horseshoe forms free, flaplike edge (1); or swollen lateral edges of horseshoe ridgelike, fused to face along entire length with no free edge (2). The lateral edges of the horseshoe consist of thin, free flaps of skin in most phyllostomids (figs. 19A-C, 20A, 21 A-C). In contrast, in some glossophagines (e.g., Choeronycteris, Hylonycteris) only the superior part of the lateral edge of the horseshoe forms a free, thickened flap, while the inferior part of the horseshoe is fused to the face . In lonchophyllines and some glossophagines (e.g., Anoura, Glossophaga), both the superior and inferior parts of the horseshoe are fused to the face and there is no free edge . In some species of Tonatia (e.g., T. silvicola), both the superior and inferior portions of the horseshoe are fused to the face, whereas in other species (e.g., JT. saurophila) the entire lateral edge of the horseshoe is a thin, free flap. Consequently, we score Tonatia with states O and 2 in the matrix. We scored mormoopids and Noctilio, which clearly lack",62769270,248.0,2000.0,Internet Archive,phylogenyphyllo248wett,American Museum of Natural History Library,English,http://biodiversitylibrary.org/permissions,In copyright. Digitized with the permission of the rights holder.
Lonchophylla robusta,"Parlos et al.-Paraphyletic Assemblages within Lonchophyllinae 3 Lionycteris , Lonchophylla robusta, and L. thomasi. It is noteworthy that six karyotypes, of which five are unique, have been described If om specimens previously identified morphologically as L. thomasi. Karyotypic data generated by recent fieldwork in Latin America permit description of karyotypes for additional species. Comparing the phylogenetic implications of the karyo typic data with those of the sequence and morphologic data-three independent datasets-contributes greatly to understanding the mode and tempo of evolution in this complex of bats. Given the long-standing controversy over rela tionships of these nectar bats and the distinct possibility that the currently recognized taxonomy of the Lon chophyllinae does not adequately reflect their diver sity, we undertook a generic level reassessment of the subfamily. To assess whether the genus Lonchophylla represents a monophyletic lineage, as well as the higher systematic relationships of the genera within the sub family Lonchophyllinae, we used molecular biology in conjunction with karyotype morphology and mor phologically identified specimens. Obtaining tissue for the phylogenetic analysis from all previously described taxa within the Lonchophyllinae was not possible; how ever, tissues or data were obtained for representatives of all genera and a majority of the described species. Herein, two independent nuclear genes Fgb-Yl and TSHB-Y1) in combination with the mitochondrial Cytb gene, karyotypic morphology, and cranial characters were used to determine the taxonomic arrangement that would best reflect the evolutionary relationships of these bats. We focused on the genus Lonchophylla to determine if it represents a single evolutionary lineage or is a paraphyletic assemblage and how many species, as defined by the Genetic Species Concept (Baker and Bradley 2006), might be present. Materials and Methods Taxon sampling. -Tissues were sequenced from specimens housed in the following museums: Angelo State Natural History Collections (ASK), Carnegie Museum of Natural History (CM), University of Kan sas Natural History Museum (KU), Louisiana State University Museum of Zoology (LSUMZ), Scientific Collection, del Museo de Historia Natural de la Universidad Nacional de San Agustin (MUSA), Museum of Vertebrate Zoology (MVZ), Natural Science Re search Laboratory (NSRL) at the Museum of Texas Tech University (TK), Texas Cooperative Wildlife Collection (TCWC), and Museo de Zoologia (QCAZ). Data obtained from GenBank included specimens from the Royal Ontario Museum (ROM). Sequence data, available on GenBank, were included to increase geographic and taxon sampling. Sequence data were generated or obtained from GenBank for Lionycteris , Platalina,Xeronycteris, and nine recognized species of Lonchophylla (L. cadenai , L. chocoana , L. concava, L. handleyi, L. hesperia, L. orienticollina, L. pattoni, L. robusta , and L. thomasi , plus one taxon that remains to be described; Appendix). No sequence data or tis sues were available for L. bokermanni , L. dekeyseri, L. fornicata , L. mordax, L. orcesi, or L. peracchii. Morphologic evaluations. -Specimens acces sioned at the NSRL and KU were morphologically evaluated following recent descriptions (Woodman and Timm 2006; Woodman 2007; Davalos and Cordials 2008; Appendix). Tissue obtained from specimens morphologically evaluated by Woodman and Timm (2006) and Gregorin and Ditchfield (2005) were in cluded in the genetic analyses. All measurements pre sented herein are in millimeters, and weights are given in grams. Crania and forearms were measured with digital calipers to the nearest 0.1 mm. Greatest length of skull (GLS), the one cranial measure reported herein, was measured as the length from the anteriormost tip of the upper incisors to the posteriormost projection of the occiput. Length of forearm (FA) was measured from the posterior extension of the radius-ulna to the most anterior extension of the carpals. Karyotypic methods. -Specimens were karyo typed from bone marrow after 1 h of in vivo incubation with the mitotic inhibitor Velban (Sigma-Aldrich, St. Louis, Missouri), following the methods described by Baker et al. (2003b). No yeast stress was employed and animals were karyotyped the morning after capture",57786077,320.0,2014.0,Internet Archive,evaluationparap320parl,Museum of Texas Tech University,English,http://biodiversitylibrary.org/permissions,In copyright. Digitized with the permission of the rights holder.
Lonchophylla robusta,"has been pointed out in remarks on that genus. The skull is longer and easily distinguishable from that of Glossophaga, by the incomplete zygomatic arch, and the differing form of the incisors, the upper median pair being relatively narrower, higher and more projecting forward, and the lower series having trifid cutting edges. The teeth are 34 in number. Two species inhabit the region under review.",15494344,69.0,1920.0,Internet Archive,mammalsofpanamaw00gold,Smithsonian Libraries and Archives,English,,Public domain. The BHL considers that this work is no longer under copyright protection.
Lonchophylla robusta,"The species was first collected by August Busck in a cave on the Chilibrillo River near Alhajuela, in 1911. In the following year specimens were obtained by me in a limestone cave at about 2,000 feet altitude on the slope of the Pirre Mountains near Cana. The same cave was inhabited by Lonchophylla concava, Glossophaga soricina leachti, Hemiderma perspicillatum astecum, Hemiderma castaneum and Desmodus rotundus murinus.",15494344,69.0,1920.0,Internet Archive,mammalsofpanamaw00gold,Smithsonian Libraries and Archives,English,,Public domain. The BHL considers that this work is no longer under copyright protection.
Lonchophylla robusta,"BIOLOGY OF THE PHYlXOSTOMATlDAE !77 is absent and the inner portion of the enamel layer has a rough, mgose appearance . Tongues and Associated Musculature The gross anatomy of phyllostomatid tongues, except for the structure and distribution of papillae and for the tongues of glossophagines and desmodontines, is similar to that for other groups of microchiropierans. The longues of Arn'heus, CaroHki, and Pliyiiosfomus, as described or figured by several authors, are broad and usually rounded at the apex (Park and Hall, 1951; Lautenschlager, 1935). In many species, the distal portion of the tongue is progressively dorsoventrally compressed. Robin (1881) suggested that the tongue of Macroius usually is some what more pointed and tapered than that of the others mentioned above and also noted that the tongue of Ariiihcus Cperspiciliains ') is substantially different in relative length and topography from that of megachiropterans despite the general similarity in food habits. Dorsal grooves generally seem to be lacking in tongues of fruit-eating phyllostomatids; however, a shallow depression has been described on the posterior surface in Carol I ia and Macroius Park and Hall, 1951). Gross features of glossophagine tongues differ from those of other groups of phyllostomatids. The tongues of these nectar feeders are highly specialized for withdrawing liquid from elongate flower corollas. They are narrow', extremely elongate, highly extensible, and often have a pointed apex (Fig, 34). Winkelmann (1971) examined numerous adaptations for nectar feeding in glossophagines and identified two types of longues, each of which has sub stantially different specializations for drinking nectar. The first group, which consists of Lonchophylla n husia, L, moniax, Lkmycteris spurreiii, and Fkiialina enovensiunu possesses deep laterally placed longitudinal grooves, one on each side. These grooves probably enlarge to fill w-ith nectar during extension. The ventral surfaces of the grooves in Lonchophylla rohusta have numerous elongate papillae that are directed laterally. Other species in this group lack papillae in the grooves. The second group consists of Glossophaga soricitui Anoura geoffroyi, A. caudifer, MouophyliHS rednuinl, Lepionycteris nivalis, L, sanhornk Choeronycteris mexkana, and Musonycteris hatrisoni. The tongues of these lack lateral grooves. A dorsal trough widens posteriorly in the tongues of Li pionycier'iS (Greenbaum and Phillips, 1974), Choeronycteris mexlcana, and Glossophaga soricina Park and Halt, 1951). Most investigations of phyllostomatid tongues have focused upon the nu merous, and sometimes highly specialized and elaborate papillae, which principally adorn the dorsal or, in some cases, the lateral surfaces . Many species of the subfamily Glossophaginae are highly unusual with respect to papillae, and these specializations wdll be considered separately. Two large vallate papillae (Figs. 34, 35) are found on the posterodorsal surface of the tongue in most microchiropterans (Grasse, 1955), and thus their absence in Choeronyaeris and Desmodus, among phyllostomatids, is noteworthy. Papillae are otherwise highly variable in frequency, distribution, and shape among the",55007278,13.0,1977.0,Internet Archive,biologybatsneww13bake,Museum of Texas Tech University,English,http://biodiversitylibrary.org/permissions,In copyright. Digitized with the permission of the rights holder.
Lonchophylla robusta,"McDonough et al.-Bat Survey of Ecuador rophila has a wide range that extends from Mexico to northeastern Brazil and northern Paraguay as well as northwestern Ecuador, whereas Tonatia bidens is restricted to northern Argentina and Paraguay. This specimen from Esmeraldas was compared with T. saurophila GenBank sequences from Guyana, Bolivia, Panama, and eastern Ecuador presented in Baker et al. (2004) and Hoffmann et al. (2008). The genetic data reveal that there is unrecognized diversity within T. saurophila. Individuals from western Ecuador form a distinct clade with 1-2 divergence from individuals from Central America (Baker et al. 2004). Tonatia saurophila collected from western Ecuador are -7 divergent from specimens recognized as conspecifics from eastern Ecuador. Subfamily Glossophaginae Tribe Choeronycterini Anoura caudifer (E. Geoffroy St. St. Hilaire 1818) Specimens collected (1 ).-ZAMORACHINCHIPE PROVINCE: 2.8 km S, 0.6 km W Zamora, Bombuscaro Valley, Cabinas Copalinga, 1 (ASK 7768 QCAZ 8601). Remarks. -A single, pregnant female was cap tured in sympatry with Anoura cultrata. Sequences were not available for comparison on GenBank; how ever, this specimen was identified based on morphology (Griffiths and Gardner 2008). Anoura cultrata Handley 1960 Specimens collected (lc?)--ZAMORA CHINCHIPE PROVINCE: 2.8 km S, 0.6 km W Zamora, Bombuscaro Valley, Cabinas Copalinga, 1 (ASK 7765 QCAZ 8598). Remarks. -According to Tirira (2007) most records of this species have been reported above 900 m elevation. We captured a single individual in mist nets placed along footpaths in secondary forest at an approximate elevation of 936 m. Sequences were not available for comparison on GenBank; however, this specimen was identified based on morphology (Grif fiths and Gardner 2008). 9 Tribe Glossophagini Glossophaga soricina (Pallas 1766) Specimens collected (1 ).-NAPO PROVINCE: 0.16 km N, 0.1 km W Jatun Sacha Biological Station Headquarters, 1 (ASK 7682 QCAZ 8515). Remarks. -Hoffmann and Baker (2001) identi fied two different genetic lineages of G. soricina from both sides of the Andes Mountains. The single indi vidual that we captured from eastern Ecuador clustered (-1.5 divergence) with G. soricina from eastern Peru and other South American specimens from east of the Andes (Hoffmann and Baker 2001). Subfamily Lonchophyllinae Lonchophylla robusta Miller 1912 Specimens collected (lc?).-MORONA SAN TIAGO PROVINCE: 2.0 km S Charupe, Cueva de los Tayos on the Rio Pastaza, 1 (ASK7733 QCAZ8566) (2?).-MORONA SANTIAGO PROVINCE: 2.0 km S Charupe, Cueva de los Tayos on the Rio Pastaza, 2 (ASK 7735 ASNHC 14046, ASK 7737 QCAZ 8570). Remarks. -These three individuals were col lected with a hand net in a large limestone cave known to house a colony of oilbirds ( Steatornis caripensis). The cave is frequented by tourists and is found along the edge of the Pastaza River. This species, along with Lonchorhina aurita , were the only bats found in the cave together with a single pair of oilbirds. These Lonchophylla were collected from eastern Ecuador in close proximity to the locality that Davalos and Cor dials (2008) reported the presence of L. handleyi , L. robusta , and the recently described L. orienticollina. The individuals that we collected were -2 divergent from Colombian specimens of Lonchophylla robusta west of the Andes (Davalos 2004). Subfamily Carolliinae Carollia brevicauda (Schinz 1821) Specimens collected (lc?)--ORELLANA PROVINCE: Coca, 0.7 km S, 1.2 km E Rio Napo bridge southern end, road on south side of Rio Napo,",57726920,301.0,2011.0,Internet Archive,molecularverifi301mcdo,Museum of Texas Tech University,English,http://biodiversitylibrary.org/permissions,In copyright. Digitized with the permission of the rights holder.
Phyllostomus discolor,"no SPECIAL PUBLICATIONS MUSEUM TEXAS TECH UNIVERSITY can usually be encouraged to crawl upwards and present its head between the thumb and forefinger where it can be restrained. If the animal must be positioned for access to the ventral surface, a folded wing can be grasped with one hand and momentarily used to support the animal while the forefinger and thumb of the opposite hand are slid from head towards tail-down the bat s sides along the ventral base of the wings. The animal is then restrained with light pressure and supported from behind by the remainder of the hand. Rasweiler (1975) cau tioned that haphazard grabs directed at either the entire bat or the nearest pro truding appendage may inflict injury and certainly do not have a taming effect. Despite the best efforts of the handler, bats often maneuver into awkward posi tions. In such cases, it is much better to release a bat completely and recapture it than to risk harm by further manipulation. When a bat bites a glove and holds on tenaciously, release usually may be induced by blowing into the bat s face. This is preferable to pulling or shaking the bat, as it reduces the chances of damaging the animal s teeth. Uwe Schmidt (personal communication) handles Desmodus as follows: The bat is grasped completely around the body with the four fingers underneath the belly and the thumb over the head. Nontame vampires are caught with a small hand net and grasped in the same way, except thin leather gloves are worn. Other bats that bite are similarly grasped but with thicker gloves. Some biologists prefer to handle bats using forceps, the ends of which are padded with rubber tubing or foam rubber to give a good, secure grip and prevent injury. Bats may be held by the humerus or by one leg, which will give adequate control for a short period of time. The animal then may be grasped firmly by hand before the forceps are loosened. Reproduction The known reproductive patterns of the Phyllostomatidae are summarized by Wilson in his chapter (this volume) on reproductive biology. Although a number of bats have bred and raised young in captivity, there is little published informa tion for phyllostomatids. Many captive colonies are initiated with wild-caught individuals and, unfortunately, females in advanced pregnancy either abort or die shortly after being placed in captivity. Novick (1960) reported on the long-term, successful breeding of Artibeus jamaicensis maintained on a diet of bananas and melons augmented with a vitamin supplement. Warmth, seclusion, adequate diet, and freedom from handling appeared necessary for this successful maintenance. Rasweiler and Ishiyama (1973) were not so successful with A. jamaicensis, and pointed out that it was impossible to compare the relative value of Novick s methods with theirs because precise survival data and number of reproductive failures were not pro vided. Rasweiler and de Bonilla (1972) found that Glossophaga soricina, Anoura caudifer , and Carollia perspicillata can be kept in captivity for prolonged periods with low mortality rates. Rasweiler and Ishiyama (1973) noted that Artibeus lituratus, Sturnira lilium , and Phyllostomus discolor also do well in the laboratory over long periods. Phyllostomus discolor was an exceptionally adapt-",55008873,10.0,1976.0,Internet Archive,biologybatsneww10bake,Museum of Texas Tech University,English,http://biodiversitylibrary.org/permissions,In copyright. Digitized with the permission of the rights holder.
Phyllostomus discolor,"discolor) drain flowers of nectar and forage in groups, while smaller bats (G. soricina) make brief visits and forage independently. These foraging strategies should optimize energetic gain for the bats and promote outcrossing for the plant. Bauhinia pauletia is self-compatible, but is found where conditions favor outcrossing. Andromonoecism (the presence of hermaphrodite and male flowers) in this species appears to be an adaptation to pollination by large pollinators",16119320,,,Internet Archive,selectedreadings00jone,"Harvard University, Museum of Comparative Zoology, Ernst Mayr Library",English,https://biodiversitylibrary.org/permissions,In copyright. Digitized with the permission of the rights holder.
Phyllostomus discolor,"Bats are important pollinators in tropical communities, with at least 500 species of neotropical plants wholly or partly dependent on bats for pollination (Vogel 1969). Most of the literature on this subject has been devoted to describing instances of bat pollination and summarizing floral characteristics conducive to chiropterophily (Faegri and van der Pijl 1966). Some effort has gone into analysis of pollen feeding of glossophagine bats (Alvarez and Quintero 1969, Howell 1972).",16119320,,,Internet Archive,selectedreadings00jone,"Harvard University, Museum of Comparative Zoology, Ernst Mayr Library",English,https://biodiversitylibrary.org/permissions,In copyright. Digitized with the permission of the rights holder.
Phyllostomus discolor,"The importance of bats as pollinators goes beyond the large number of species involved. Janzen (1970) has argued that the evolutionary plasticity afforded by outcrossing is extremely important in tropical communities, and Bawa (in press) found a high proportion of genetically self-incompatable tree species in one dry, lowland, tropical community. Others claim that wet tropical forest trees ought to be capable of inbreeding because of the large distances between trees (Baker 1955, Federov 1966), but such widely dispersed plants could be outcrossed if bats act as long-distance pollen vectors (Baker 1973).",16119320,,,Internet Archive,selectedreadings00jone,"Harvard University, Museum of Comparative Zoology, Ernst Mayr Library",English,https://biodiversitylibrary.org/permissions,In copyright. Digitized with the permission of the rights holder.
Phyllostomus discolor,"Flowers were observed in situ to determine the time of opening and anthesis and the pattern of nectar production. The relative frequency of staminate and hermaphroditic flowers was determined for 10 nights, distributed from October 16 to December 12, by counting flowers along a transect. The reproductive success of 81 marked inflorescences was followed by comparing the number of floral scars to the",16119320,,,Internet Archive,selectedreadings00jone,"Harvard University, Museum of Comparative Zoology, Ernst Mayr Library",English,https://biodiversitylibrary.org/permissions,In copyright. Digitized with the permission of the rights holder.
Phyllostomus discolor,"The 39 mainland species occupy 29 of the 49 cells of the matrix and the 16 bats from Margarita occupy 20 of these cells. At this time it is difficult to comment on the unoccupied cells in both faunas. Future studies no doubt will reveal these to be either nonexistent or to be occupied by other terrestrial vertebrates. With respect to bat faunas in general, we doubt that the six cells in the upper left-hand corner (small-sized carnivores, piscivores, and sanguinovores) exist for bat species. This is based on problems of body size versus prey size and various physiological parameters. The unoccupied cells on the right-hand side of the matrix either reflect sampling biases or do not exist for bats in northeastern South America. With the exception of the sanguinovore cells, these unoccupied cells are indeed occupied by bats in other faunal regions.",34305097,,,Internet Archive,bulletin7073sout,"New York Botanical Garden, LuEsther T. Mertz Library",English,https://biodiversitylibrary.org/permissions,In copyright. Digitized with the permission of the rights holder.
Phyllostomus discolor,"McNab (1971:354) notes that carnivorous species of bats, other than fishing species, are generally absent from island faunas. He cites species of the genus Phyllostomus as the only carnivorous species on Margarita and Tobago. Phyllostomus discolor is the species occurring on Margarita, and to our knowledge is not a carnivorous species (Fleming ef al., 1972:559; Goodwin and Greenhall, 1961:238). Therefore, the carnivorous cells of Margarita Island at this time appear to be unoccupied by bats. The apparent absence of carnivorous bats on islands is further illustrated in table 6.",34305097,,,Internet Archive,bulletin7073sout,"New York Botanical Garden, LuEsther T. Mertz Library",English,https://biodiversitylibrary.org/permissions,In copyright. Digitized with the permission of the rights holder.
Phyllostomus discolor,"the most xeric of these islands, have a disproportionately large aerial insectivore and nectarivore fauna compared to that of Trinidad, Tobago, and Grenada, which are the most mesic of the islands. Margarita Island, which has both xeric and mesic conditions, is intermediate, at least with regards to the nectarivorous trophic role. The foliage gleaning trophic role appears to be reduced on all islands except Trinidad. There is a marked disharmony (MacArthur and Wilson, 1967:17578) in the bat faunas of Aruba, Curacao, Bonaire. Grenada, and Dominica, as compared with the mainland fauna, as illustrated by the absence of carnivores and sanguinovores (Table 6). The Margarita fauna is disharmonic with the mainland in lacking carnivorous species as is Tobago in lacking sanguinovorous species. It should be pointed out that Trinidad essentially represents an extension of the mainland chiropteran fauna with all trophic roles being represented.",34305097,,,Internet Archive,bulletin7073sout,"New York Botanical Garden, LuEsther T. Mertz Library",English,https://biodiversitylibrary.org/permissions,In copyright. Digitized with the permission of the rights holder.
Phyllostomus discolor,"In conclusion, the bats of Margarita Island comprise a depauperate chiropteran fauna which is most closely allied to the adjacent Venezuelan bat fauna. Ecological diversity and of the island seem to be the most relevant factors influencing the composition of the Margarita fauna. The proximity to the source with regards to the islands off the",34305097,,,Internet Archive,bulletin7073sout,"New York Botanical Garden, LuEsther T. Mertz Library",English,https://biodiversitylibrary.org/permissions,In copyright. Digitized with the permission of the rights holder.
Phyllostomus discolor,"1981 Mares et al.-Brazilian Mammals 83 Collections Most of our collecting was done in the immediate area of the Municipality of Exu, Pernambuco, and the Municipality of Crato, Ceara, particularly on the Chapada do Araripe. Occasional collecting trips were made to other areas, but in comparison with the work performed in the Exu-Crato area, these were minor in scope. In order to obtain a better idea of mammal distribution patterns in the Caatingas, we examined the extensive collection of Caatingas mammals housed in the National Museum of Rio de Janeiro and the Museum of Zoology of the University of Sao Paulo. We also attempted to collect specimens in most of the major macrohabitats of the Northeast. The Northeast of Brazil contains five principal vegetation zones including: Rainforest along the Atlantic coast, Cerrado, Caatingas, Cerrado-Caatingas contact zone, and Palm Forest. We were able to do some collecting in each of these regions, but our samples are far from adequate to arrive at a definitive faunal assessment for any region. During this study, 6576 mammal specimens representing seven orders, 21 families, 56 genera, and 74 species were collected. An additional 630 specimens representing four orders, six families, 16 genera, and 17 species were examined in museum collections. Upon completion of museum specimen processing, half of our collection will be housed in the Zoology Museum of the University of Sao Paulo and half will be housed in the Carnegie Museum of Natural History, Pittsburgh, Pennsylvania. A complete list of species, including those observed but not captured, is as follows: Order Marsupialia Family Didelphidae Monodelphis domestica Marmosa cinerea Marmosa karimii Didelphis albiventris Order Chiroptera Family Emballonuridae Saccopteryx bilineata Saccopteryx leptura Peropteryx macrotis Family Noctilionidae Noctilio leporinus Family Mormoopidae Pteronotus davyi Pteronotus parnellii Pteronotus personatus Family Phyllostomatidae Subfamily Phyllostomatinae Micronycteris minuta Micronycteris sp. Lonchorhina aurita Tonatia bidens Tonatia brasiliense Mimon crenulatum Phyllostomus discolor Phyllostomus hastatus Trachops cirrhosus Subfamily Glossophaginae Glossophaga soricina Lonchophylla mordax Anoura geoffroyi Subfamily Carolliinae Carollia perspicillata Subfamily Sturnirinae Sturnira lilium Subfamily Stenoderminae Uroderma bilobatum Uroderma magnirostrum Vampyrops lineatus Artibeus cinereus Artibeus concolor Artibeus fuliginosus Artibeus jamaicensis Artibeus lituratus Subfamily Desmodontinae Desmodus rotundus Diaemus youngii Diphylla ecaudata Family Natalidae Natalus stramineus Family Furipteridae Furipterus fiorrens Family Vespertilionidae Myotis nigricans Eptesicus furinalis",52334829,50.0,1981.0,Internet Archive,annalsofcarnegi501981carn,Smithsonian Libraries and Archives,English,https://www.biodiversitylibrary.org/permissions/,In Copyright. Digitized with the permission of the rights holder
Phyllostomus discolor,"BIOLOGY OF THE PHYLLOSTOMATIDAE 115 lostomatinae as well as for the Mormoopidae and Noctilionidae. Macrotus (as well as several other species of the Phyllostomatinae), Pteronotus, and Noctilio all have 30 pairs of autosomal arms. When the G-banded karyotypes of these three genera are compared, the thirty homologous arms found in the karyotype of each genus have a distinguishable counterpart in the karyotypes of the other two genera. The most logical interpretation of these data is that the number of autosomal arms in the karyotype of the common ancestor of Macrotus, Pteronotus, and Noctilio was 30 pairs (FN 60), which have retained their respective G-banding patterns since their separation from a common ancestor. The alternative ex planation, that the G-band similarity between the representatives of these three families is the result of the evolution of convergent G-banding patterns in the exact same number of pairs (30) of autosomal arms, is less plausible (Patton, 1976). Additionally, data from the G-banded karyotypes of other taxa thus far studied (by Patton, 1976, and unpublished data including representatives of the Desmodontinae, Glossophaginae, and Stenoderminae) support the conclusion that the FN 60 was primitive for the Phyllostomatidae. Derivation of the various karyotypes of the taxa studied from any of the karyotypes with the more aberrant fundamental numbers (such as Tonatia bidens FN 20 or Micronycteris megalotis FN 68) would require many convergent chromosomal rearrangements in order to avoid concluding that Macrotus was more closely related to the mormoopids and noctilionids than to the other phyllostomatids. The primitive diploid number for the Phyllostomatidae was believed to be 2u 46 (Patton, 1976). The following discussion, modified from Patton s thesis, points out the reasons for this conclusion. A diploid number of 46 (with 16 biarmed autosomes, 28 acrocentric autosomes, plus two sex elements) is most probably like the primitive condition (Patton, 1976). Essentially, this is the karyotype of Macrotus waterhousii . Data supporting this conclusion are the eight pairs of biarmed elements found in the karyotype of Macrotus that have corresponding biarmed elements in the karyo type of Noctilio. Seven of these eight pairs are present also in Pteronotus, Tonatia minuta, Mimon crenulatum, Phyllostomus discolor, and Phyllostomus hastatus. The majority of these eight pairs are identifiable in most of the karyotypes of other phyllostomatine species studied. Therefore, it is likely that these eight biarmed pairs were primitive for the phyllostomatoid karyotype. In addition to the eight biarmed pairs described as common for Noctilio, Pteronotus, and Macrotus, the karyotypes of most species examined include several other biarmed elements, the banding patterns of which suggest independent fusions of acrocentric ele ments. An alternative hypothesis would be to propose a noctilionid-mormoopidlike karyotype as primitive. Such a primitive karyotype would, however, require additional events-fission would have to precede several independent fusions. As demonstrated by Mascarello et al. (1974) for rodents, the establishment of fission rearrangements is quite rare, whereas Robertsonian fusion products are the most common type of euchromatic variation observed between closely related taxa. Therefore, a fission-fusion mode not only would require additional events, it would also be less probable from a cytogenetic standpoint.",56534613,,,Internet Archive,specialpublicati1619texa,"Harvard University, Museum of Comparative Zoology, Ernst Mayr Library",English,http://biodiversitylibrary.org/permissions,In copyright. Digitized with the permission of the rights holder.
Phyllostomus discolor,"JOURNAL, BOMBAY NATURAL HIST. SOCIETY, Vol. 82 to March) and in the winter months. During the winter both males and females congregate into large camps. In the breeding season groups comprising 6-10 males and 10-15 females are formed. Fifteen such groups were found during the period covered by the present study. Males remain with the females for sometime after mating. Later they segregate to form unisexual groups which persist throughout the nonbreeding season (June to September). Ten separate colonies, consisting exclusively of either males or females were found from June to September. Sex ratio. In contrast to S. heathi and T. longimanus, in C. sphinx the sex ratio is more balanced. Of the 203 adults collected, 112 were females and 91 males. The sex ratio is also even during the juvenile life. Discussion Even though detailed studies on social organisation have been made only in very few species, it is obvious that bats exhibit varied social organizations such as solitary life, promiscuity, grouping according to age, unisexual groups, monogamous, families, harem, the lek and interspecific groups (Brosset 1974, Bradbury 1977). Solitary species are not reported in bats though certain European rhinolophids and Myotis hibernate in isolation in caves. In promiscuous species, e.g. Miniopterus schreihersii , Rhinolophus euryale, males and females of all ages are seen in the same colony. Colonies of Miniopterus schreihersii comprising over 100.000 individuals are reported from India (Brosset 1962c) and of the American molassid. Tadarida hrasiliensis exceeding even 20.000.000 individuals (Davis el al. 1962). Segregation of sexes, with monosexual groups at least during parts of the year, is reported in the Indian species. Taphozous melanopogon. Tn such species, males are invariably excluded from the nurseries . In Hipposideros caffer c and Megaloglossus waermani, during night individuals hunt for prey in unisexual groups' (Brosset 1974). Monogamic families, though; rare, are reported in Kerivoula harrisoni and Agelena consociata living in the equatorial forests of Africa (Brosset 1974). The megachiropteran species, Hypsignathus monostrosus exhibits a very peculiar social organization, viz. lek or arena mating (Allen et al. 1917). The males aggregate at night and make loud calls and females visit the singing assemblies ( leks ) to mate (Bradbury 1977). Interspecific associations are reported between Myotis emarginatus and certain rhinolophids (Brosset 1974). though it is not known whether this is due to the occupation of the same niche by the two species or to any genuine attraction between the cohabiting species. Harem as a social unit is typically found in tropical and neotropical species, e.g. Myotis adversus (Dwyer 1970), Saccopteryx bilineata (Bradbury and Emmons 1974), Phyllostomus hastatus and P. discolor (Rasweiler 1975), Myotis hoccagei (Brosset 1976) and Tylonycteris pachypus and T. rohustula (Medway and Marshall 1972). Tn several species harems are seasonally invariant social units. Olfactory signals are presumed to play an important role in the social integration in the harem (Bradbury 1969). Tn S. heathi harem formation occurs only in the breeding season (January and February). Tn general, the social organisation of .S', heathi resembles that of M. adversus (Dwyer 1970). Tn both species, sexual segregation occurs between copulation and parturition and harem formation during the breeding season. The social organisation of T. longimanus is similar to that of ,S. heathi in several respects. In contrast to the typical harem formation in 5. heathi, in T. longimanus several males are 26",50394686,,,Internet Archive,journalofbombayn8219bomb,"New York Botanical Garden, LuEsther T. Mertz Library",English,https://biodiversitylibrary.org/permissions,In copyright. Digitized with the permission of the rights holder.
Phyllostomus discolor,"22 SPECIAL PUBLICATIONS MUSEUM TEXAS TECH UNIVERSITY forearm and cranial measurements of the holotype of M. cozumelae. Carter et al. (1966), forearm measurements of a male and female from Chiapas; Villa-R. (1967), external measurements of one male and one female from Yucatan and one male from Oaxaca, and cranial measurements of the male and female from Yucatan; Goodwin (1969), forearm and cranial measurements of five males and five females from Oaxaca; Gardner et al. (1970), external and cranial measurements of one male from Costa Rica; Valdez and LaVal (1971), external and cranial measurements of one female and the mean of two males from Honduras; Marinkelle and Cadena (1972), forearm measurements of one male from Colombia. Geographic variation .-According to Gardner et al. (1970), their male from Costa Rica closely resembled a male from Chiapas in cranial measurements. Mimon crenulatum (E. Geoffroy St.-Hilaire, 1810) Measurements of Mimon crenulatum have been recorded as follows: Peters (1866a), external measurements of a specimen from Brazil; Dobson (1878a), external measure ments of one (A , longifolium) from Brazil, and a specimen from an unknown locality; Thomas (1903c), external and cranial measurements of the male holotype of M. c. picatum from Brazil; Cunha Vieira (1942), external and cranial measurements of two specimens from Brazil; Sanborn (19496), forearm and cranial measurements of two males from Peru; Handley (1960), external and cranial measurements of five males and four females from Brazil, Trinidad, Venezuela, Panama, and Ecuador (including the holotype of M. c. keenani)', Goodwin and Greenhall (1961), external and cranial measurements of a male from Trinidad; Husson (1962), external and cranial measurements of two males from Surinam; Hill (1964), forearm of two males and females and cranial measurements of one male from Guyana; Jones (1964), external and cranial measurements of a female from Campeche and measure ments available from the holotype of M. c. keenani from Panama; Gardner et al. (1970), external and cranial measurements (mean, range) of four specimens (two males and females) from Costa Rica; Gardner and Patton (1972), forearm and cranial measurements (mean, range) of four males and three females from Peru. Miimon koepckeae Gardner and Patton, 1972 Gardner and Patton (1972) recorded external and cranial measurements (mean, range) of two males and one female and the measurements of the female holotype from Peru. Phylloderma stenops Peters, 1865 Measurements of Phylloderma stenops have been recorded as follows: Peters (18666), external measurements of one specimen from Cayenne; Dobson (1878a), external measure ments of Guandira cayanensis from Cayenne; Goodwin (1940, 1946, 1953), external and cranial measurements of the female holotype of P. stenops septentrionalis from Honduras; Goodwin (1942a), external and cranial measurements of two specimens from Honduras; Hall and Kelson (1959), external and cranial measurements of the P. septentrionalis holotype and one female; Husson (1962), external and cranial measurements of the male holotype from Cayenne; Hill (1964), external and cranial measurements of three females from Guyana, one male from Brazil, and of the holotype of Guandira cayanensis ( P. stenops ); Carter et al. (1966), external and cranial measurements of a male from Chiapas; Gardner (1976), external and cranial measurements of a female from Peru; LaVal (1977), forearm length and weight of a female from Costa Rica. Phyllostomus discolor (Wagner, 1843) Measurements of Phyllostomus discolor have been recorded as follows: Peters (18656) external measurements of one specimen from Brazil; Dobson (1878a), external measure-",56534520,,,Internet Archive,specialpublicati1619texa,"Harvard University, Museum of Comparative Zoology, Ernst Mayr Library",English,http://biodiversitylibrary.org/permissions,In copyright. Digitized with the permission of the rights holder.
Phyllostomus discolor,"6 Occasional Papers, Museum of Texas Tech University Table 1. (cont.) Species Range Site Total length Tail length Hind foot Ear Forearm length Handleyomys alfaroi Known 2 207 105 28 17 N A Dasyprocta punctata Known 2 520 18 130 39 N A Cuniculus paca Known 1 Skull only Haplomys gymnurus Known 1 467 202 62 26 N A Family Phyllostomidae Anoura fistulata Muchhala, Mena-V., and Albuja-V. 2005 Tube-lipped Long-tongued Bat One female (QCAZ 10492) was collected at 702 m. This animal was found below the recorded lower limit of the elevation range for the species (1060 m) and is the first Anoura reported from southwestern Imbabura (Tirira 2008). This specimen had a very long tongue (70 mm) and there was a spilt in the lower lip, both of which are important characteristics of the species (Muchhala and Albuja 2005; Mantilla-M. and Baker 2006). For basic measurements see Table 1. Glossophaga soricina (Pallas 1766) Pallas s Long-tongued Bat A single male (QCAZ 10529) was collected at 702 m in a net within a gallery forest. There are no previous records for this species in humid forests of southwestern Imbabura Province (Tirira 2008). This specimen had four lower incisors of equal size, which is a diagnostic character for distinguishing this species from other glossophaginae bats (Albuja 1999). For basic measurements see Table 1. Micronycteris megalotis (Gray 1842) Little Big-eared Bat One male (QCAZ 10533) was collected at 702 m and one female (ACUNHC 1411) was collected at 450 m. Although these specimens were collected within their known elevation ranges, these are new records for southwestern Imbabura Province (Tirira 2008). These specimens have a smooth chin pad and four lower incisors. The pelage is 8 to 10 mm long and the body length is less than 55 mm (Simmons and Voss 1998). These characters separate this species from other Phyllostominae bats. For basic measure ments see Table 1. Phyllostomus discolor Wagner 1843 Pale Spear-nosed Bat Two females (ACUNHC 1410, QCAZ 10535) were collected from a banana orchard near 450 m elevation. One specimen contained an embryo (16 mm). There are no previous records for this species from southwestern Imbabura Province (Tirira 2008). These specimens had a forearm less than 65 mm and the dorsal fur was brown with the tips of the hair white, which matches the description for this species (Santos et al. 2003). For basic measurements see Table 1. Carollia brevicauda (Schinz 1821) Silky Short-tailed Bat Three males (QCAZ 10499, 10503, 10509) and two females (QCAZ 10501,10507) were caught at 450 m. Five males (ACUNHC 1447, 1450, 1451, 1454, QCAZ 10511) were caught at 702 m. These speci mens were found well within their known geographic and elevation ranges (Tirira 2008). The outer incisors were not obscured by cingula of canines, an identifying characteristic for this species (Pine 1972). For basic measurements see Table 1.",57687607,290.0,2010.0,Internet Archive,smallmammalssan290leet,Museum of Texas Tech University,English,http://biodiversitylibrary.org/permissions,In copyright. Digitized with the permission of the rights holder.
Phyllostomus discolor,"216 SPECIAL PUBLICATIONS MUSEUM TEXAS TECH UNIVERSITY in comparison with that of other phyllostomatids. In many species having welldeveloped fundic caeca, the staining is stronger in the foveolae of the fundic glands of the caecum than elsewhere in the fundus. Mucus possibly accumulates to a greater extent in the caecum than elsewhere in phyllostomatids. Mucous cells beneath the surface (the so-called mucous neck cells), which are scattered among the parietal cells, react much more variably to the PAS reaction than do the surface columnar cells. Mucous neck cells of frugivorous species generally are less reactive than are those of carnivorous and omnivorous kinds. Those of Desmodus (and perhaps the other desmodontines) react only weakly. The upper portions of the tubules of cardiac and pyloric glands stain intensely with PAS. There is only slight variability among species. As in the case of fundic glands, reactivity in these upper portions is somewhat reduced in frugivorous species. Among studied species, the most intense reaction has been found in an omnivore, Phyllostomus discolor. The quantity of gastric mucus in this species exceeds that of frugivorous phyllostomatids. On the other hand, in Desmodus the reactivity is weak in comparison with nondesmodontine phyllostomatids. Two procedures, or their variants, have been employed in an effort to elaborate the relatively acidic components of gastric mucus in phyllostomatids. Forman (1972) employed Alcian blue 8GX, and Rouk (1973) and Forman (19716) used Hale s colloidal iron procedure in efforts to categorize acid mucopolysaccharides in stomachs of selected species of phyllostomatids. A summary of their results is presented here. Acid mucopolysaccharides are found most consistently in the cardiac glands (those at the gastroesophageal junction) and within the few transitional and fundic glands adjacent to the cardiac glands. Nearly all species of phyllostomatids studied to date showed some positive staining of cardiac glands. The only exceptions are species of Sturnira (including S. lilium, S. ludovici, and S. mordax ). In these species, the cardiac glands are either weakly reactive or non reactive to procedures intended to demonstrate the presence of acid mucopolysaccharides. Present evidence also suggests that Centurio and Desmodus have reduced amounts of acid mucopolysaccharides in their cardiac glands. The reaction of the pyloric glands to Hale s colloidal iron and Alcian blue is similar to that of the cardiac glands. There is, however, less consistency among species, less uniformity within the zone of pyloric glands, and often less intensity in comparison to the histologically similar cardiac glands. In most species of phyllostomatines, the pyloric glands are nonreactive; the exception is Vampyrum spectrum, in which these glands are weakly reactive with Hale s colloidal iron. In the glossophagines, there are two general conditions of stainability of the pyloric glands with Alcian blue and Hale s colloidal iron. With Hale s iron (as employed by Rouk, 1973) pyloric glands stain intensely within the basal one-third of the tubules in Glossophaga soricina and Lonchophylla robusta. Forman (19716) studied glossophagine cardiac glands with Alcian blue. In his study of five species of glossophagines, the lower portion of each pyloric gland tubule was Alcian blue positive in three ( Glossophaga soricina, G. commissarisi,",56534714,,,Internet Archive,specialpublicati1619texa,"Harvard University, Museum of Comparative Zoology, Ernst Mayr Library",English,http://biodiversitylibrary.org/permissions,In copyright. Digitized with the permission of the rights holder.
Phyllostomus discolor,"BIOLOGY OF THE PHYLLOSTOMATIDAE 207 d Fig. 1.-Semidiagramatic representations of the stomachs of selected phyllostomatines. The hatched area indicates the region of pylofundic transition glands: a, Micronycteris megalot is; b, Macrophylum macrophylum; c, Tonatia b ideas, d, Phyllostomus discolor, e, Phylloderma septentrionalis, f, Vampyrum spectrum. Scale is 10 mm.; upper scale is for figs, a to e; lower scale, f. Gross Morphology Phyllostomatinae The phyllostomatines have the simplest and least specialized stomachs. This probably relates to their somewhat unspecialized or primitive feeding habits that include insectivorous, carnivorous, and omnivorous diets. The stomach in Micronycteris is extremely simple in configuration; a cardiac vestibule usually is lacking. The pyloric tube (portion between the esophagus and duodenum) usually is short, with that of M. nicefori being relatively longer than that of M. hirsuta or M. megalotis (Fig. la). The fundic caecum ( cardiac caecum) is modestly developed in all three of these species. The stomachs of Macrotus waterhousii and Macrophyllum macrophyllum (Fig. lb) also are simple and generally resemble those of Micronycteris.",56534705,,,Internet Archive,specialpublicati1619texa,"Harvard University, Museum of Comparative Zoology, Ernst Mayr Library",English,http://biodiversitylibrary.org/permissions,In copyright. Digitized with the permission of the rights holder.
Phyllostomus discolor,"foxes) sniffing each other at the genital and neck regions and suggested that they recognize one another by individual odors. Males produce a strong odor from their neck glands and females recognize their young by odor. The Australian flying fox (Pteropus poliocephalus) uses the scapular gland to mark territories (Nelson, 1965).",27364289,,,Internet Archive,advancesinstudyo00eise,"Harvard University, Museum of Comparative Zoology, Ernst Mayr Library",English,https://biodiversitylibrary.org/permissions,In copyright. Digitized with the permission of the rights holder.
Phyllostomus discolor,"Tupaiidae.-The common tree shrew (7upaia glis) has a jugulosternal gland similar to that in insectivores, and quite different from glands in other primates (Sprankel, 1962). Scent-marking takes two formschinning, and sledging, a forward movement of the posterior abdominal region (Martin, 1968). Sternal scent marks identify sex and individual (von Holst and Lesk, 1975). Chinning marks familiarize a tree shrew with new surroundings, warn off rivals, and help in formation and maintenance of a pair bond (von Holst and Buergel-Goodwin, 1975).",27364289,,,Internet Archive,advancesinstudyo00eise,"Harvard University, Museum of Comparative Zoology, Ernst Mayr Library",English,https://biodiversitylibrary.org/permissions,In copyright. Digitized with the permission of the rights holder.
Phyllostomus discolor,"Lemuridae.-The ring-tailed lemur (Lemur catta) marks with its perineal gland, and with palmar scent of the antebrachial gland. This species shows a complicated stink display in agonistic encounters. Males rub their brachial glands (on the chest) against their antebrachial glands (on the inner forearm) and then in turn, rub the antebrachial gland openings on the tail. The tail is then",27364289,,,Internet Archive,advancesinstudyo00eise,"Harvard University, Museum of Comparative Zoology, Ernst Mayr Library",English,https://biodiversitylibrary.org/permissions,In copyright. Digitized with the permission of the rights holder.
Phyllostomus discolor,"BIOLOGY OF THE PHYLLOSTOMATIDAE 119 brachyotis) representing three subgenera, can be chromosomally related, strongly reinforces the natural status of at least portions of the genus. I have heard several people propose that this genus is a catchall with several species of questionable generic affinity. One species that cannot be related chromosomally to the other representatives of the genus thus far studied is M. megalotis, the type species of the genus. The Tonatia-Mimon-Phyllostomus group is identified by five shared derived chromosomal events: four Robertsonian fusions (22 3, 8 9, 17 12, 29 27) and one inversion (4 5). These chromosomal characteristics are shared by Tonatia minuta, Phyllostomus discolor, P. hastatus, and Mimon crenulatum. The ancestral karyotype for the common ancestor probably had a 2 n 38, FN 60. A common ancestor for Phyllostomus hastatus, P. discolor, and Mimon crenulatum is suggested by three shared fusion events (18 13, 14a 21, 30 28). This would mean that the common ancestor for these three species had a karyotype with a 2n 32 or 34. As Robertsonian fusion products occurring independently in forms containing only two acrocentric linkage groups could only lead to the same fusion product, a 2 ? 34 divergence cannot be totally discounted (Patton, 1976). The possibility of a 2 7 34 divergence is strengthened by Mimon cozumelae having a 2n 34, FN 60 karyotype. The karyotype of Tonatia bidens (2 i 16) is so derived from the Macrotus and Tonatia minuta karyotypes that it could not be related to those of other members of the subfamily. Again, this points out a case where most chromosome divergence has been limited to changes that can be traced by homology of G-bands, but during the evolution of T. bidens numerous chromosomal changes became established. If systematic position were based solely on chromosomal divergence, one would have to recognize T. bidens as generically distinct from other phyllostomatines possibly with subfamilial status, a ridiculous conclusion in my opinion. Glossophaginae. -There are no G-band studies on the generic relationships within the Glossophaginae. The only published G-banded karyotype is of Choeroniscus intermedius (Stock, 1975), which is discussed above under subfamilial relationships. Gardner (1977) presented a phylogeny of the Glossophaginae based on standard karyotypes and in most cases has followed the most parsimonious routes. However, I cannot accept that the similar karyotypes of Choeronycteris and Hylonycteris are the result of parallelism. This 2 7 16 karyotype is undoubtedly derived, and I feel that it is explained best as being due to their common ancestor having a diploid number of 16. G-banding should be valuable in settling this difference in interpretation. Carolliinae. -G-band data (Stock, 1975) have been published for one (Carollia, three species studied) of the two genera of the Carolliinae. Carollia brevicauda and C. perspicillata share two chromosomal features (an X-autosomal trans location and similar heterochromatin patterns) that distinguish these two species from at least some individuals of C. castanea. Pine (1972), in a study based on classical morphological features, concluded that C. brevicauda and C. perspicillata",56534617,,,Internet Archive,specialpublicati1619texa,"Harvard University, Museum of Comparative Zoology, Ernst Mayr Library",English,http://biodiversitylibrary.org/permissions,In copyright. Digitized with the permission of the rights holder.
Phyllostomus discolor,"According to Musso (1962:168), this species is widely distributed on the island. Selected external and cranial measurements of one male and one female, respectively, from El Vallée are as follows: length of forearm, 32.8, 33.7; zygomatic breadth, 8.7, 8.6; rostral breadth, 4.8, 4.8; length of maxillary toothrow, 6.7, 6.9; condylobasal length, -, 15.7. These measurements agree with those given by Sanborn (1949) and Husson (1962) for the subspecies M. m. At Cueva El Convento, this species was represented by a right lower jaw found in the weathered remains of owl pellets.",34305088,,,Internet Archive,bulletin7073sout,"New York Botanical Garden, LuEsther T. Mertz Library",English,https://biodiversitylibrary.org/permissions,In copyright. Digitized with the permission of the rights holder.
Phyllostomus discolor,"Pirlot and Leon (1965:369), first reported this bat on Margarita Island. Their material also was from El Vallé, the only locality on the island from which this species has been recorded. The ecological preferences of P. discolor seem to be for mesic habitats and for this reason the species may be restricted to the northeastern portion of the island.",34305088,,,Internet Archive,bulletin7073sout,"New York Botanical Garden, LuEsther T. Mertz Library",English,https://biodiversitylibrary.org/permissions,In copyright. Digitized with the permission of the rights holder.
Phyllostomus discolor,"Of five females mist-netted on July 15 and 16, one contained one embryo measuring 17. Two others were not pregnant but were lactating. A male taken at the same time had testes measuring 5 mm in length. These bats were captured as they foraged in a peach and mango grove.",34305088,,,Internet Archive,bulletin7073sout,"New York Botanical Garden, LuEsther T. Mertz Library",English,https://biodiversitylibrary.org/permissions,In copyright. Digitized with the permission of the rights holder.
Phyllostomus discolor,"Valdez (1970), after studying the geographic variation of Phyllostomus discolor, employed the name P. d. discolor for populations east of the Andes. Power and Tamsitt (1973) have questioned the validity of the recognition of intraspecific names in this species. In the absence of an extensive study of geographic variation in northern South America, we have assigned our topelemd: Selected external and cranial measurements of",34305088,,,Internet Archive,bulletin7073sout,"New York Botanical Garden, LuEsther T. Mertz Library",English,https://biodiversitylibrary.org/permissions,In copyright. Digitized with the permission of the rights holder.
Phyllostomus discolor,"G. M. Allen (1902:96) reported on three specimens from a large cave near El Vallé which he referred to the species Glossophaga soricina. One was an adult male, another a young (sex unknown) individual with deciduous teeth, and the third specimen was an adult female. He noted that the latter seemed distinct from the other two and thought that it might represent an undescribed species. We have examined Allen s three specimens and found that only the female is an adult. We concur with Koopman (1958: 437) who assigned all three bats to Glossophaga longirostris.",34305088,,,Internet Archive,bulletin7073sout,"New York Botanical Garden, LuEsther T. Mertz Library",English,https://biodiversitylibrary.org/permissions,In copyright. Digitized with the permission of the rights holder.
Phyllostomus discolor,"Pirlot and Leén (1965:369) report two male G. soricina from El Vallé. We have not examined these specimens, but suspect that these, too, are but immature individuals of G. longirostris. Adult G. longirostris are easily distinguished from G. soricina on the basis of greater length of forearm. In addition, the upper incisors of longirostris are nearly equal in size and are equally procumbent. The outer incisors of soricina are smaller than the inner pair and somewhat less procumbent.",34305088,,,Internet Archive,bulletin7073sout,"New York Botanical Garden, LuEsther T. Mertz Library",English,https://biodiversitylibrary.org/permissions,In copyright. Digitized with the permission of the rights holder.
Phyllostomus discolor,"Mantilla-Meluk and BakerAnoura from Colombia 15 Platyrrhinus chocoensis (endemic), P. dorsalis , P. vittatus, Phyllostomus discolor , P. hastatus, Sturnira erythromos, S. I ilium, S. ludovici, and Vampyressa thyone. The Calima region, and in general the south western range of the Colombian Andes, is of crucial importance to the understanding of mammalian bioge ography in the Neotropics. The region not only encloses one of the richest chiropterofaunas of the Neotropics but is also a center of speciation (Cadena et al. 1998). Handley (1966) described two new bat species for Colombia, Rhinophylla alethina and Choeroniscus periosus from Rio Raposo, near Buenaventura, and mentioned the biogeographic im portance of the Pacific coast and Andean foot hills of northwestern Ecuador and Colombia as the continua tion of a zone of endemism which extends into Panama. Conclusions Based on our analyses, we conclude that speci mens considered to be A. caudifer in Colombia actu ally correspond to four taxa as follows: A. caudifer (Geoffroy 1818), A. luismanueli (Molinari 1994), A. aequatoris (Lonnberg 1921), and the new species A. cadenai. Anoura caudifer presents the broader distri bution along the Colombian Andes and exists in sympatry with other Anoura species on the Central and Western Cordilleras. Although A. luismanueli and A. aequatoris were previously suggested in the country (Alberico 1998; Munoz 2001), no formal analysis was conducted in order to confirm their presence in Co lombia. We conclude that both taxa exist in Colombia. The distribution of A. luismanueli in Colombia can be extended southward to the Cordillera de Merida in Ven ezuela on its eastern versant to the department of Cundinamarca, around 3 30'N being the southernmost locality for this species. Southward of 3 30'N, A. luismanueli is replaced by A. aequatoris , which ex tends southward from the department of Huila into Ecuador and Peru. The new species A. cadenai ap pears to be restricted to the southwestern portion of the Colombian Andes, possibly extending its distribu tion to northern Ecuador . Acknowledgments We acknowledge Dr. Alberto Cadena and Yaneth Munoz-Saba from the Instituto de Ciencias Naturales, UniversidadNacional de Colombia, Bogota, for allow ing us to work at the collections of the Instituto de Ciencias Naturales, and Miguel Rodriguez for his col laboration in measuring some of the specimens ana lyzed in the present study and for his insightful com ments on morphological differences among Colom bian samples of Anoura. We especially owe our grati tude to Don Wilson and Alfred Gardner for allowing us to work at the collections of the National Museum of Natural History, Smithsonian Institution, and for their always warm and kind welcome at the collec tions. We thank Bruce D. Patterson for allowing us to work at the collections of the Field Museum of Natu ral History. We thank Sergio Solari, Texas Tech Uni versity, for his invaluable comments and suggestions that enriched early versions of this manuscript, as well as Sara Fernandez-Medina for her unconditional love and support. Specimens used in the present analysis were provided by the Instituto de Ciencias Naturales de la Universidad Nacional de Colombia, and the Na tional Museum of Natural History of the Smithsonian Institution. This study was supported through the bio logical database project at Texas Tech University.",57665331,261,2006.0,Internet Archive,systematicssmal261mant,Museum of Texas Tech University,English,http://biodiversitylibrary.org/permissions,In copyright. Digitized with the permission of the rights holder.
Phyllostomus discolor,"The mammalian uterus is a complex, tubular organ which varies considerably in gross morphology. The primitive eutherian uterus is hypothesized to have consisted of two uterine horns (cornua); these open independently into the vagina (Mossman, 1977). Some members of the Chiroptera (see below), Dermoptera, Lagomorpha, and Rodentia have retained this primitive arrangement, whereas derived uterine morphologies have evolved independently in many mammalian orders. Derived morphologies apparently have developed by progressive, caudal to cranial fusion of the uterine horns resulting in the formation of a median, common uterine body. This progression involves two aspects of the uterine horns: 1) superficial tissues of the cornua fuse, and 2) following this external fusion, the internal uterine lumina may become confluent by degeneration of the median septum. However, it is possible that the internal uterine anatomy may be retained in a relatively primitive separated condition despite external fusion of the uterine cornua.",63689648,86,1983.0,Internet Archive,occasionalpaper75texa,Smithsonian Libraries and Archives,English,http://biodiversitylibrary.org/permissions,In copyright. Digitized with the permission of the rights holder.
Phyllostomus discolor,"BIOLOGY OF THE PHYLLOSTOMAT1DAE 93 Insectivorous Bats The cage used by Krutzsch and Sulkin (1958) for rabies research with Tadarida brasiliensis was designed as a safety cage, and incorporated features to reduce the hazard of working with infected animals. These features included two slots, one for access from outside the cage to the feeding shelf and the other for the removal of dead bats; a sliding floor plate allowing for the transfer of live bats from one cage to another; and lock screws preventing the accidental opening of the hinged door and floor plate. The cages were constructed of materials able to withstand repeated sterilization by autoclaving. Racey (1970) successfully kept vespertilionids for reproductive studies in cages modified from JewelFs (1964) design for small mammals. Zinc was used for construction. All internal vertical surfaces were lined with plywood in which horizontal grooves were cut that enabled bats to climb and hang with ease. These cages may be hosed with high-pressure water jets and scrubbed clean. If required, the plywood can be removed and replaced after the cage is sterilized. Division of the cage into a roosting box and a feeding area is not essential, but, given a choice, bats will roost in the box if the depth is adequate. Nectarivorous Bats Rasweiler and de Bonilla (1972) and Rasweiler (1973) maintained a variety of pollen-eating and nectar-eating phyllostomatids, and also Carollia , for repro ductive studies. Bats were handled daily, requiring an efficient cage system noninjurious to them and yet conducive to their reproductive activities. The cages used, which served best for Glossophaga and Carollia, should be suitable for any phyllostomatid that can hover or fly within a confined space and will accom modate about 20 bats (see Appendix 1). One end of each cage is completely enclosed with plywood and forms a roosting box, with an opening for passage to and from the feeding area. Immediately above the food dishes, thin sheets of galvanized iron are wired to the under surface of the roof to discourage roosting and the fouling of food by feces. The cage floor consists of two galvanized iron pans, which are covered with newspaper or dried clay chips. Frugivorous and Omnivorous Bats Another cage made of wood and wire, for medium-sized phyllostomatids such as Phyllostomus discolor, Artibeus lituratus, and Stumira lilium, was devised by Rasweiler and lshiyama (1973:57) and would also be satisfactory for Phyllos tomus hastatus. It will hold about 10 large bats or 15 small bats and has a remov able roosting box (see Appendix 2). It is a modification of the Wimsatt vampire bat cage (Appendix 3). Sanguivorous Bats A variety of cages-ranging from elaborate and costly metal, plastic, and wooden containers to inexpensive, disposable cartons, jars, and cans-have been",55008856,10,1976.0,Internet Archive,biologybatsneww10bake,Museum of Texas Tech University,English,http://biodiversitylibrary.org/permissions,In copyright. Digitized with the permission of the rights holder.
Phyllostomus discolor,"Anatomical and physiological asymmetry has been noted in Macrotus by Bradshaw (1962) and Bleier (1975); the right uterine horn is dominant. In all Macrotus californicus examined in the present study, this asymmetry was noted. Although several uteri from subadult individuals were symmetrical in shape, all adult uteri had hypertrophied right cornua. Uteri of Micronycteris and Trachops examined in this study were identical to pregnant and or nonpregnant uteri of Macrotus.",63689655,86,1983.0,Internet Archive,occasionalpaper75texa,Smithsonian Libraries and Archives,English,http://biodiversitylibrary.org/permissions,In copyright. Digitized with the permission of the rights holder.
Phyllostomus discolor,"In contrast to the Macrotus-group, the uteri of Phyllostomus discolor, P. hastatus, and Phylloderma stenops are externally simplex; these taxa are herein referred to as the Phyllostomus-group. Members of the Phyllostomus-group have externally simplex uteri with a tubularto pear-shaped form . The fundus of the uterus is prominent and rounded. The simplex uterus is regarded as the most highly derived external uterine anatomy among phyllostomoids.",63689655,86,1983.0,Internet Archive,occasionalpaper75texa,Smithsonian Libraries and Archives,English,http://biodiversitylibrary.org/permissions,In copyright. Digitized with the permission of the rights holder.
Phyllostomus discolor,The internal uterine anatomy of the Phyllostomus-group consists of a large common lumen and narrow tubular segments. These tubular segments are actually extremely short uterine lumina and constitute the intramural uterine cornua (IUG; Fig. 4). In one specimen of Phyllostomus discolor we discovered an earlyimplanted blastocyst in an IUC .,63689655,86,1983.0,Internet Archive,occasionalpaper75texa,Smithsonian Libraries and Archives,English,http://biodiversitylibrary.org/permissions,In copyright. Digitized with the permission of the rights holder.
Phyllostomus discolor,"In contrast, individuals of the smaller bats spend a very short time at each flower, probably lapping small amounts of nectar at each visit. With the slow depletion of nectar, repeated visits to the same flower are not energetically disadvantageous. In fact, there may be some advantage to learning the position of particular flowers and then repeatedly utilizing these sources, because search time would decrease relative to feeding time. Independent foraging appears to be favored when nectar is not drained with each visit.",16119327,,,Internet Archive,selectedreadings00jone,"Harvard University, Museum of Comparative Zoology, Ernst Mayr Library",English,https://biodiversitylibrary.org/permissions,In copyright. Digitized with the permission of the rights holder.
Phyllostomus discolor,"These bat-foraging strategies may parallel finchforaging strategies in deserts. Cody (1971) found that the formation of foraging flocks of mixed finch species was related to food abundance, the birds forming flocks as food became less abundant. He hypothesized that renewable resources temporarily depleted are most efficiently utilized by flocks that can learn to vary the time between returns to the same feeding points. Phyllostomus discolor foraging may fit this pattern. Independent foraging of finches was observed when resources were abundant. This may be analogous to the independent foraging of G. soricina, which does not immediately deplete the floral nectar supply and thereby has an abundant resource.",16119327,,,Internet Archive,selectedreadings00jone,"Harvard University, Museum of Comparative Zoology, Ernst Mayr Library",English,https://biodiversitylibrary.org/permissions,In copyright. Digitized with the permission of the rights holder.
Phyllostomus discolor,"In summary, Bauhinia pauletia is a genetically seltcompatible plant living in conditions where maintenance of genetic variability is an asset. Bats pollinate its flowers and promote outcrossing. Andromonoecism increases the probability of pollen transfer trom these large pollinators to relatively small stigmata and also decreases the probability of autogamy. Two kinds of bat have evolved different nectar-resource-utilization strategies, but both behaviors tend to in cross-pollination of B. pauletia flowers.",16119327,,,Internet Archive,selectedreadings00jone,"Harvard University, Museum of Comparative Zoology, Ernst Mayr Library",English,https://biodiversitylibrary.org/permissions,In copyright. Digitized with the permission of the rights holder.
Phyllostomus discolor,"134 SPECIAL PUBLICATIONS MUSEUM TEXAS TECH UNIVERSITY Economics It seems impossible to attempt to determine meaningful economic values with regard to most bats; at least, no precise determinations will be made herein. How ever, it is relevant to review briefly the role of bats within ecosystems, especial ly with regard to relationships between phyllostomatid bats and certain things that seem important to man. Relationships with Plants Bats play a role in the natural dispersal of plants. Members of the family Phyllostomatidae are the principle agents of chiropterochory in the New World tropics. In general, most dissemination of plants by bats results from seeds that are dropped from the mouths of animals either in flight or in roosts. Relatively few plant seeds are passed through the digestive tracts of bats, although seeds of some plants, such as Ficus , probably are scattered in this manner. Chiropterochory is highly developed in certain families of plants, especially the Moraceae, Palmae, Anacardiaceae, Sapotaceae, and Meliaceae. However, this condition also is present in many other families. For lists of chiropterochorous plants, characteristics of bat fruits, and discussions of the syndrome of dis persal of plants by bats, see the works by Van der Pijl (1957, 1968, 1969, and others). Some specific examples of synzooic relationships between plants and Phyllostomus discolor , P. hastatus , Artibeus jamaicensis , A. lituratus, and Carollia perspicillata are given by Van der Pijl (1957) and Greenhall (1956, 1965, 1966). Phyllostomatids are the agents of chiropterophily in the Neotropical region. According to Van der Pijl (1969), bat flowers occur mostly in the genera Musa , Parkia, Sonneratia, Agave, and Carnegiea , but are present also in various stages of evolutionary development in some other taxa. Flowers pollinated by bats show some specialized traits; they have an abundance of nectar and pollen and tend to open at night. There is some evidence that pollen of chiropterophilous plants have more amino acids than do related species pollinated in other ways (Howell, 1970). Because flower bats rely on flowers for a supply of protein in the form of pollen, mutualistic adaptations are exhibited by some pollinating bats. For ex ample, projections on the cuticular scales of hairs of some glossophagines seem ingly are correlated with chiropterophily (Howell, 1971). Other morphological adaptations related to feeding and flight, as well as seasonal movements of bats that coincide with flowering of certain plants, are better known than the afore mentioned example. There is no doubt that phyllostomatid bats are important as agents of dispersal of seeds and pollen, at least in a limited range. Some botanists are of the opinion that, among mammals, bats are the most important dispersers of seeds (Van der Pijl, 1957). Recent analyses of trophic roles of bats demonstrate the richness of the Neotropical region with regard to frugivory and nectarivory of the chiropteran fauna (Wilson, 1973). There are similarities between the distributions of certain phyllostomatids and chiropterochorous and chiropterophilous plants; in fact, the ranges of some plants may result from the actions of bats on the re-",55008896,10,1976.0,Internet Archive,biologybatsneww10bake,Museum of Texas Tech University,English,http://biodiversitylibrary.org/permissions,In copyright. Digitized with the permission of the rights holder.
Phyllostomus discolor,"1983 WILLIG BRAZILIAN BAT COMMUNITIES 41 Table 8. Continued. Caatinga Cerrado Analysis of variance 66 59 56 99 Factor df MS F Significance Width of the widest molar Mean 2.42 2.45 Sex 1 .010 1.12 .296 SD .10 .09 Within 47 .009 SE .03 .02 cv 4.13 3.67 n 13 36 Greatest length of the mandible Mean 18.10 17.98 Sex 1 .130 1.33 .256 SD .34 .31 Within 47 .098 SE .09 .05 CV 1.88 1.72 n 13 36 Length of the mandibular toothrow Mean 1 1.29 1 1.09 Sex 1 .366 6.16 .017 SD .22 .25 Within 47 .059 SE .06 .04 CV 1.95 2.25 n 13 36 Length of the coronoid process Mean 7.35 7.25 Sex 1 .098 2.27 .139 SD .21 .21 Within 47 .043 SE .06 .03 CV 2.86 2.90 n 13 36 oways, 1979). Peters (1866), Dobson (1878), Thomas ( 1 903), Cunha Vieira ( 1 942), and Handley ( 1 960) included specimens from Brazil in their work, but statistical analyses were not attempted. Samples from the Caatingas are sufficiently large to perform statistical analyses; the results are shown in Table 9. Only a single character, condylobasal length, exhibits statistically significant secondary sexual variation and trends in the relationship of male and female mean values could not be detected for the other variables. The data cannot substantiate the presence of sexual dimorphism in the Caatingas population of M. c. crenulatum, but this failure may be due to small sample sizes. Phyllostomus discolor (Wagner, 1843) Power and Tamsitt (1973) recently suggested that P. discolor is a monotypic species because there is little morphometric basis for distinguishing between the two presently recognized subspecies. In keeping with current usage, however, P. d. discolor is the appropriate appellation for populations east of the Andes (Jones and Carter, 1976) and would thus apply to specimens from northeastern Brazil. Although primarily frugivorous, at least part of the year P. d. discolor consumed nectar, pollen, flower parts, and insects; thus, it should be considered omnivorous. Based upon pollen loads from Cerrado specimens, P. d. discolor was an important pollinator of Caryocar coriaceum. In fact, the number of captured specimens of this species increased fourfold during months when C. coriaceum flowered; this strongly suggests recruitment from surrounding areas as preferred resources became abundant on the Chapada. P. d. discolor was widespread and abundant on the Chapada do Araripe but restricted for the most part to banana and mango orchards in the Caatingas. Thirty-eight percent of the 26 captured adult specimens from the Caatingas were males; similarly, 36 of the 180 captured adult specimens from the Chapada do Araripe were males. In the Cerrado, P. d. discolor exhibited a significantly unequal sex ratio (Binomial Test, P .01). Samples from the Caatingas failed to exhibit a significantly unequal sex ratio (Binomial Test, P .05), but this may be attributed in part to the small sample size available from this study. Numerous authors have reported measurements for P. discolor (see Swanepoel and Genoways, 1979) but only Peters (1865), Cunha Vieira (1942), Power and Tamsitt",52293433,23,1983.0,Internet Archive,bulletino232919831992carn,Smithsonian Libraries and Archives,English,https://www.biodiversitylibrary.org/permissions/,In Copyright. Digitized with the permission of the rights holder
Phyllostomus discolor,"We identified infracommunities associated with six bat species within Phyllostomidae: A. aequatorialis, C. brevicauda, C. perspicillata, P discolor, P. hastatus, and S. giannae (Table 4). However, co-occurrence analyses of batbat fly species could be conducted for only five bat species (Table 4) due to the limited sample size of A. aequatorialis. The interaction between T. joblingi and S. ambigua on C. perspicillata showed negative interactions (z -2.867, -0.311, p-value 0.05), while the remaining five pairs showed positive or null density correlations (Table 4; Fig. 4). Notably, Carollia perspicillata was parasitized by two species of bat flies belonging to two different ecomorphological groups:",64344574,1221,2024.0,Virtual Item,vi210914v1221202420250330010720,Pensoft Publishers,English,https://biodiversitylibrary.org/permissions,In copyright. Digitized with the permission of the rights holder.
Phyllostomus discolor,"Social behavior during foraging also differed for large and small bats. Large bats appeared to arrive in groups to feed. Groups of two to six bats were often seen flying in a linear formation over the flowers. Vocalizations were commonly heard as these groups flew by. While it was impossible to count all bats feeding in an area at any given time, we estimated that groups consisted of from two to 12 individuals. In contrast, small bats appeared to forage alone.",16119324,,,Internet Archive,selectedreadings00jone,"Harvard University, Museum of Comparative Zoology, Ernst Mayr Library",English,https://biodiversitylibrary.org/permissions,In copyright. Digitized with the permission of the rights holder.
Phyllostomus discolor,"The pattern of visitation to flowers in restricted sectors of the Bauhinia patch supports the hypothesis that large bats feed in groups. The pulsed nature of visits was striking . After a period of active flower visitation in one section, very few or no visits were likely for up to 55 min (average interval between peak visitation periods 21.6 min, N 43). The average period of active visitation was 10.9 min (N 49), consisting of an average of 14.4 visits. An average of 8.2 periods (range 7-9) of active visitation were observed in each of the six sections observed for 3 hr on November 5. These patterns are summarized in Table 4. The distribution of",16119324,,,Internet Archive,selectedreadings00jone,"Harvard University, Museum of Comparative Zoology, Ernst Mayr Library",English,https://biodiversitylibrary.org/permissions,In copyright. Digitized with the permission of the rights holder.
Phyllostomus discolor,"Finally, analyses of pollen loads suggested another difference in visitation patterns. Glossophaga soricina (a small bat) carried Bauhinia pauletia pollen only in mixed pollen loads with Crescentia pollen. Small bats carried either pure or mixed Crescentia pollen. Phyllostomus discolor (a large bat) had pure B. pauletia pollen loads on 55 (10) of the bats tested, and on only 41 (7) were very small amounts ( 5 of all pollen) of Crescentia pollen found.",16119324,,,Internet Archive,selectedreadings00jone,"Harvard University, Museum of Comparative Zoology, Ernst Mayr Library",English,https://biodiversitylibrary.org/permissions,In copyright. Digitized with the permission of the rights holder.
Phyllostomus discolor,"The specimens were observed hanging on walls inside the caves and last than 5 metres from the entrance. The adult male was solitary, while the juvenile was close to other conspecific individuals with normal coloration. Both individuals had complete albinsm, including reddish eyes, which are typical features of albinism . Aside from the obvious morphological differences of albino bats (i.e., coloration), no other differences were observed for the individuals during the brief period during which they were observed in the field (not more than 30 minutes), not even in their behavior. The observed individuals were not euthanized since the legal authorization of the research only permitted the capture of bats for purposes of identification, with the collection of specimens be-",64284370,30,2019.0,Virtual Item,vi211047v30201920250323011001,Pensoft Publishers,English,https://biodiversitylibrary.org/permissions,In copyright. Digitized with the permission of the rights holder.
Phyllostomus discolor,"208 SPECIAL PUBLICATIONS MUSEUM TEXAS TECH UNIVERSITY The stomach in Tonatia varies somewhat from those previously mentioned, and that of Tonatia minuta varies intraspecifically. For example, the stomach of T. minuta may have a poorly developed fundic caecum. Additionally, the pyloric tube is bent at a right angle to the general orientation of the stomach, as observed in T. bidens (Fig. lc), or it may more closely approximate the simple, symmetrical configuration found in species of Micronycteris. The esophageal entrance is located about midway along the lesser curvature. The pyloric tube in Chrotopterus auritus differs from that in species of Micronycteris only in being relatively longer. The stomach of Phylloderma stenops (Fig. le) is more globular than those of other phyllostomatines, but otherwise it does not differ substantially from those found in species of Micronycteris. The stomach of Trachops is Micronycterislike but still is more tubular, and the lesser and greater curvatures are nearly parallel. The stomachs of several other phyllostomatines differ more distinctively from the Micronycterislike configuration. For example, in Phyllostomus discolor (Fig. Id) and P. hastatus the fundic caecum is well developed and often is dilated at its terminus. The pyloric portion is distinctively elongated and sometimes there is a prominent constriction in front of the gastroduodenal junction. A small, but perceptable cardiac vestibule occurs between the lesser curvature and the gastroesophageal junction. Although this vestibule is not nearly so expansive as that in some frugivores, it nevertheless is more distinctive than that of phyllostomatines described above. The stomach of P. hastatus generally resembles that of P. discolor , except for its considerably larger size. The greater and lesser curvatures are nearly parallel in both species. The stomach of Vampyrum spectrum (Fig. If), a carnivore that often feeds on other bats (see Rouk, 1973), is noticeably pearshaped with a moderately developed fundic caecum and a long, well differentiated pyloric tube. A cardiac vestibule is lacking and the lesser curvature is longer than in other phyllosto matines. This is because the pyloric tube exits to the side (right side of the body) with only very slight anterior recurvature of the terminal portion of the stomach. The stomach of this species, with its straight pyloric tube, has a strong resemblance to those of many species of the Insectivora (see Allison, 1948; Myrcha, 1967). Simplicity of stomach form is evident in the Phyllostomatinae. Some elongation of the pyloric portion, along with some dilation of the caecum also, is evident in comparison with stomachs of insectivorous bats of other families. These slight modifications likely are associated with increased volume of food ingested. Glossophaginae The stomach of Glossophaga soricina is large and saccular. Although its diet includes insects along with nectar, pollen, and fruit, the stomach is decidedly more specialized than that of any of the Phyllostomatinae, including the omnivorous Phyllostomus discolor. The fundic caecum in G. soricina is dilated and bulbar. The caecum can be distinguished from the remainder of the stomach by a distinctive furrow or sulcus on the dorsal surface. The stomach is curved in both frontal and transverse",56534706,,,Internet Archive,specialpublicati1619texa,"Harvard University, Museum of Comparative Zoology, Ernst Mayr Library",English,http://biodiversitylibrary.org/permissions,In copyright. Digitized with the permission of the rights holder.
Phyllostomus discolor,"568 Annals of the Missouri Botanical Garden TABLE 5. Average volume and solute concentration of nectar for five Bauhinia species. TS Total volume of nectar (ml flower) Solute concentration ( ) Section Species Range X SD Range X SD Pauletia (trees) B. aculeata 3.96-5.81 5.03 0.95 12.0-28.0 19.35 4.85 B. multinervia 60.37-138.01 102.42 36.41 16.4-21.0 19.34 1.62 B. pauletia 14.18-87.44 41.32 37.12 13.0-18.0 16.23 2.07 Tylotaea (lianas) . glabra 0.24 m 30.00 В. rutilans 1.06-2.36 1.88 0.57 26.0-30.0 28.25 1.81 terflies, and phyllostomatid bats were observed on B. multinervia and B. pauletia flowers. Phyllostomus discolor and Glossophaga soricina bats were considered effective pollinators because they carried pollen on their heads and bodies (Table 4). During the day, the flowers of B. multinervia and B. pauletia were visited by butterflies, wasps, and hummingbirds, though there was little nectar and pollen. In addition, B. multinervia was visited beween 0530 and 0800 hours by Phaethornis aguti (Trochilidae) to take nectar of open flowers from the previous night. A different behavior was shown for Bauhinia aculeata (sect. Pauletia): during the night, flowers were visited by Sphingidae (Eumorpha labruscae and FK. vitis) and infrequently by Noctuidae. Butterflies, wasps, bees, and hummingbirds were abundant during the day. The bees, Xylocopa (Neoxylocopa) sp., Apis mellifera, Eulaema speciosa, and several species of Pieridae (e.g., Anteos clorindae, Ganyra menciae) carried pollen of В. aculeata. These insects inserted their heads inside the flower and imbibed nectar. The hummingbird Chrysolampis mosquitus took nectar from the flower in the morning between 0600 and 0730 hours and at dusk between 1600 and 1830 hours. The species of sect. Tylotaea have comparatively small flowers, which were visited by a great variety of bees, wasps, butterflies, and hummingbirds during the time of stigma receptivity (Table 4). Bauhinia glabra was visited by Apis mellifera and Pseudaugochloropsis sp. These insects arrived at the flowers posing on the inferior and lateral petals, introducing their body into the flower, while Bombus sp. inserts only its head into the flower. The most frequent visits were by А. mellifera and Bombus sp. during the morning. Bauhinia guianensis was visited by Xylocopa sp. and Synoeca surinama in the morning and afternoon. These bees carried pollen on the legs and head. A species of butterflies (astra insignis, Hesperiidae) took nectar about noon, but it was not a pollinator. In addition, one unidentified hummingbird was observed for a long time visiting the flowers. Bauhinia rutilans was visited by bees, wasps, and hummingbirds; Xylocopa sp. and BomLE 6. Proportion of organic compounds in nectar of six Bauhinia species (arrows indicate temporary trends TAB after anthesis). Section Species Amino acids' Phenols Alkaloids Proteins Pauletia (trees) B. aculeata tr slightly ND B. multinervia 5 10 Мр їг В. рашейа з--7 гэ Мр Мр B. ungulata 6 tr ND ND Tylotaea (lianas) B. glabra 6 10 ND tr В. rutilans 2T кок RE slightly tr traces; suggests piae lodi the night; ND not detected; ' scale from 1 to 10 of relative quantities; moderate; abur",28001063,77,1980.0,Internet Archive,mobot31753003566418,"Missouri Botanical Garden, Peter H. Raven Library",English,https://biodiversitylibrary.org/permissions,In copyright. Digitized with the permission of the rights holder.
Phyllostomus discolor,"2021 VELAZCO ET AL.: MAMMALIAN DIVERSITY AND MATSES ETHNOMAMMALOGY IN PERU PY: REMARKS: The only capture of Phyllostomus discolor accompanied by ecological information from our region was in a ground-level mistnet in primary forest at Jenaro Herrera. No roosting groups of this species were encountered during our study. Phyllostomus elongatus (E. Geoffroy St.-Hilaire, 1810) Figure 19A VOUCHER MATERIAL (TOTAL 24): Estacion Bioldgica Madre Selva (MUSM 32148), Jenaro Herrera (MUSM 5494, 5530), Nuevo San Juan (AMNH 272679, 272680, 272762, 272763, 272804, 273103, 273120, 273195; MUSM 1323213236, 15253-15255), Quebrada Blanco (MUSM 21205), Quebrada Esperanza (FMNH 89041, 89042, 89150), Quebrada Pantale6én (MUSA 15259); see table 34 for measurements. UNVOUCHERED OBSERVATIONS: During the Yavari Rapid Biological Inventory, one individual of Phyllostomus elongatus was captured at Quebrada Buenavista, and two individuals were captured at Quebrada Curacinha (Escobedo, 2003). An unspecified number of individuals of P. elongatus were also captured at Anguila and Wiswincho during the Tapiche-Blanco Rapid Biological Inventory (Escobedo-Torres, 2015). IDENTIFICATION: Phyllostomus elongatus is easily distinguished from other congeners by the following combination of characteristics: medium size (forearm 61-75 mm, greatest length of skull 29-35 mm); bicolored dorsal fur; ventral fur dark with no frosting; plagiopatagium attached to the ankle; wings with white tips; calcar equal to or longer than foot; ear length (from notch) 25 mm; tibia 24 mm; and sagittal crest well developed (Williams and Genoways, 2008; Rodriguez-Posada and Sanchez-Palomino, 2009; Lépez-Baucells et al., 2018). Descriptions and measurements of P elongatus were provided by Husson (1962, 1978), Swanepoel and Genoways (1979), Brosset and Charles-Dominique (1990), Simmons and Voss (1998), Lim et al. (2005), Rodriguez-Posada and Sanchez-Palomino (2009), and Novaes et al. (2014). No subspecies are currently recognized (Williams and Genoways, 2008; Rodriguez-Posada and Sanchez-Palomino, 2009). Ascorra et al. (1993), Ceballos-Bendezu (1968), Fleck et al. (2002), and Medina et al. (2015) correctly identified their specimens from Jenaro Herrera, Quebrada Esperanza, Nuevo San Juan, and Quebrada Pantaleon, respectively, as Phyllostomus elongatus. Ihe voucher material we examined from the Yavari-Ucayali interfluve conforms to previous descriptions of P. elongatus, with measurements that fall within the range of size variation previously documented for the species. REMARKS: All the nocturnal captures of Phyllostomus elongatus accompanied by ecological data from our region (N 29) were in groundlevel mistnets. Of these, 20 were in primary forest, 3 were in secondary vegetation, and 6 were in a palm swamp (aguajal). We found five roosts of this species near Nuevo San Juan (table 35), usually in the rotted-out central cavities of large standing trees, but once beneath an undercut stream bank; recorded heights of roosting groups ranged from ground level to 4 m above the ground. Four roosts were in primary upland forest, and one was in seasonally flooded forest. Two roosts contained only P elongatus, one was shared with P hastatus, another with Carollia perspicillata, and one was shared with an unidentified species that evaded capture. Our observation of Phyllostomus elongatus roosting beneath an undercut stream bank is unique; all other reported natural roosts of this widespread species suggest that, in caveless landscapes, this species roosts almost exclusively in hollow trees (Tuttle, 1970; Ibanez, 1981; Simmons and Voss, 1998; Aguirre et al., 2003; Shapley et al., 2005; Diaz and Linares Garcia, 2012). Phyllostomus hastatus (Pallas, 1767) Figure 19B VOUCHER MATERIAL (TOTAL 27): Jenaro Herrera (AMNH 278513; MUSM 840, 875, 876, 5507), Nuevo San Juan (AMNH 272681, 272682,",61530210,no. 451,2021.0,Internet Archive,mammaliandiversno45vela,American Museum of Natural History Library,English,http://biodiversitylibrary.org/permissions,In copyright. Digitized with the permission of the rights holder.
Phyllostomus discolor,"HOOI) AND SMITH-HISTOMORPHOLOGY 25 cases ( Centurio and Ametrida) the oviducts enter on the midline (Figs. 4, 5, 7, 12). As a result of a fundic external entry and the pathway of intramural juncturae, little uterine tissue is interposed between the oviducts. Functional endometrium was lacking in this region in all but two taxa ( Vampyrops helleri and Vampyressa pusilla). In all other stenodermines, the interposing uterine tissue is limited to a dense connective tissue stroma. Resolution of the primitive or derived nature of the lateral and fundic oviductal entries in phyllostomids with simplex uteri is not simple. There are no ontogenetic data available on the devel opment of the phyllostomid simplex uterus, and out-group com parison cannot be readily applied to determine the polarity of this phylogenetic character. However, based on indirect evidence of comparative and ontogenetic studies of the simplex uterus in anthropoid primates and edentates, it appears that a lateral entry is most easily derived from a bicornuate uterine anatomy. In the absence of contradictory evidence, we propose that a lateral entry, as exemplified by the Phyllostomus-g roup, is primitive for sim plex phyllostomids. With progressive uterine fusion, the oviductal junction moves towards the midsaggital line with the result that the fundic entry of glossophagines, brachyphyllines, and carolliines is regarded as a derived morphology. This progressive movement of the oviductal entry reaches its most highly derived form in stenodermines. The phyllostomid intramural oviduct possesses several unique features. Mucosal folds, prominent in the intramural junctura of noctilionids and mormoopids, were notably reduced in all phyl lostomids examined . This reduction of mucosal folds begins in the extramural oviduct near the external entry and con tinues to the UTJ. The mucosal lining of some taxa shows low folds, but these are without a supporting lamina propria. Restric tion of mucosal folds to the extramural oviduct is a unique fea ture among bats and is considered a synapomorphy of the family. Unilateral oviductal reactions have been described in Glossophaga, Carollia, and Desmodus (Rasweiler, 1972; Bonilla and Rasweiler, 1974; Quintero and Rasweiler, 1974). In this study, these reactions also were observed in the oviducts of preovulatory and early-pregnant specimens of these taxa. Identical unilateral reactions (ipsilateral to the functional corpus luteum) were observed in preovulatory and early-pregnant specimens of the fol lowing phyllostomid taxa: Phyllostomus discolor, P. hastatus, Monophyllus redmani, Leptonyctens curasoae, Phyllonycteris",55668345,86,1983.0,Internet Archive,occasionalpapers8619texa,"Harvard University, Museum of Comparative Zoology, Ernst Mayr Library",English,http://biodiversitylibrary.org/permissions,In copyright. Digitized with the permission of the rights holder.
Phyllostomus discolor,"84 SPECIAL PUBLICATIONS MUSEUM TEXAS TECH UNIVERSITY the most traffic. Swift mountain streams and large rivers frequently are less pro ductive of phyllostomatids and, in the latter case, pose difficulties in collecting. Ponds. -Isolated ponds in areas where there are no other sources of available water often attract bats in spectacular numbers and variety in the dry season. Other watering places, sometimes only a few centimeters in diameter, appear to be highly attractive to some stenodermines, even in the rainy season and in places where other water is abundant (Tuttle, 19746). These sites are often well known to local native hunters who visit them in order to hunt tapirs ( Tapirus terrestris), which also are attracted in unusual numbers. Feeding sites. -Many phyllostomatids are best collected in proximity to their feeding places. Glossophagines visit many flowering trees and shrubs, the best of which may be found by watching hummingbirds; certain plants that attract these birds during the day are equally attractive to bats at night. Flowering banana and cashew trees are well worth checking. Bats of the subfamilies Carolliinae and Stenoderminae are most commonly collected near fruiting trees or shrubs. Wild figs attract a variety of these bats in large numbers, and gardens containing fruiting bananas, guavas, papayas, or mangos also are excellent attractions. Especially in virgin forest, fruit-eating birds and monkeys often provide clues to additional food sources. Vampires frequently are numerous around the borders of villages when chickens, dogs, or pigs are present, Desmodus is encountered most frequently near cattle or horses, whereas Diaemus and Diphylla are more likely to be found near poultry. The presence of vampires is easily confirmed by the presence of dried blood on the head and shoulder regions of livestock, or on perches where poultry roost at night. Feeding areas of phyllostomatines seem to be more generalized and unpre dictable, but I have nearly always succeeded in collecting Phyllostomus discolor , P. elongatus , and P. hastatus on small banana plantations in forested areas. Goodwin and Greenhall (1961:240) reported P. hastatus flying in groups of up to 100 to feed on the seeds of spacaia nut trees ( Lecythis zabucajo ), and that Micronycteris megalotis was attracted to fruiting guava trees op. cit ., 228). I have most frequently collected other phyllostomatines such as Chrotopterus, Miman, Phylloderma , Tonatia , and Trachops in natural clearings beneath a dense canopy of virgin lowland forest, where they appeared to be foraging. Such areas are found where undergrowth has been eliminated by wet-season flooding. Highland passes. -A surprising number and variety of phyllostomatids can be collected as they fly through low places along ridges. These are most easily found along roads that follow ridges. At elevations between 1400 and 2800 meters, I have commonly collected such interesting genera as Chiroderma, Enchisthenes, and Vampyrops. How to Collect at Foraging Sites Shooting .-Though shooting at dusk or later with a shotgun and number 12 shot is an excellent method for collecting many emballonurids, nocti lion ids, vespertilionids, and molossids, this method seldom works well for obtaining",55008847,10,1976.0,Internet Archive,biologybatsneww10bake,Museum of Texas Tech University,English,http://biodiversitylibrary.org/permissions,In copyright. Digitized with the permission of the rights holder.
Phyllostomus discolor,"pared to October 11 and 16. Differences in moonlight may have influenced activity (Crespo et al. 1972). For example, bat activity during 20 min of observation on December 2 (full moon), but was estimated to be light to moderate on December 16 (new moon). Apparent differences in bat activity during these nights were reflected in the amounts of pollen deposited on stigmas. The mean number of grains adhering to the stigmatic surfaces of pistils collected on December 3 was 23.2 (N 26, SD 42.22), while on December 17 the avearge number of grains per stigma was 294 (N 11, SD 152.4). This difference was highly significant (y , P .99).",16119325,,,Internet Archive,selectedreadings00jone,"Harvard University, Museum of Comparative Zoology, Ernst Mayr Library",English,https://biodiversitylibrary.org/permissions,In copyright. Digitized with the permission of the rights holder.
Phyllostomus discolor,"Breeding systems which promote outcrossing allow for greater evolutionary plasticity than inbreeding systems (Stebbins 1970). It has been suggested that genetic variability is important to plants subjected to changing selective pressures such as herbivores or seed predators that are also evolving (Janzen 1970). Plant breeding systems in the tropical dry forest region are typified by the prevalence of selfincompatibility systems among trees (Bawa in press), a large number of (Bawa and Opler pers. comm.), and the frequent occurrence of",16119325,,,Internet Archive,selectedreadings00jone,"Harvard University, Museum of Comparative Zoology, Ernst Mayr Library",English,https://biodiversitylibrary.org/permissions,In copyright. Digitized with the permission of the rights holder.
Phyllostomus discolor,"other strategies that promote outcrossing (e.g., heterostyly, protandry). This supports the hypothesis that maintenance of plasticity is generally important there. Bauhinia pauletia is not a likely exception to this generality. As extensive insect damage to seeds was observed, B. pauletia appears to be subjected to the type of changing selection discussed by Janzen",16119325,,,Internet Archive,selectedreadings00jone,"Harvard University, Museum of Comparative Zoology, Ernst Mayr Library",English,https://biodiversitylibrary.org/permissions,In copyright. Digitized with the permission of the rights holder.
Phyllostomus discolor,"4 JOURNAL BOMBAY NATURAL HIST. SOCIETY, Vol. 93 (1996) Figure 4 illustrates the duration of stay (I bout) in the night roost by the female. The time spent in the night roost was relatively higher during bright moon hours of the first quarter moon and full moon nights. The results are also in agreement with the data collected for subsequent bouts in the night roosts (Figs. 5, 6 7). Even though there were variations in the time spent during different bouts in the night roost by the female during breeding and nonbreeding seasons, the results of cumulative data collected for all the rest of the bouts suggest that during breeding season the moon light avoidance is significantly higher than during non-breeding season. Discussion Fig. 4. Time duration ol 1 bout night roost occupancy (ordinate) in breeding ( g ) and non-breeding (Q ) female. Other details as in Fig. 2 feeding passes before returning to the night roost. During full moon nights, even though there was an occurrence of two or three feeding bouts they were of shorter duration. The duration of occupancy in the night roosts was significantly higher. During most of the nights, at moon-set this female M. lyra re-emerged from the night roost and foraged till dawn. These data on the influence of moon phases on the foraging activity of the female M. lyra differs significantly during breeding and nonbreeding seasons. Fig. 2 shows clearly that the time spent in the night roost by the female M. lyra was significantly higher during breeding season compared to the non-breeding season during all phases of the moon. During last quarter, however, the female spent significantly lesser time in the night roost during non-breeding season than in the breeding season . Figure 3 illustrates the dependency of the duration of the night roost occupancy in an individual male on the lunar periodicity. The pattern follows those exhibited by the female. During bright moon hours the male returned to the night roost and remained there for a long time. Bats are faithful to individual night roost as long as the nearby area remains resourceful. During rainy months most of the night roosts are closer to day roosts since the ponds and the neighbouring fields are flooded with water yielding rich food resources. During long summer months bats make long commuting flights between foraging grounds and night roosts, hence several of the night roosts were temporarily shifted to distant places which are rich food resources. The lactating females night roosted close to day roost during breeding season because the mother bats carried their young to the night roost and left them in the night roost while they foraged. Since they have to carry the extra baggage the mother bats preferred to night roost closer to the day roost during breeding. The first indications of moon light avoidance behaviour were given in the observations of Tamsitt and Valdi vieso (1961), Villa ( 1 966), Wimsatt ( 1 969), Schmidt et al. (1971) and Crespo et al. ( 1972) who could catch less number of foraging vampire bats and phyllostomids in their nets at moonlit nights than they could before the moon had risen or after it had set. A direct proof of the inhibitory effects of moon light was, however, obtained only after months of recording the flight activity of several captive bats such as Artibeus jamaicensis and Phyllostomus discolor under natural lighting conditions (Erkert",48603242,93,1996.0,Internet Archive,journalofbombay931996bomb,Smithsonian Libraries and Archives,English,https://www.biodiversitylibrary.org/permissions/,In Copyright. Digitized with the permission of the rights holder
Phyllostomus discolor,"BIOLOGY OF THE PHYLLOSTOMATIDAE 429 mammal blood, is a minor constituent of wet zones but becomes increasingly important in drier forest, probably a function of increasing livestock density. Altitudinal data reinforce the general conclusions derived from lowland data. Carollia perspicillata is an important community member at all elevations sampled. G. soricina, already seen to be a minor member in wet lowland forest, is equally unimportant in higher forest. The large fruit specialists A. jamaicensis and Vampyrops, which respond similarly to moisture change in lowland forest, show opposite trends at high altitudes in wet forest prominence of Vampyrops and disappearance of A. jamaicensis. The frugivorous generalists of the genus Sturnira and small species of Artibeus show a pattern similar to that of Vampyrops , except that small Artibeus decrease in importance at the highest elevation. Perhaps this pattern represents a competition-based displacement or poor response by small kinds of Artibeus to the greater daily variation of climate in high altitude forests. The prominence of Sturnira may indicate some special adaptations to highlands in view of its unimportance in all lowland forests sampled. Careful work that samples vertical strata and accounts for differences of habitat and season will reveal much more about tropical bat communities and phyllostomatids. For example, ground-level nets at a site at Belem, Brazil, yielded 18 species with a diversity of 1.93; simultaneous netting with subcanopy and canopy nets placed above the ground nets added seven species of phyllostomatids and increased diversity to 2.40 (Handley, 1967). In all-night netting, LaVal (1970, personal communication) alternately sampled riparian forest and banana groves at Finca La Pacifica, near Canas, Costa Rica. A decrease in diversity in the plantation (1.63 as opposed to 1.84 in the riparian forest) was accompanied by marked shifts in species composition; most striking was the omnivorous Phyllostomus discolor, rare in the forest but by far the most abundant species in banana groves, where presumably it ate banana nectar and pollen. In an area of slash-and-bum agriculture near Frijoles, Canal Zone, D. E. Wilson (personal communication) sampled during the wet season (shortly after the main pulse of births for the year) and in the following dry season. Wet season diversity was 1.93 with 14 species, but dry season values dropped to 1.74 and seven, respectively; all species lost in the dry season were phyllostomatids. Such data suggest exciting patterns of phyllostomatid specialization in foraging strata and habitat and the possibility of seasonal migration or nomadism among habitats. Ecosystem Functions The dynamics of energy flow are receiving increased attention by ecologists. Producers and decomposers are recognized as the important organisms in contributing to net productivity. Consumers account for little of the energy flowing through their ecosystems (Fleharty and Choate, 1973; Fittkau and Klinge, 1973). However, they do play key roles in directing ecosystem dynamics. Long-term growth, succession, and stability of plant associations depend partly on ecosystem functions performed by herbivores. Examples are",56534927,,,Internet Archive,specialpublicati1619texa,"Harvard University, Museum of Comparative Zoology, Ernst Mayr Library",English,http://biodiversitylibrary.org/permissions,In copyright. Digitized with the permission of the rights holder.
Phyllostomus discolor,"Although B. pauletia is genetically self-compatible, self-pollination (autogamy) of flowers is improbable. The apparent correlation between pollen deposition on stigmata and bat activity (on two nights in December) suggests that pollen movement depends greatly on animal transport. The strategy of andromonoecism seems also to be associated with dependence on animal transport of pollen. Self-pollination of flowers during a bat visit is improbable, since bats tend to push the stamens and pistil apart (Fig. 4B4D) so anthers are unlikely to contact the stigma. Although small bats tended to visit particular flowers repeatedly, mixed pollen loads on G. soricina suggest that these small bats fly from flower to flower in a trapline. Probably these bats visit a series of flowers repeatedly, and their visits decrease the probability of autogamy. The movement of groups of large bats from one area to another clearly promotes outcrossing. Pollen transfer among tlowers of the same plant (geitonogamy) is not precluded by bat behavior, but it is clear that bats cause much if not most crossing.",16119326,,,Internet Archive,selectedreadings00jone,"Harvard University, Museum of Comparative Zoology, Ernst Mayr Library",English,https://biodiversitylibrary.org/permissions,In copyright. Digitized with the permission of the rights holder.
Phyllostomus discolor,"The simultaneous production of male and_hermaphrodite flowers on the same individual (andromonoecism) is rare, and its significance has not been investigated adequately. Carr et al. (1971) report andromonoecism in Eucalyptus spp. of the series Corymbosae but make no attempt to relate the phenomenon to pollination systems. It clearly reduces inbreeding, since functionally male flowers cannot be self-pollinated. We feel andromonoecism has additional adaptive value because it increases the ratio between pollen and ovules (or pollen and stigmatic surface). Large quantities of pollen may be necessary to ensure deposition of sufficient pollen to fertilize up to 30 ovules per stigma, especially since pollen is scattered over the entire ventral surface of bats. The stigmatic surface area is .0O8 cm, while the ventral surface area of just the wings of an average glossophagine bat is 144 cm? (Findley et al. 1972). This means the ratio of wing area (of an average small bat) to stigma surface area is 18,000:1. The need for large amounts of pollen in this system are obvious. Andromonoecism, therefore, may be associated with specialization for pollination by pollen vectors that are very large relative to stigma size.",16119326,,,Internet Archive,selectedreadings00jone,"Harvard University, Museum of Comparative Zoology, Ernst Mayr Library",English,https://biodiversitylibrary.org/permissions,In copyright. Digitized with the permission of the rights holder.
Phyllostomus discolor,"Bauhinia pauletia nectar is used by at least two species of bats that have evolved different resource utilization strategies. Circumstantial evidence suggests that the great majority of the large bats were Phyllostomus discolor, while small bats were Glossophaga soricina. Artibeus jamaicensis and Sturnira lilium, characterized by reduced uropatagia easily distinguished in most photographs, were not seen. In addition, fewer than one-third of the captured A. jamaicensis carried pollen. Since we found that A. jamaicensis and S. lilium visited other flowers in the study region, we cannot assume that they never visited B. pauletia: however, they are certainly less important to B. pauletia pollination than P. discolor and G. soricina.",16119326,,,Internet Archive,selectedreadings00jone,"Harvard University, Museum of Comparative Zoology, Ernst Mayr Library",English,https://biodiversitylibrary.org/permissions,In copyright. Digitized with the permission of the rights holder.
Phyllostomus discolor,"Resource utilization patterns appear to be related to aspects of the social behavior of these bats. Visitation by P. discolor is clearly coordinated, as indicated by the pulsed pattern illustrated in Fig. 4. This pattern and the formation of bats flying over the plants suggests a social organization that includes feeding groups. If so, more than one group was involved on November 4 and 5, as observers at opposite ends of the B. pauletia patch simultaneously watched peaks of visitation on 14 occasions. Therefore, it is impossible to speculate on the cohesiveness of these assemblages. Group foraging by Phyllostomus hastatus (Goodwin and Greenhall 1961) and Myotis adversus (Dwyer 1970) has been observed. As Artibeus jamaicensis and Carollia_ perspicillata may also forage in groups, this strategy may be more widespread than previously thought. In contrast, G. soricina forages singly around Bauhinia pauletia.",16119326,,,Internet Archive,selectedreadings00jone,"Harvard University, Museum of Comparative Zoology, Ernst Mayr Library",English,https://biodiversitylibrary.org/permissions,In copyright. Digitized with the permission of the rights holder.
Phyllostomus discolor,"Energetic considerations are of extreme importance in plant-pollinator relationships (Heinrich and Raven 1972, Wolf et al. 1972) and may account for these bat foraging differences. Since the large bat P. discolor always drains nectar from B. pauletia flowers, the reward in nectar in successive visits is correlated with the time between visits. Short times between repeated visits to the same flower will net the visitor little nectar. By visiting flowers in groups P. discolor may decrease the probability of quick successive",16119326,,,Internet Archive,selectedreadings00jone,"Harvard University, Museum of Comparative Zoology, Ernst Mayr Library",English,https://biodiversitylibrary.org/permissions,In copyright. Digitized with the permission of the rights holder.
Phyllostomus discolor,"BIOLOGY OF THE PHYLLOSTOMATIDAE 325 Mimon crenulatum Records from Campeche and Venezuela are from the dry season, whereas Peruvian records are from the rainy season. The single record from Costa Rica was taken in the period of transition between dry and rainy seasons. See Table 2. Mimon koepckeae No data are available on the reproductive pattern of this species. Phyllostomus discolor In addition to records listed in Table 3, Mares and Wilson (1971) found 80 per cent of 43 animals in 1968 and 51 per cent of 69 animals in 1970 to be reproductively active during February and March in Costa Rica. Tamsitt (1966) stated that in Colombia this species is acyclic or continuous in its breeding habits. Most of the above data suggest this pattern for other areas as well; however, the lack of reproductive activity as noted by Fleming et al. (1972) for Costa Rica seems unusual. Heithaus et al. (1975) suggested that P. discolor may be monestrous in Costa Rica. Phyllostomus hastatus Starrett and de la Torre (1964) reported that one of two July-taken males from Costa Rica had small, inguinal testes, and the other had large, scrotal testes; both were in an early stage of spermatogenesis with no mature sperm in the testes. The available data could support either a monestrous (in Nicaragua, Panama, and Trinidad) or polyestrous (in Colombia) pattern. In fact, this may be a species in which the reproductive strategy varies geographically. See Table 3. Phyllostomus elongatus Additional data from times of the year other than those listed in Table 3 are needed to elucidate the pattern of this species. The above data show that these animals breed during the middle part of the rainy season. Phyllostomus latifolius Nothing is known about the reproductive pattern of this species. Phylloderma stenops The only report of reproductive activity for this rare species is that of LaVal (1977), who reported a pregnant female in February (embryo length, 33 mm.) from Costa Rica. Gardner (1976) reported a reproductively inactive female from Peru that was collected in May.",56534823,,,Internet Archive,specialpublicati1619texa,"Harvard University, Museum of Comparative Zoology, Ernst Mayr Library",English,http://biodiversitylibrary.org/permissions,In copyright. Digitized with the permission of the rights holder.
Phyllostomus discolor,"cases (Centurio and Ametrida) the oviducts enter on the midline (Figs. 4, 5, 7, 12). As a result of a fundic external entry and the pathway of intramural juncturae, little uterine tissue is interposed between the oviducts. Functional endometrium was lacking in this region in all but two taxa (Vampyrops helleri and Vampyressa pusilla). In all other stenodermines, the interposing uterine tissue is limited to a dense connective tissue stroma.",63689819,86,1983.0,Internet Archive,occasionalpaper75texa,Smithsonian Libraries and Archives,English,http://biodiversitylibrary.org/permissions,In copyright. Digitized with the permission of the rights holder.
Phyllostomus discolor,"Resolution of the primitive or derived nature of the lateral and fundic oviductal entries in phyllostomids with simplex uteri is not simple. There are no ontogenetic data available on the development of the phyllostomid simplex uterus, and out-group comparison cannot be readily applied to determine the polarity of this phylogenetic character. However, based on indirect evidence of comparative and ontogenetic studies of the simplex uterus in anthropoid primates and edentates, it appears that a lateral entry is most easily derived from a bicornuate uterine anatomy. In the absence of contradictory evidence, we propose that a lateral entry, as exemplified by the Phyllostomus-group, is primitive for simplex phyllostomids. With progressive uterine fusion, the oviductal junction moves towards the midsaggital line with the result that the fundic entry of glossophagines, brachyphyllines, and carollines is regarded as a derived morphology. This progressive movement of the oviductal entry reaches its most highly derived form in stenodermines.",63689819,86,1983.0,Internet Archive,occasionalpaper75texa,Smithsonian Libraries and Archives,English,http://biodiversitylibrary.org/permissions,In copyright. Digitized with the permission of the rights holder.
Phyllostomus discolor,"The phyllostomid intramural oviduct possesses several unique features. Mucosal folds, prominent in the intramural junctura of noctilionids and mormoopids, were notably reduced in all phyllostomids examined . This reduction of mucosal folds begins 1n the extramural oviduct near the external entry and continues to the UTJ. The mucosal lining of some taxa shows low folds, but these are without a supporting lamina propria. Restriction of mucosal folds to the extramural oviduct is a unique feature among bats and is considered a synapomorphy of the family.",63689819,86,1983.0,Internet Archive,occasionalpaper75texa,Smithsonian Libraries and Archives,English,http://biodiversitylibrary.org/permissions,In copyright. Digitized with the permission of the rights holder.
Phyllostomus discolor,"Unilateral oviductal reactions have been described in Glossophaga, Carollia, and Desmodus (Rasweiler, 1972; Bonilla and Rasweiler, 1974; Quintero and Rasweiler, 1974). In this study, these reactions also were observed in the oviducts of preovulatory and early-pregnant specimens of these taxa. Identical unilateral reactions (ipsilateral to the functional corpus luteum) were observed in preovulatory and early-pregnant specimens of the following phyllostomid taxa: Phyllostomus discolor, P. hastatus, Monophyllus redmani, Leptonycteris curasoae, Phyllonycteris",63689819,86,1983.0,Internet Archive,occasionalpaper75texa,Smithsonian Libraries and Archives,English,http://biodiversitylibrary.org/permissions,In copyright. Digitized with the permission of the rights holder.
Phyllostomus discolor,"Mimon crenulatum (E. Geoffroy)-Tuttle (1970) recorded this species from Loreto and Pasco, and Thomas (1927a) from San Martin. Handley (1960) also included Hudnuco on the basis of a species (peruana) which he synonymized with M. crenulatum longifolium. Gardner and Patton (1972) described a new species (M. koepckeae) on the basis of three specimens from two highland (1660-1810 m.) localities in Ayacucho. These were compared with seven specimens of M. crenulatum from a single locality in Loreto. The American Museum has a single specimen (AMNH 233222) in the Terborgh-Weske collection from Estera Rohuana (lat. 12 43 S, long. 73 47 W), probably the same as one of Gardner and Patton s localities at 1900 m. in the Department of Ayacucho. It agrees very well with the description and skull photograph of koepckeae given by Gardner and Patton. This specimen has been compared with 11 Peruvian skulls of M. c. longifolium and numerous skulls of M. crenulatum from elsewhere in South America, all in the American Museum. Three of the Peruvian skulls were used by Handley (1960) in his study (where the Boca de Rio Curaray specimen was erroneously stated to be from Ecuador) and seven are Tuttle s. I have emphasized skulls partly because I consider them more useful, and partly because the external characters given by Gardner and Patton do not distinguish the two alcoholic Peruvian specimens (one M. c. longifollum, one M. koepckeae) which I have had available for comparison. The series of 10 skins from Loreto, Pasco, and Huanuco, however, though they are fairly uniform in general color, show considerable variation in the distinctness of the dorsal stripe. For each of the skull characters used to distinguish koepckeae-smaller size, more pronounced rostral tapering, lesser rostral inflation and absence of median depression (which are really a single character), lesser degree of auditory bullar inflation, less well-developed lingual cingular cleft-the koepckeae skull stands at one extreme of the crenulatum variation. However, in each of these characters, there is considerable variation within crenulatum and usually in M. c. longifolium and some individuals are quite close to koepckeae. To me,",63101391,2651,1978.0,Internet Archive,zoogeographyper2651koop,American Museum of Natural History Library,English,http://biodiversitylibrary.org/permissions,In copyright. Digitized with the permission of the rights holder.
Phyllostomus discolor,"Phyllostomus elongatus E. Geoffroy-This Amazonian species was recorded by Tuttle only from Pasco and Cuzco, the latter from as high as 1500 m. (Hacienda Cadena). Specimens collected by Terborgh and Weske in Cuzco are all from 950 m. or lower. The American Museum also has 19 specimens from Loreto and the Field Museum has specimens from Madre de Dios.",63101391,2651,1978.0,Internet Archive,zoogeographyper2651koop,American Museum of Natural History Library,English,http://biodiversitylibrary.org/permissions,In copyright. Digitized with the permission of the rights holder.
Phyllostomus discolor,"BIOLOGY OF THE PHYLLOSTOMATIDAE 219 The circular layer clearly is the dominant portion within the aboral pyloric tube of nearly all species. Macrophyllum macrophyllum is a noteworthy exception because in this species the aboral circular layer is thinner than elsewhere in the stomach. In stenodermines, the pyloric circular layer thickens progressively from cardiac vestibule to pyloric sphincter. Species that feed predominantly or exclusively on plant material have enlarged cardiac vestibules and fundic caeca. This development of sub compartments is accompanied by a progressive reduction in the thickness of the muscularis extemis in the enlarged areas. In species that apparently are omnivorous (for example, Glossophaga soricina, Phyllostomus discolor , and species of Micronycteris ), the muscularis externis is reduced in thickness in the apex of the caecum. Such a reduction could be regarded as an intermediate condition or as reflective of a trend toward a frugivorous diet. Intestine Bats most often have short, small intestines in comparison to other kinds of small mammals. Most comparative measurements of intestinal lengths in bats (see Eisentraut, 1950; Robin, 1881) have revealed that frugivores usually have relatively long intestines (in relation to body length) when compared to insectivorous, carnivorous, or nectarivorous species. This finding applies to Phyllostomatidae as well as to the Microchiroptera in general. Eisentraut (1950) noted that of numerous species of bats with a variety of feeding habits, those with an intestinal length greater than four times the body length always were fruit-eating phyllostomatids, and that others had intestines of relatively lesser length. Among species with the longest intestines (relative to body length) are Chiroderma villosum, Vampyrops vittatus, and several species of Artibeus and Brachyphylla (Forman, unpublished data). Vampires have intestines of moderate length. Based on only scattered and incomplete data, those few glossophagines for which measurements are available generally have relatively short intestinal tubes. In general morphological features, the intestine differs little from that of most other groups of small mammals. Both small and large intestinal segments are present and a short duodenum is distinguished by noteworthy breadth. One noteable feature, shared with other groups of bats, is the lack of an ascending or transverse colon so that the large intestine is restricted to a relatively short descending colon. A caecum always is lacking. However, at the junction of small and large intestines there frequently is a small ampulla formed as a result of a hypertrophic dilation of the muscularis externa. Abundant lymphoid tissue (nodules of Peyer s patches) always are present within the ampulla, which is displaced well away from mesenteric attachment to the gut (Forman, 1974a, 19746). This ampulla first was observed in Carollia perspicillata (Schultz, 1965). Schultz likened this protrusion, in size and location, to the abbreviated ileocolonic caecum in species of the Old World microchiropterans Rhinopoma and Megaderma.",56534717,,,Internet Archive,specialpublicati1619texa,"Harvard University, Museum of Comparative Zoology, Ernst Mayr Library",English,http://biodiversitylibrary.org/permissions,In copyright. Digitized with the permission of the rights holder.
Phyllostomus discolor,"1. Fruit eaters, along with several probable nectivores ( Anoura , Lichonycteris and Glossophaga ), one blood feeder, and insect feeders of the genus Molossus, tended to have the great est number of Peyer's patches. This is a trend only, because intraspecific variation was extensive in the fruit-eating kinds. The fewest patches (one to three) were observed in carnivorous and most insectivorous kinds. Temperate species of the family Vespertilionidae usually had three patches. Probable omnivores, such as Phyllostomus discolor and P. hastatus often had few, but extremely large patches. There was no apparent relationship between the sex of an animal and the number of patches. The relative amount of lymphoid tissue often was a func tion of the number of Peyer's patches. However, variation in the size of patches was extensive and exceptions to the above were frequent. Surface area of the intestine occupied by lymphoid tissue appears in Table 1. The large bats such as Phyllostomus , Artibeus , Chrotopterus , and Noctilio had more of this organized lymphoid tissue than most smaller ones, however, a consistent relationship did not occur. For example, Eptesicus fuscus , a large temperate insect feeder, frequently had less lymphoid tissue in the gut than species of the small er Myotis . Although temperate forms sometimes had slightly smaller nodules during torpor than when active (personal observation), hibernation apparently had little effect upon the number of nodules. In contrast, the small to medium-size species of Molossus , all insect feeders, consistently pos sessed large numbers of extremely well developed lymphoid patches. Nevertheless, it is apparent from the results in Table 1 that fruit-eating and tropical flesh-eating and omnivorous species had relatively larger amounts of organized gut lymphoid tissue than do most tropical as well as all temperate insect eaters. Most Peyer's patches were in the lower one-half to onethird of the small intestine. Only a single location possessed a patch in all species. This patch was at, or extremely near, the ileocolonic junction and always was the most caudal one. This patch frequently was larger than others within the animal. Also, it usually was structurally different from other patches because it protruded from the intestinal wall as an ampulla or vestibule and was, therefore, easily observed macro-scopically. Patches never were observed in the large intestine, and rarely were within the superiormost one-third of the intestine in any but fruitand nectar-feeding kinds, and Molossus. Patches were in the duodenum in only a few species. These in cluded Anoura geoffroy , Lichonycteris obscura , Desmodus rotundus , and all species of Molossus. Lymph nodules at the 154",57543846,67,1974.0,Internet Archive,transactionsofil6719unse,"New York Botanical Garden, LuEsther T. Mertz Library",English,http://biodiversitylibrary.org/permissions,In copyright. Digitized with the permission of the rights holder.
Phyllostomus discolor,"102 SPECIAL PUBLICATIONS MUSEUM TEXAS TECH UNIVERSITY When offering food, it is advisable to use small pieces, about 1-centimeter cubes, well mixed. This will prevent dominant individuals from selecting all the choice fruits or obtaining more food than their cage mates. Small pieces can be easily managed by bats while eating or flying. The smaller fruit-eating bats can handle whole fruits only when they are overripe or soft enough that a small hole can be bitten in the skin through which the fruit pulp and juice can be extracted. Some biologists have fed phyllostomatids some unusual dietary items. For example, Ruschi (1953 ) fed Artibeus lituratus blood as well as fruit and insects, because he believed that this species feeds upon blood in the wild. Goodwin and Greenhall (1961) stated that Phyllostomus discolor will not eat flesh in captivity and prefers fruit such as bananas, mangoes, and papayas. McNab (1969) reported, however, that captive P. discolor require a small, but regular, intake of meat. Uwe Schmidt (personal communication) mentioned having successfully reared this species on sliced bananas, mealworms, and neonatal laboratory mice. McNab (1969) reported that he kept a number of frugivorous phyllostomatids healthy for extended periods of time, but, unfortunately, provided no information on diets other than the fact that Rhinophylla pumilio , Uroderma bilobatum , Artibeus cinereus , and A. concolor were fed fruit. His Phyllostomus elongatus and Vampyressa nymphaea would not eat. Polyphagous Phyllostomatids A good example of an omnivorous phyllostomatid is Phyllostomus hastatus, which readily adjusts to captivity. Dunn (1933) fed P. hastatus mice, bats, birds, defibrinated blood, fruit, and raw meat, including liver. Ruschi (19536) and McNab (1969) provided similar fare, the former adding cockroaches when avail able. Goodwin and Greenhall (1961) found that this species, in addition to ac cepting a wide variety of fruit, thrived on mice and young birds. It did not hesitate to kill and eat other bats placed in its cage although it appeared to be uneasy in the presence of Desmodus. The diet used by the New York Zoological Park for their colony of P. hastatus is given in Appendix 16. Donna J. Howell (personal communication) fed both Phyllostomus hastatus and P. discolor a special diet for frugivorous bats (Appendix 17) and commented that these bats also got a dish of mealworms at each feeding. Carnivores The best known carnivorous phyllostomatid is Vampyrum spectrum. It has been raised successfully in captivity on raw meat as well as dead whole chicks and pigeons (Ditmars, 1935, 1936; Goodwin and Greenhall, 1961; Crandall, 1964; Bradbury, 1970). Greenhall (1968) described the care of Vampyrum , which successfully raised young during the five years bats were maintained in captivity. They were fed pigeons, chicks, wild birds, and dead laboratory rats and mice as well as raw meat cut into 2-centimeter chunks. Although these Vampyrum never fought over food, there was always the risk of injury to their wings when they stalked live prey because the cage was too small. Therefore, all",55008865,10,1976.0,Internet Archive,biologybatsneww10bake,Museum of Texas Tech University,English,http://biodiversitylibrary.org/permissions,In copyright. Digitized with the permission of the rights holder.
Phyllostomus discolor,"Volume 77, Number 3 1990 Hokche Ramirez Pollination Ecology of Bauhinia Species duced can exceed the volume of the hypanthium cavity, and without pollinating visits, nectar starts dripping down or out. Bauhinia aculeata produced nectar for 19 hours, whereas in В. pauletia and B. multinervia, production lasted approximately 13 hours. The secretion rate, estimated as the volume produced per time unit, was highest in B. multinervia (X 7.88 ml hr.), followed by B. pauletia (X 3.61 ml hr.) and B. aculeata (X 0.27 ml hr.). The first two species are characterized by nocturnal secretion. Significantly in B. aculeata no difference between diurnal (0.17 ml hr.) and nocturnal (0.22 ml hr.) secretion rates was found. The species of sect. Tylotaea produced less volume of nectar with a higher sugar concentration than those of sect. Pauletia (Table 5). In Bauhinia glabra the volume was less than the minimal capacity of microcapillaries and only a sticky sap at the base of stamens and pistil was detected. In B. rutilans nectar secretion took place during seven hours and the rate was 0.27 ml hr., similar to that in B. aculeata (sect. Pauletia), with a total of 1.88 ml per flower. NECTAR COMPOSITION The nectar of six Bauhinia species contained proteins, amino acids, phenols, and alkaloids, but no lipids were detected in the nectar of any of the species studied (Table 6). Alkaloids appeared in low quantities only in the nectars of B. aculeata and B. rutilans. Only traces of protein were detected in the nectar of B. multinervia (sect. Pauletia), while in B. glabra and B. rutilans (sect. Tylotaea) it was detected in low quantities. The proportion of sugar in the nectar of sect. Pauletia showed that sucrose is dominant in B. aculeata, while B. multinervia and B. ungulata were hexose-dominant with similar proportions of glucose and fructose. The proportion of glucose was similar to sucrose in B. glabra but there was a higher proportion of both sugars than of fructose (Table 7). There is a temporal change of the proportion of sucrose, glucose, and fructose in the nectars during the secretion period, with a decrease in the proportion of sucrose over time in the tree species. At the beginning of nectar secretion, the proportion of sucrose was 2.74 times higher than 12 hours later in B. pauletia, B. multinervia (both sect. Pauletia), and B. rutilans (sect. Tylotaea): when sucrose decreases, fructose and glucose increase in quantity and the sucrose glucose fructose ratio decreases (Table 7 100 7 8. glabra "" N 118 100 7 B. rutilans N 18 so1004 B. pauletia о N 40 Ф 504 o ü 7 e 1007 Ф 4 В. multinervia а М 49 O 3504 e o 1004 4 B. aculeata ме 112 507 PD. _-_A 07:00 1008 зоо 16:00 19:00 e200 окоо Time (hr) FIGUR Anthesis expressed as the percentage of open fowers е half-hour intervals. C cumulative, Ш non-cumulative The proportions of 20 amino acids analyzed differed in the nectar of different Bauhinia species, and varied from 3 to 10, using a relative scale (Table 6). The scale from 1 to 10 is based on standard concentrations of histidine. A value of 10 is equivalent to 3.9 mg histidine ml, and each successive unit below 10 represents a halving of concentration (9 1.95 mg ml; 8 0.975 mg ml; and so forth) (Baker Baker, 1975). The analyses showed that there was no difference in the presence of essential amino acids. Proline was dominant in all species except B. multinervia. Only one species studied, B. rutilans, had lysine in the nectar (Table 8) POLLINATOR ACTIVITY In bat-pollinated species of Bauhinia the flowers are exposed on the top of the foliage, and petals are separated, leaving the anthers exposed. The pollen adheres to the head and ventral part of the animal. The feeding activity and hence pollination last only seconds with the maximum occurring at dusk and in the first night hours. During the visit, Phyllostomus discolor and Glossophaga soricina seize the flowers and inflorescences so that the branches are bent down by the weight of the animal. Nocturnal visits were made by Sphingidae and but-",28001062,77,1980.0,Internet Archive,mobot31753003566418,"Missouri Botanical Garden, Peter H. Raven Library",English,https://biodiversitylibrary.org/permissions,In copyright. Digitized with the permission of the rights holder.
Phyllostomus discolor,"18 AMERICAN MUSEUM NOVITATES NO. 3870 roosts, but each also often occurs elsewhere (S. bilineata on the exposed trunks of standing trees, P hastatus in termite nests, and T. cirrhosus in hollow logs). Three additional species that are the last to join this cluster and may account for its relatively weak bootstrap support appear to be generalists with no clearly distinguishable modal roosting behavior ( Carollia brevicauda, Glossophaga soricina, Micronycteris megalotis). We assign another 19 species to this guild based on the preponderance of evidence from both Amazonian and extralimital observations (table 1, appendix 3). Known natural roosts of these species are exclusively in tree cavities (Glyphonycteris daviesi, G. sylvestris, Lampronycteris brachyotis, Micronycteris schmidtorum, Tonatia saurophila, Trinycteris nicefori, Vampyrum spec trum, Cynomops planirostris, Eumops glaucinus, Molossus coibensis, M. molossus, M. pretiosus. Myotis simus) or in tree cavities and caves ( Chrotopterus auritus, Desmodus rotundus, Micro nycteris minuta, Mimon bennettii, Phyllostomus discolor, Noctilio leporinus). In central Amazo nia, where caves and rocks are largely absent, the latter species are presumably found almost exclusively in tree cavities, but along the base of the Andes or in other areas with rock outcrops these taxa might as appropriately be referred to Guild VIII (see below). Guild IV. Species that roost in or under fallen trees: Although treefalls are fre quent events in Neotropical lowland rain forests (Chambers et al. suggest seven treefalls per hectare per year as an average rate for central Amazonian forests), there appear to be no relevant studies of the density of prostrate tree trunks, nor of their important characteristics as animal refugia. Amazonian bats find diurnal shelter on the undersides of large fallen trees, often between buttresses at the base of uprooted trunks, which form dark, concave recesses that may be elevated a meter or more above the ground. However, bats also roost on the rounded (convex) undersides of smooth, unbuttressed trunks that have fallen across streams or gullies, especially when these are clear of entangling vegetation. Logs with rotted-out central cavities provide additional roosting opportunities for bats that use such tunnellike structures, which sometimes have multiple openings. A reasonably well-defined group of Amazonian species is primarily associated with fallen trees, although some guild members are also found occasionally in other ground-level shelters (e.g., animal burrows or undercut earth banks). Two species in this guild ( Cormura brevirostris and Choeroniscus minor) seem to strongly prefer roosts on the undersides of fallen trees, whereas three others ( Micronycteris microtis, Hsunycteris pattoni, H. thomasi ) are more fre quently found inside hollow logs. Several species, however, are found with almost equal fre quency in both situations (e.g., Peropteryx kappleri, P. leucoptera, Furipterus horrens), which inclines us to consider fallen trees as a single resource class. We are not confident about the guild membership of Peropteryx macrotis and P. pallidoptera, which seem to be somewhat generalized in their use of ground-level refugia. Several members of this Amazonian guild are often found in caves or rocks elsewhere in the Neotropics (appendix 3). Guild V. Species that roost beneath undercut earth banks: River banks, stream banks, lake shores, and the sides of headwater gullies in hilly terrain are often undercut by water action or soil slippage in the rainy season, resulting in dark, cavelike recesses roofed by soil and roots. Fifteen species of Amazonian bats have been found roosting in such places, at",58095436,,,Internet Archive,roostingecology00voss,American Museum of Natural History Library,English,http://biodiversitylibrary.org/permissions,In copyright. Digitized with the permission of the rights holder.
Phyllostomus discolor,"The bat-fly bat interaction network for the Magdalena River Basin exhibited high specialization (H, 0.74) and low connectance (C 0.06). Likewise, the specialization index by bat fly species indicating that 23.68 of species were highly specialized (d 0.936-1). The results obtained from the reciprocal specialization index at the species level (d ) revealed that the species Anastrebla modestini, Exastinion clovisi, Paratrichobius sanchezi, Strebla alvarezi, S. christinae, Trichobius lonchophyllae, and T. parasiticus each had a value of 1, indicating high reciprocal specialization. These species were followed by Exastinion. decepticum (d 0.97) and Paradyschiria parvuloides (d 0.93). In contrast, the species with the lowest values in the specialization index were Strebla guajiro (d 0.11) and S. consocius (d 0.11), S. hertigi (d 0.19), and Speiseria ambigua (d 0.28), suggesting lower specialization compared to the aforementioned species (Suppl. material 1: table S1). Of the 38 species of bat flies included in our interaction network, 19 were associated with a single bat species: A. mattadeni, A. modestini, B. fuquiensis, E. clovisi, P parvuloides, Paraeuctenoides longipes, Paratrichobius sanchezi, S. alvarezi, S. christinae, S. consocius, S. tonatidae, Trichobioides perspicillatus, Trichobius affinis, T. dugesii, T. dugesioides, T. lonchophyllae, T. longipes, T. mendezi, and T. parasiticus. The bat fly species with the greatest number of interactions were T. joblingi (9) and Megistopoda proxima (6). The bat species with the most associations were C. perspicillata (8), A. lituratus (5), and Lophostoma nicaraguae, Phyllostomus discolor and P. hastatus (5). Additionally, 16 of the 37 bat species used to create the interaction network were associated with only one bat fly species (Suppl. material 1: fig S1). Moreover, we recorded high modularity for the interaction network (M 0.64), forming 13 modules of related species. Most modules exhibited medium (the fly interacts with the host bat species with a noticeable,",64344572,1221,2024.0,Virtual Item,vi210914v1221202420250330010720,Pensoft Publishers,English,https://biodiversitylibrary.org/permissions,In copyright. Digitized with the permission of the rights holder.
Phyllostomus discolor,"GENERAL NOTES 205 Pteronotus personatus (Wagner).-This species has been reported previously from Suriname (Williams and Genoways, 1980) and farther south and east through the central interior of Brazil (Mares et al., 1981). A specimen netted on 24 January from 1 km. N Remire represents the first reported from French Guiana; it also serves as a possible eastern range extension of 500 kilometers for the northern coastal region of South America. The conditions under which this specimen was taken are described in the account for Vampyrops brachycephalus. The specimen, a female that evinced no reproductive activity, had the following measure ments: length of forearm, 46.9; greatest length of skull, 16.1; condylobasal length, 15.0; breadth of braincase, 7.4; zygomatic breadth, 8.9; postorbital constriction, 3.6; length of maxillary toothrow, 6.5; distance across upper molars, 5.9. Artibeus gnomus Handley.-This species recently was described by Handley (1987) and reported to occur in several areas in northern South America. A female obtained from 3 1 2 km. S and 10 km. W Sinnamary, on 21 January, is the first record from French Guiana. It was netted in a recently cleared area of primary forest. Other species of bats collected at the same location included Saccopteryx bilineata, Carollia perspicillata, Rhinophylla pumilio, and Chiroderma trinitatum. The specimen of A. gnomus carried a fetus having a crown-rump length of 20. Measure ments of the adult were as follows: length of forearm, 39.3; greatest length of skull, 19.1; condylobasal length, 17.0; breadth of braincase, 8.4; zygomatic breadth, 10.9; postorbital constriction, 5.0; length of maxillary toothrow, 5.6; distance across upper molars, 7.5. Artibeus gnomus closely resembles A. cinereus, but it may be differentiated by its smaller size, prominent facial markings, and presence of lower third molars. It is possible that A. gnomus is related to the species associated with the genus Durmanura by Owen (1987); however, Owen (1988) did not comment on the relationships of gnomus. Until further information is available, the taxonomy given in the original description (Handley, 1987) is followed. Vampyrops brachycephalus Rouk and Carter.-The nearest geographic records for this species are in Suriname (Williams and Genoways, 1980). A male from 1 1 2 km. NE Remire (25 January) and two males and two females collected 1 km. N Remire (24 and 27 January) represent the first reports from French Guiana as well as an eastern range extension of about 350 kilometers. At 1 1 2 km. NE Remire, nets were set over a fast-flowing stream paralleled by secondary growth, which was adjacent to a large banana garden. Other species collected at this locality included, Phyllostomus discolor, Carollia brevicauda, C. perspicillata, Artibeus cinereus, A. jamaicensis, A. lituratus, Sturnira lilium, and Vampyrops helleri. Habitat netted at 1 km. N Remire consisted of secondary growth vegetation and unmaintained gardens on a hillside. Species of bats obtained in several nets during two nights of collecting in this habitat included Pteronotus personatus, Phyllostomus discolor, Glossophaga soricina, Carollia perspicillata, Artibeus cinereus, A. jamaicensis, Sturnira lilium , and V helleri. Testes in each of the three males of V. brachycephalus measured 4 by 3; reproductive data for females included single embryos with crown-rump measurements of 15 and 35. Average measurements for the three males, followed by those of the two females, are: length of forearm, 43.3, 43.2; greatest length of skull, 23.0, 22.5; condylobasal length, 20.0, 19.9; breadth of braincase, 9.9, 9.9; zygomatic breadth, 13.6, 13.6; postorbital constriction, 5.7, 5.8; length of maxillary toothrow, 8.0, 7.9; distance across upper molars, 9.6, 9.4. This species is similar to V. helleri , but it can be differentiated by its slightly larger dimensions and the presence of two accessory cusps on the anterior side of the lower second premolar. Lasiurus egregius (Peters).-This rare species is known only from three other specimens, two in the U. S. National Museum of Natural History and one in the Zoologisches Museum der Humboldt-Universitat zu Berlin. Collecting localities for these specimens are from Panama (San Bias, Armila, USNM 11175) and Brazil (Para, Mocambo, USNM 392993,",55913494,,,Internet Archive,texasjournalofs421990texa,Smithsonian Libraries and Archives,English,http://www.biodiversitylibrary.org/permissions/,In Copyright. Digitized with the permission of the rights holder
Phyllostomus discolor,"1984 Phillips et al.Gastric Ultrastructure of Bats 111 plicated subject because several variables are involved. Firstly, it is clear from histochemical studies that a variety of chemically distinct mucins are produced by different cells (Jennings and Florey, 1956; Forman, 1972). Secondly, mucous neck and surface epithelial mucous cells quite possibly arise from different stem cell sources (Chen and Withers, 1975). Thirdly, mucous neck cells are replaced by morphologically undifferentiated cells that possibly produce a series of chemically distinctive mucins during the course of their lifespan (this could account for staining differences along a gastric gland within one individual). Forman (1972) found that mucus production was greater in Pteronotus and in Phyllostomus than in Carol lia and much greater in all of these than in Artibeus. In Phyllostomus discolor, Forman (1972) found the greatest mucus reactivity to PAS (periodic acid Schiff), toluidine blue O, and Alcian blue, and concluded that . . . the omnivorous diet and seemingly ravenous feeding habits . . . evidently require abundant surface mucus to replenish a rapid loss of large quantities of escaping chyme. Mucous neck cells in Pteronotus generally reacted in a similar way, whereas Carollia displayed a notably weaker, less broad reactivity (Forman, 1972). Very little mucus apparently is produced in the gastric fundus of Artibeus and, furthermore, the mucous neck cells stain only weakly with PAS and Steedman s Alcian blue and lack metachromasia with toluidine blue (Forman, 1972). In terms of ultrastructure of mucous neck cells, the histochemical data provide a basis for interspecific comparisons. In our present TEM analysis, specific differences in the simple abundance of mucous neck cells and cell product were obvious (Figs. 2, 16, 17, 18). Additionally, interspecific ultrastructural differences in secretory product most certainly suggest very real differences in the chemistry of the product synthesized and assembled in these particular cells. Although Pteronotus and Phyllostomus display very similar histochemical staining reactions, the mucous neck cell product in Pteronotus differs in ultrastructural appearance from that found in the phyllostomids, including Phyllostomus (Figs. 16, 18). This finding is significant because it illustrates an instance in which interfamilial histochemical similarities are not consistent with ultrastructure, which, in turn, reflects systematic relationships. The question of gastric protection in the stomach of frugivores such as Artibeus is especially interesting in view of the evolution of an entire subfamily of phyllostomids that have similar, somewhat specialized stomachs (Forman, 1972, 1973). Even the glands of Brunner, which could protect the small intestine, are reduced or absent in stenodermatines (Forman, 1973; Forman et al., 1979). One explanation could be that gastric cytoprotection in Artibeus results more from surface-",52373509,53,1984.0,Internet Archive,annalsofcarnegi531984carn,Smithsonian Libraries and Archives,English,https://www.biodiversitylibrary.org/permissions/,In Copyright. Digitized with the permission of the rights holder
Phyllostomus discolor,"1984 metacarpals and unexplained environmental effects, must also be considered as potential sources of variation. Genetic variability is present among species of Carollia (Straney, 1980) but genetic variation among populations has not been examined in detail. The specimens examined were taken over a span of 100 years; environmental change has most likely occurred during this time. Changing environmental factors provide an external influence which may affect morphology. Secondary sexual dimorphism contributes a small proportion to the total variation within each species, but is present to varying degrees within all species of Carollia. Males are larger than females in all species. This is commonly seen in other kinds of mammals. The adaptive significance most often assigned is Darwinian sexual selection, whereby males must compete for mates and because it is advantageous, large body size is selected (Darwin, 1859). This is one possible explanation, but little is known about the breeding behavior of Carollia except that Porter (1975) noticed harem behavior in a laboratory colony of C. perspicillata. Other phyllostomid bats in which males are larger than females are Uroderma bilobatum (Baker, Atchlley, and McDaniel, 1972), Phyllostomus discolor (Power and Tamsitt, 1973; Bradbury, 1977) and Anoura cultrata (Nagorsen and Tamsitt, 1981). The opposite is seen in Ametrida centurio (Peterson, 1965), females are so much larger than males that they were once considered to be separate species. This is also seen in some vespertilionid bats, particularly in wing dimensions (Myers, 1978). This trend has been associated with a need to compensate for extra loading of pregnancy and the transport of young, coined the Big Mother hypothesis by Ralls (1976). Female Carollia also must deal with the extra loading of pregnancy and carrying young. Examination of Pine s (1972) data indicates that females have forearm lengths equal to those of the males, who are larger in weight. The wing dimensions of females appear longer relative to body size, which may compensate for the extra loading of pregnancy. Sexual dimorphism differs in degree and in the characters that vary among species of Carollia. Carollia subrufa and C. brevicauda are the most dimorphic. They share a number MCLELLAN: CAROLLIA 29 of characters that vary most between sexes, with no locality effects. These include depth of braincase, rostral breadth and mandibular depth, which are larger in males. From values of these measurements, it appears that males in these two species have a deeper braincase and a wider muzzle than do females. The other two species of Carollia are less sexually dimorphic in terms of my ability to discriminate between males and females in the samples. Rostral breadth is the most important character exhibiting sexual dimorphism in C. perspicillata, with little sexual dimorphism in a large number of characters. Many of the characters that vary little between sexes also have locality effects that may reduce the effectiveness of discrimination between males and females. Least dimorphic is C. castanea. Very few characters are involved and only palatar length and coronoid-angular distance have a large variance component due to sex. Pine (1972), using classical methods, had noticed an average difference between values from male and female cranial measurements only for C. perspicillata. He had not noticed differences between the sexes for the other species. The reason for these differences among species is impossible to interpret from my data, but may be explained by studying the differences in social structure and behavior of Carollia species. Geographic differences in values from cranial measurements are seen in all four species of Carollia. Past taxonomic problems can in part be attributed to an attempt to combine specimens from throughout the range of each species without taking geographic variation into account. This variability between collecting localities was first described in general terms by Pine (1972) who noticed regular differences among populations of C. subrufa, C. brevicauda, and C. perspicillata. Morphometric examination of cranial features reveals a latitudinal trend in skull length in all species of Carollia. Individuals from the northern portion of the range of each species are consistently larger than those from the southern portion. Similar patterns have been found in other phyllostomid bats. Nagorsen and Tamsitt (1981), for example, revealed an increase in size from south to north for Anoura cultrata. Latitudinal size trends are seen in many",62307969,2791,1984.0,Internet Archive,morphometricana2791mcle,American Museum of Natural History Library,English,http://biodiversitylibrary.org/permissions,In copyright. Digitized with the permission of the rights holder.
Phyllostomus discolor,"BIOLOGY OF THE PHYLLOSTOMATIDAE 107 following capture. In the field, food is placed in the transport containers. Upon arrival at his laboratory, all bats are hand-fed to provide some nourishment. This quick introduction to the new diet probably assists the bats to cope with the trauma associated with capture, transit, and the initial period of adjustment to captivity. Recalcitrant, weakened, or torpid Glossophaga soricina, for ex ample, usually can be induced to consume some of their new diet, if at first a small amount is placed over the bat s nostrils (Rasweiler, 1975). A second method of feeding bats that are reluctant to accept hand-offered food is to force carefully an eyedropper containing the liquid diet into the bat s mouth (Rasweiler and lshiyama, 1973:57). Upon tasting a small sample of food, many animals will readily consume more. The bats are then fed from dishes. The same regimen was applied to Carollia perspicillata , Phyllostomus dicolor, Artibeus lituratus, and Sturnira lilium . Rasweiler and lshiyama (1973:58) stated: The hand-feedings were given in the hope that they would facilitate the transition of the animals to a laboratory existence. Training Bats to Eat Mealworms In the wild, most insect-eating bats catch their prey in flight, whereas a few may glean their prey from foliage or other substrates. In captivity, where food is placed in containers, many insectivorous bats require training before they will feed themselves. Racey (1972), who has had much experience with captive in sectivorous bats, emphasized that this training is the most crucial and timeconsuming stage in the acclimation of these bats to captivity. This is also true of weanling bats born in captivity. Novick (1963:51) stated that captive Macrotus must be hand-fed mealworms before they adapt to taking their own food from a dish. Although a number of other phyllostomatid bats feed on insects in the wild, there is no information as to how these bats were trained to feed on insects in the laboratory. Lacking this information on insect-eating phyllostomatids, it may be valuable to describe how some investigators have trained vespertilionid and molossid bats to feed. The success of training bats to do what the investigator wants them to do depends in large measure on the patience and skill of the trainer, but also on the inclination of the bat to learn. Some bats require less training to eat meal worms than others. There are several methods, ranging from holding a bat in a gloved hand and offering food to simply allowing bats to learn to feed them selves from a pile of mealworms in a dish. Constantine (1952:397) placed mealworms on the cage floor hoping that specimens of Tadarida brasiliensis would recognize their future diet after they ate their first few hand-offered worms. Racey (1970:178) held the bat in his hand, decapitated the mealworm, and then applied the viscera to the bat s lips. The bat s jaws closed and the bat usually would chew the insect. If the bat did not chew in half a minute, then a drop of water was placed in the corner of the bat s mouth. If there was still no response, the mealworm was squeezed so that its contents entered the bat s mouth. After the first mealworm was swallowed, the bat s nose was brought in contact with the insects moving in a dish or on the cage",55008870,10,1976.0,Internet Archive,biologybatsneww10bake,Museum of Texas Tech University,English,http://biodiversitylibrary.org/permissions,In copyright. Digitized with the permission of the rights holder.
Phyllostomus discolor,"BIOLOGY OF THE PHYLLOSTOMATIDAE 139 Table 5. -Occurrence of rabies in phyllostomatids. Host species Country Macrotus californicus United States, Mexico Phyllostomus discolor British Honduras, Guatemala Phyllostomus hastatus Brazil Glossophaga soricina Mexico Leptonycteris nivalis Mexico Carollia perspicillata Trinidad, Colombia Uroderma bilobatum Panama Art i be us sp. Mexico Artibeusjamaicensis Panama, Trinidad, Brazil Artibeus lituratus British Honduras, Guatemala, Mexico, Trinidad, Brazil Desmodus rotundas British Honduras, Guatemala, Mexico, Trinidad, Brazil Diaemus youngii Trinidad Diphylla ecaudata Brazil amples, note the studies by Poliak et aL (1972), Simmons (1970), Simmons and Howell (1971), Howell and Pylka (1972), and Simmons et aL (1972). Bats may serve as important bioholographic models in the future (Greguss, 1968). In addition to the aforementioned usefulness in research, bats are important research objects for other biologists. For example, there still is need for, and in terest in, basic studies of ecology, life history, distribution, morphology, and the like. The taxonomy of bats is still an intriguing topic, and considerable interest has developed in studies of their behavior and population dynamics. This may become a more active research area in the future, especially with regard to studies of mechanisms permitting bats to survive in extremes of population congestion. Conservation Needs for conservation of American bats in general were recognized by Manville (1962), Davis (1967), and Cockrum (1969, 1970), and presented in their pleas for conservation. Additional comments on needs for bat conservation were presented by Barbour and Davis (1969), Gould (1970), Greenhall (1973), and Findley (1973). Phyllostomatids, as well as some other bats, have been given Table 6. -Some reported incidences of rabies transmitted to humans by vampire bats. Deaths Years Country 89 1925-1937 Trinidad 31 1951-1961 Mexico 17 1953-1961 Guyana 1 1960 Bolivia 8 1960 Brazil 5 1965 Argentina",55008901,10,1976.0,Internet Archive,biologybatsneww10bake,Museum of Texas Tech University,English,http://biodiversitylibrary.org/permissions,In copyright. Digitized with the permission of the rights holder.
Phyllostomus discolor,"412 SPECIAL PUBLICATIONS MUSEUM TEXAS TECH UNIVERSITY of the shrub genus Piper are sympatric. Each fruits cyclicly, with species cycles offset so that fruit of the genus is available all year (Heithaus et al., 1975; our data). Pipers are the most important food species for bats of the genus Carollia in Central America (Howell and Burch, 1974; Heithaus et al., 1975; our data). The plant genus Ficus (figs) has many species that consecutively serve as dietary staples for Artibeus and other stenodermines. The same is true for Cecropia trees and Phyllostomus discolor, in our experience. The year-round availability typical of such dietary staples may result from long coevolution in response to mutualistic seed dispersal (Snow, 1965). Some important bat fruits are available only for several months and do not have congeners fruiting at other times of the year. For example, Spondias mombin is ripe only from September to December on Barro Colorado Island (Smythe, 1970). (Croat, 1974, reported that this species begins to fruit in July, but this is true only along watercourses and drainage ditches.) Its only congener, 5. radlkoferi, also fruits within this period. Both species of Spondias are important food items for bats when few other fruits are available during the heaviest rains of the wet season. The low densities of tree species in heterogeneous Neotropical forests may force large foraging distances upon herbivorous bats. Large-sized specialists on fruit should have greater foraging distances than smaller generalists. For example, Fleming et al. (1972) gave mean recapture distances of 347 meters for Artibeus jamaicensis and 167 meters for Carollia perspicillata. Heithaus et al. (1975) reported that small species feed on resources of high abundance, whereas large species use resources that are more patchy in time and space. Nectar and Pollen Community patterns in the timing of flowering for Neotropical plants, like fruiting patterns, are quite complex and vary by life zone. In dry forests, most species flower during the dry season (Allen, 1956, summarized by Janzen, 1967; Fournier and Salas, 1966; Daubenmire, 1972; Frankie et al., 1975). In the dry forest in Costa Rica (Heithaus et al., 1975), the number of species of bat flowers in bloom varied from a low of two in July and August (wet season) to a maximum of seven in January and March (dry season). During the dry season, while bat flowers were abundant, seven species of phyllostomatids were regularly covered with pollen from flower visits. At this time, the flowering periods of plants were displaced adaptations effectively avoiding competition for the services of bat pollinators. However, as the wet season began and flowers decreased, only Glossophaga soricina continued to visit flowers regularly for food. Phyllostomus discolor apparently responded to the scarcity of flowers Fig. 2.-Flowers and fruits used as food by phyllostomatids: A, Cecropia eximia (Moraceae) fruit; B, Piper aeqaale (Piperaeae) fruit; C, Astrocaryum standleyaniun (Palmaceae) fruit; D, Ochroma lagopus (Bombacaceae) flowers closed during daytime; E, Pseudobombax septenatum (Bombacaceae) flower; F, Markea sp. (Solanaceae) flower.",56534910,,,Internet Archive,specialpublicati1619texa,"Harvard University, Museum of Comparative Zoology, Ernst Mayr Library",English,http://biodiversitylibrary.org/permissions,In copyright. Digitized with the permission of the rights holder.
Phyllostomus discolor,"TEXAS TECH UNIVERSITY Natural Science Research Laboratory Occasional Papers Museum of Texas Tech University Number290 20January2010 Small Mammals of Santa Rosa, Southwestern Imbabura Province, Ecuador Thomas E. Lee, Jr., Santiago F. Burneo, Tyler J. Cochran, and Daniel Chavez Abstract In 2008 a mammal survey was conducted in humid tropical forest on the western slope of the Andes near the town of Santa Rosa. Sherman traps, tomahawk traps, pitfall traps, and mist nets were used to collect mammal specimens at two sites (450 m elevation and 702 m eleva tion). A total of 113 specimens of 32 species were collected from the survey area. Seventeen Chiropteran species ( Saccopteryx bilineata, Anoura fistulata, Glossophaga soricina, Micronycteris megalotis, Phyllostomus discolor, Carolliaperspicillata, Sturnira bogotensis, Sturnira luisi, Artibeus jamaicensis, Dermanura rava, Dermanura rosenbergii, Platyrrhinus vittatus, Vampyriscus nymphaea, Vampyressa thyone, Eumops auripendulus, Eptesicus innoxius, and Myotis albescens) and one rodent species (, Sigmodontomys aphrastus) represent new records for southwestern Imbabura. New elevation records also were documented for Anoura fistulata and Sturnira bogotensis. Shannon diversity analyses of the Chiropteran fauna and overall mammal diversity indicated greater diversity at the 450 m site. Key words: Ecuador, mammal range records, Santa Rosa, southwestern Imbabura Resumen En el 2008 se llevo a cabo una evaluacion de mamiferos en un bosque humedo tropical de las estribaciones occidentales de los Andes cerca del pueblo de Santa Rosa. Se utilizaron trampas tipo Sherman, Tomahawk, de caida y redes de neblina para colectar mamiferos de dos localidades (a 450 y 702 m de altitud). Un total de 113 especimenes de 32 especies fiieron colectados en el area de estudio. Diecisiete especies de quiropteros ( Saccopteryx bilineata, Anoura fistulata, Glossophaga soricina, Micronycteris megalotis, Phyllostomus discolor, Carollia perspicillata, Sturnira bogotensis, Sturnira luisi, Artibeus jamaicensis, Dermanura rava, Dermanura rosen bergii, Platyrrhinus vittatus, Vampyriscus nymphaea, Vampyressa thyone, Eumops auripendulus, Eptesicus innoxius, y Myotis albescens ) y una especie de roedor (, Sigmodontomys aphrastus) representan registros nuevos para el suroccidente de Imbabura. Se documentaron nuevos",57687602,290,2010.0,Internet Archive,smallmammalssan290leet,Museum of Texas Tech University,English,http://biodiversitylibrary.org/permissions,In copyright. Digitized with the permission of the rights holder.
Phyllostomus discolor,"Additionally, we confirmed primary associations supported by their abundances, such as Paradyschiria parvula with N. albiventris, T. caecus with P. parnellii (probably P. fuscus), Trichobius joblingi with C. perspicillata, Trichobius costalimai with Phyllostomus discolor, and T. parasiticus and Strebla wiedemanni with D. rotundus. For the second module the three ecomorphological groups were identified. Wing crawlers were the most representative, comprising 57 of the fly species, followed by fur swimmers, representing 27.5 of the fly species, and finally, in smaller proportion, fur runners . In general, in this module, species from different ecomorphological groups were associated with the same host species. In some cases, only two ecomorphological groups were present, while for more generalist host species such as A. planirostris and C. perspicillata, all three ecomorphological groups were found together. Although the majority of the studies analyzed in this work do not specify which fly specimens were collected on the same hosts, these associations may indicate niche partitioning within the same host bat species .",64324345,1179,2023.0,Virtual Item,vi210914v1179202320250330013916,Pensoft Publishers,English,https://biodiversitylibrary.org/permissions,In copyright. Digitized with the permission of the rights holder.
Phyllostomus discolor,"The third module of Streblidae interaction network is represented by the most specific species or unique associations. It consists of 25 species of bat flies and 21 species of bats of the families Emballonuridae, Furipteridae, Mormoopidae, Natalidae, and Phyllostomidae . We confirmed primary associations based on the abundance of records between Neotrichobius bisetosus and Artibeus obscurus; Strebla diaemi and Trichobius diaemi with Diaemus youngii, Anastrebla spurrelli and Trichobius lionycteridis with Lionycteris spurrelli, Strebla christinae with Phylloderma stenops, and finally, A. falcata with three species of Sturnira",64324345,1179,2023.0,Virtual Item,vi210914v1179202320250330013916,Pensoft Publishers,English,https://biodiversitylibrary.org/permissions,In copyright. Digitized with the permission of the rights holder.
Phyllostomus discolor,"On November 4 and 5 during 27 man-hours of observation 1147 visits to flowers by bats were recorded. It was possible to distinguish bats of two sizes, large and small. The four common bat species netted near the flowers were also clearly large or small. Their forearm lengths are an index of differences in total sizes: P. discolor 59.2-63.2 mm: A. jamaicensis 54.9-60.6 mm; G. soricina 33.139.1 mm; and S. lilium 40.5-43.6 mm (Goodwin and Greenhall 1961).",16119323,,,Internet Archive,selectedreadings00jone,"Harvard University, Museum of Comparative Zoology, Ernst Mayr Library",English,https://biodiversitylibrary.org/permissions,In copyright. Digitized with the permission of the rights holder.
Phyllostomus discolor,"We noted a number of other differences between large and small bats in addition to frequency of visits. These included variations in the floral visitation behavior, movement patterns within the plant vicinity, and height of flowers visited. Large bats (924 observations, 9 photographs) invariably grasped a section of branch beneath an open flower with their feet, then bent their heads into the calyx. The wings were usually spread and not used for support. The bat s weight bent the thin branches so that nectar was drained from the inverted flowers. Visits lasted 1-3 seconds (Fig. 4C and 4D).",16119323,,,Internet Archive,selectedreadings00jone,"Harvard University, Museum of Comparative Zoology, Ernst Mayr Library",English,https://biodiversitylibrary.org/permissions,In copyright. Digitized with the permission of the rights holder.
Phyllostomus discolor,"Small bats, on the other hand, generally hovered in front of a flower and appeared to lap the nectar . Such visits lasted less than 1 sec. Small bats sometimes clung to flowers with their thumbs and feet, but flowers were not inverted by their weight. The duration of this clinging visit was also very short, less than 1 sec. The hovering visit was much more common, in a ratio of 12:1 based on 13 photographs.",16119323,,,Internet Archive,selectedreadings00jone,"Harvard University, Museum of Comparative Zoology, Ernst Mayr Library",English,https://biodiversitylibrary.org/permissions,In copyright. Digitized with the permission of the rights holder.
Phyllostomus discolor,"Flowers visited once by small bats were very likely to be visited several more times. For example, one flower was visited 14 times in 30 min. Since the bat that was visiting this flower approached from the same direction and angle each time, the impression created was that the same bat was making repeated visits.",16119323,,,Internet Archive,selectedreadings00jone,"Harvard University, Museum of Comparative Zoology, Ernst Mayr Library",English,https://biodiversitylibrary.org/permissions,In copyright. Digitized with the permission of the rights holder.
Phyllostomus discolor,"90 SPECIAL PUBLICATIONS MUSEUM TEXAS TECH UNIVERSITY and water must be provided for long trips. All persons wishing to transport bats should be aware of the rules and regulations governing the national and inter national shipment of live animals. On arrival, the shipping containers in which the animals are received should be either incinerated or thoroughly cleaned and sterilized to minimize contamina tion by disease organisms or parasites. If permanent living quarters are unavail able, cleaned temporary cages, such as those used for shipping, could suffice. The physical condition of every bat should be assessed upon arrival. The Laboratory Environment Temperature and Relative Humidity Among the more important factors influencing the successful maintenance of bats are temperature and relative humidity. If possible, these should be con trolled automatically. Under natural conditions bats are exposed to daily fluctua tions of temperature and relative humidity; however, little is known about the optimum conditions for captive tropical bats. Nevertheless, a temperature of 20 to 25 C and a relative humidity of 70 to 75 per cent seems satisfactory for many species. Low humidities can be injurious to the wing membranes (Racey, 1972). Uwe Schmidt (personal communication) maintains his animal room at a con stant temperature of 27 C and a relative humidity between 65 and 75 per cent. This is satisfactory for Phyllostomus discolor, Carollia perspicillata, Artibeus lituratus, and Desmodus rotundus. Rasweiler and de Bonilla (1972:659) and Rasweiler and Ishiyama (1973:56-57) maintained their laboratories at temperatures between 21 and 28 C and a relative humidity between 55 and 92 per cent, which proved satisfactory for Glossophaga soricina , Anoura caudifer , Phyllostomus discolor, Carollia perspicillata, Artibeus lituratus, and Sturnira lilium. My bat laboratory in Trinidad was not air-conditioned. The daily temperature ranged between 21.1 and 29.4 C, and the relative humidity be tween 55 and 95 per cent, conditions undoubtedly suitable for Glossophaga soricina, Phyllostomus discolor, P. hastatus , Vampyrum spectrum, Carollia perspicillata, Vampyrops helleri, Artibeus jamaicensis, A. lituratus, and Desmodus rotundus in that many of these bats lived in the laboratory for several years. The Desmodontinae do well under a variety of laboratory conditions. Wimsatt and Guerriere (1961:450) maintained Desmodus rotundus in an air-conditioned laboratory at temperatures between 20 and 25 C and a relative humidity between 30 and 65 per cent, which approximated temperatures and humidities previous ly recorded in Mexico. They also observed that vampires in the laboratory toler ated higher relative humidities and short exposures to lower temperature, but that their tolerance of temperature above 25 C was poor. In Trinidad, Greenhall (19656:442) kept Desmodus and Diaemus in a laboratory at temperatures between 21 and 29 C and an average daily relative humidity of 75 per cent. The colony of Desmodus and Diaemus studied by Dickson and Green (1970:38) in London was kept in quarters held at a constant temperature of 24 C during the",55008853,10,1976.0,Internet Archive,biologybatsneww10bake,Museum of Texas Tech University,English,http://biodiversitylibrary.org/permissions,In copyright. Digitized with the permission of the rights holder.
Phyllostomus discolor,"Protein-nitrogen concentrations for imdays, rinsed in distilled water for one day, munoelectrophoresis tests were determined and allowed to dry. Precipitin arcs were by using the Aloe-Hitachi hand proteinstained with Amido-Schwartz dye. The unrefractometer. Protein-nitrogen determinabound stain was removed from agar on the tions for immunodiffusion tests, where slides by two washes in acid-alcohol (70 concentration is critical, were made using ethanol, 1 acetic acid) and one wash in the Dittebrandt modification of the Biuret distilled water. To prevent cracking and method and the Beckman 151 Spectropeeling of the agar, slides were soaked 30 Colorimeter, which is specially designed for minutes in a 2 glycerol solution. micro-samples (0.1 ml). Immunoelectrophoretic relationships were",16118876,,,Internet Archive,selectedreadings00jone,"Harvard University, Museum of Comparative Zoology, Ernst Mayr Library",English,https://biodiversitylibrary.org/permissions,In copyright. Digitized with the permission of the rights holder.
Phyllostomus discolor,"Micro-immunoelectrophoresis was carried demonstrated in two ways: (1) by comparout in Michalis buffer, pH 8.7, for 50 mining the number of arcs in the cross-reaction utes at 40 volts . Equal amounts of with those in the reference reaction, and standardized serum (1 protein per ml) (2) by considering the differences in denwere added to each well. For micro-Ouch_ sity of the arcs, assigning a value of five if terlony immunodiffusion tests, all serum the arcs in the reference and cross-reaction samples were standardized to 400 g prowere the same, and a value of four if the tein-nitrogen ml. To the antigen well, 8 corresponding cross-reacting are was less lambda of serum were added; to the antidense than the reference arc. Summated serum well, 16 lambda of antiserum were values for the cross-reactions were divided added in two equal portions. Diffusion of _ by the summated values for the referencethe reactants in both the immunoelectroreactions and multiplied by 100 to give a phoresis and immunodiffusion tests was per cent immunological correspondence. allowed to proceed for 20 to 24 hours after The zones of precipitate of immunodifwhich the slides were washed in three fusion tests were scanned by using transchanges of borate-buffered saline for three mitted light in a Joyce-Loeb densitometer",16118876,,,Internet Archive,selectedreadings00jone,"Harvard University, Museum of Comparative Zoology, Ernst Mayr Library",English,https://biodiversitylibrary.org/permissions,In copyright. Digitized with the permission of the rights holder.
Phyllostomus discolor,"Remarks. The spermatozoa of A. jamaicensis resemble those of Glossophaga soricina, both in general morphology and in size (compare Figs. 8, 13). The head of A. jamaicensis is the shortest among the phyllostomatids studied, being overlapped in measurements only by that of G. soricina. Although only two measurements of length of midpiece are available, the sperm of A. jamaicensis praeceps may well be distinct among members of the family studied on the basis of this measurement. Midpieces of A. jamaicensis spermatozoa seemingly are longer than those of the two glossophagines but shorter than those of other phyllostomatids examined. The ratio of length of the head to length of the midpiece (.89) is similar to that found in Glossophaga, Anoura, and Sturnira.",32981547,47,1968.0,Internet Archive,universy4771819671968univ,Smithsonian Libraries and Archives,English,https://biodiversitylibrary.org/permissions,In copyright. Digitized with the permission of the rights holder.
Phyllostomus discolor,"HOOD AND SMITH HISTOMORPHOLOGY 11 Based on uterine histomorphology, members of this subfamily can be arranged in two distinct groups. Macrotus californicus, Micronycteris lursutus, M. megalotis, and Trachops cirrhosus possess uteri with extremely short cornua and a prominent, com mon uterine body; these taxa are herein referred to as the Macrotusgroup . Compared to other bicornuate phyllostomoids (i.e., noctilionids, mormoopids, and Desmodus), the external cornua are additionally fused. This external uterine anat omy is considered a synapomorphy of the Macrotusgroup and other phyllostomids exclusive of Desmodus. Internally, the uterine lumina join to form a large common uterine lumen; internal uter ine anatomy is similar to that observed in mormoopids and Des modus . Anatomical and physiological asymmetry has been noted in Macrotus by Bradshaw (1962) and Bleier (1975); the right uterine horn is dominant. In all Macrotus californicus examined in the present study, this asymmetry was noted. Although several uteri from subadult individuals were symmetrical in shape, all adult uteri had hypertrophied right cornua. LTteri of Micronycteris and Trachops examined in this study were identical to pregnant and or nonpregnant uteri of Macrotus. In contrast to the Macrotusgroup, the uteri of Phyllostomus discolor , P. hastatus, and Phylloderma stenops are externally sim plex; these taxa are herein referred to as the Phyllostomus -group. Members of the Phyllostomus -group have externally simplex uteri with a tubularto pear-shaped form . The fundus of the uterus is prominent and rounded. The simplex uterus is regarded as the most highly derived external uterine anatomy among phyllostomoids. The internal uterine anatomy of the Phyllostomusgroup con sists of a large common lumen and narrow tubular segments. These tubular segments are actually extremely short uterine lu mina and constitute the intramural uterine cornua (ICC; Fig. 4). In one specimen of Phyllostomus discolor we discovered an earlyimplanted blastocyst in an ICC . Virtually nothing is known concerning uterine histomorphology in Phylloderma stenops (Wilson, 1979). The uterus of one specimen examined in this study was reproductively inactive. Uter ine histomorphology of this species was identical to Phyllosto mus. Subfamily Glossophagmae. Bats of this subfamily are referred to as the long-tongued or long-nosed bats. As their name implies,",55668331,86,1983.0,Internet Archive,occasionalpapers8619texa,"Harvard University, Museum of Comparative Zoology, Ernst Mayr Library",English,http://biodiversitylibrary.org/permissions,In copyright. Digitized with the permission of the rights holder.
Phyllostomus discolor,"BIOLOGY OF THE PHYLLOSTOMATIDAE 91 day but which cooled naturally to 21 during the night. The relative humidity was fairly constant at about 50 per cent. At an elevation of 2545 meters, where vampires do not normally occur in Mexico, Schmidt and Greenhall (1972:243) attempted to maintain a laboratory temperature of between 25 and 30 C and a relative humidity above 55 per cent for Desmodus . At this elevation there were problems in controlling an acceptable temperature and relative humidity. Power failures, aggravated by the lack of a standby generator for emergency use, com plicated matters. We normally used thermostatically controlled electric heaters and infrared heat lamps to maintain the temperature and cool mist electric humidifiers to control relative humidity. Uwe Schmidt (personal communication) reported Desmodus thrived in his animal room in Germany, which was main tained at a constant temperature of 27 C and a relative humidity of between 65 and 75 per cent. Daily fluctuation in temperature and relative humidity can be monitored with a hygrothermograph. The thermograph readings should be calibrated with an accurate minimum-maximum thermometer; the hydrograph with a wet and drybulb hygrometer. Ventilation. -There is practically no information on the importance of ventilation and circulation of air in laboratories housing bats. Pye (1967) cautions that many bat species are sensitive to draughts and overventilation should be avoided. In my experience, bats in poorly ventilated laboratories appear restless. Light Light appears to be an important factor in regulating the daily activities of bats (DeCoursey and DeCoursey, 1964). Uwe Schmidt (personal communica tion) claimed that a colleague investigating daily bat activity found that Phyllostomus discolor , Carollia perspicillata, and Artibeus lituratus died when kept continuously in total darkness for 10 days. Illumination is automatically con trolled in many laboratories and 13 hours of light and 11 hours of darkness has been found to be satisfactory for Phyllostomus discolor, Sturnira lilium , and Artibeus lituratus (Rasweiler and Ishiyama, 1973), Glossophaga soricina, Anoura caudifer, and Carollia perspicillata (Rasweiler and de Bonilla, 1972), Desmodus rotundus and Diaemus youngii (Dickson and Green, 1970), and Desmodus rotundus (Schmidt and Greenhall, 1972). Many of the same phyllostomatids, except Diaemus, have been displayed successfully in a large simulated South American cave and tropical rain forest exhibit at the New York Zoological Park where, by varying the intensities of white, blue, green, and occasionally red light, the activity patterns of the bats were reversed. Vampire bats kept by Wimsatt and Guerriere (1961) were subjected to low-intensity illumination from light entering through two glass-brick windows and glass panel in a door. The bat cage itself further reduced the light because only the front was made of trans parent material. Electric lights were turned on in the bat room only briefly when the cages were cleaned or the animals were being attended. No effort was made by the investigators to control the light regime because wild vampires are found in roosts receiving varying intensities of light.",55008854,10,1976.0,Internet Archive,biologybatsneww10bake,Museum of Texas Tech University,English,http://biodiversitylibrary.org/permissions,In copyright. Digitized with the permission of the rights holder.
Phyllostomus discolor,"1981 Mares et al. Salta Mammals 201 order to arrive at a better approximation of the actual faunal composition of Salta s mammals. Nevertheless, it is apparent that this region is faunistically important, particularly since many species reach their southern limits within the province. Tonatia sylvicola, Phyllostomus discolor, Glossophaga soricina, Alouatta caraya, Brady pus boliviensis, Sciurus ignitus, Oryzomys legatus, Coendu prehensilis, Dasyprocta punctata, and several other species occurring in the moist forest reach their current southern limits in central Salta. In historic times, it is likely that some of these extended southward as far as Tucuman, or even Catamarca, provinces, but habitat modification to the south of Salta has extirpated many forest species. The distributional patterns of the species discussed in this report are summarized in Table 1. Few species are limited to one major habitat (13 of 58), although each of our five macrohabitats contains at least one species whose range within Salta is limited to that particular habitat type. Most species occur within two habitat types, although a few may be found in three, or even four, of the five macrohabitats. None occurs in all five habitat types, which is an illustration of the great habitat diversity within the province and the distinctiveness of the macrohabitats one from the other. The two most physiognomically similar habitats, that is the Chaco Transitional Forest and the Moist Forest, share the greatest number of species. The Transitional Forest and the Chacoan Thorn Scrub support the greatest number of species (35 and 32, respectively), while the Puna (13 species) and the Precordillera (15 species) support the fewest. The Moist Forest supports an intermediate number of species (29). The most common mammals within the province are rodents, bats, marsupials, and edentates. Wtihin any of the principal macrohabitats, individuals from these groups predominate as far as frequency of occurrence, and probably also from the standpoint of biomass. This is particularly true because of the abundance of large caviomorph rodents in most habitats, and the abundance of edentates in most portions of the province. Our determinations of commonness or rareness are entirely subjective, but we list these impressions because of the pronounced effects of commercial and sport hunting pressures and habitat modification upon the mammals of Salta. A large segment of the mammal fauna of the province is in danger of being extirpated, and no effective conservation measures are currently underway. No detailed ecological investigation of any species has ever been conducted within the provinces of Salta, Jujuy, Tucuman, Santiago del Estero, Chaco, San Juan, or La Rioja. Without a basis in ecological studies, effective management practices, should these be attempted, will be greatly impeded. There are few places on earth where one can travel from lush tropical",52334949,50.0,1981.0,Internet Archive,annalsofcarnegi501981carn,Smithsonian Libraries and Archives,English,https://www.biodiversitylibrary.org/permissions/,In Copyright. Digitized with the permission of the rights holder
Phyllostomus discolor,"1980 Williams and Genoways Bats from Suriname 217 parnellii, Micronycteris daviesi, Phylloderma stenops, Phyllostomus discolor , P. elongatus, P. hastatus, Trachops cirrhosus, Lonchophylla thomasi, Carollia brevicauda , C. perspicillata, Rhinophylla pumilio, Artibeus cine reus, two large species of Artibeus, Sturnira lilium, Uroderma bilobatum, and Vampyrops helleri. Chrotopterus auritus has three nominal subspecies. C. a. guianae occurs in South America between Venezuela and northern Brazil (Jones and Carter, 1976). External and cranial measurements of our specimens (as listed above, one female followed by two males) are as follows: length of forearm, 75.9, 74.2, 77.3; greatest length of skull, 35.9, 34.3, 36.2; condylobasal length, 31.1, 29.1, 30.6; zygomatic breadth, 19.4, 17.6, 18.9; mastoid breadth, 16.9, 15.9, 17.0; postorbital breadth, 5.8, 6.3, 5.9; length of maxillary toothrow, 12.6, 12.3, 12.4; breadth across upper molars, 12.3, 12.5, 11.5. Micronycteris daviesi (Hill) Specimen examined (1).Saramacca: Raleigh Falls, 4 44'N, 56 12'W, 1. Remarks Our specimen of M. daviesi is the first reported occurrence of this species in Suriname. This rare species was previously known only from Peru (Koopman, 1978; Tuttle, 1970), Guyana (Hill, 1964), Brazil and Panama (Swanepoel and Genoways, 1979), and Costa Rica (LaVal, 1977). Raleigh Falls is located about 225 km southeast of type locality in Guyana (Hill, 1964). Our specimen, a male weighing 18 and with testes measuring 3, was netted at about 2000 hours after a short rainstorm on 24 August. Further details about the conditions under which this specimen was collected are discussed in the account of Chrotopterus auritus. This species was originally described (Hill, 1964) as the type species of the genus Barticonycteris. Hill believed that Barticonycteris was most closely related to the genus Micronycteris, particularly the subgenus Gly phony cteris. The status of the genus Barticonycteris has been questioned by some authors (Koopman and Cockrum, 1967; Jones and Carter, 1976) but retained by others (Tuttle, 1970; Walker, 1975; LaVal, 1977). Most recently Koopman (1978) has pointed out that the characteristics of Barticonycteris are those of the subgenus Glyphonycteris carried one step further. He, therefore, concluded that Barticonycteris is best included in the genus Micronycteris ; however, its status within the genus is presently unclear. Morphologically, it is closest to members of the subgenus Glyphonycteris, but c hro mosoma ly M. daviesi and M. ( Glyphonycteris ) sylvestris are quite distinct (Honeycutt et ah, 1980). At the present time six species of Micronycteris are known ot occur in Suriname M. brachyotis, M. daviesi, M. megalotis, M. minuta, M. nice fori, and M. sylvestris. M. daviesi, which is considered to be",52334431,49.0,1980.0,Internet Archive,annalsofcarnegi491980carn,Smithsonian Libraries and Archives,English,https://www.biodiversitylibrary.org/permissions/,In Copyright. Digitized with the permission of the rights holder
Phyllostomus discolor,"placement. The large mainly lowland V. infuscus (though it does reach approximately 1500 m., the upper edge of the Tropical Zone of Chapman and the Montane rainforest of Terborgh) is replaced by the large highland V. vittatus. There is, however, some overlap since vittatus extends down to approximately 1000 m.",63101368,2651.0,1978.0,Internet Archive,zoogeographyper2651koop,American Museum of Natural History Library,English,http://biodiversitylibrary.org/permissions,In copyright. Digitized with the permission of the rights holder.
Phyllostomus discolor,"The small lowland V. helleri is represented by distinctive subspecies on the two sides of the Andes, V. h. incarum on the Amazonian side and V. h. helleri on the Pacific side. In Vampyressa, the Amazonian highland V. melissa may be said to represent the Amazonian lowland V. pusilla but the species are quite dis-",63101368,2651.0,1978.0,Internet Archive,zoogeographyper2651koop,American Museum of Natural History Library,English,http://biodiversitylibrary.org/permissions,In copyright. Digitized with the permission of the rights holder.
Phyllostomus discolor,"210 Annals of Carnegie Museum vol. 49 nellii, Chrotopterus auritus, Micronycteris megalotis, M. nicefori, Mimon crenulatum, Phylloderma stenops, Phyllostomus discolor , P. elongatus, P. hastatus, P. latifolius, Tonatia bidens, Anoura caudifer, Lonchophylla thomasi, Carollia perspicillata , Rhinophylla pumilio, two large species of Artibeus (currently under investigation to determine taxonomic relationship), Uroderma bilobatum, and Vampyrops helleri. Etymology . It is our pleasure to name this species in honor of Dr. Joop P. Schulz, Director of STINASU (Foundation for Nature Preservation in Suriname) in recognition of the work that he has done in establishing an extensive system of Nature Reserves in Suriname. We are particularly grateful to Dr. Schulz for the assistance that he has given us during our work in Suriname. Acknowledgments Our fieldwork in Suriname was supported by a grant from the Alcoa Foundation, Charles L. Griswold, President. We gratefully acknowledge this support. We would like to thank Dr. Joop P. Schulz and Henry A. Reichart, STINASU, for their assistance during our work and for making the many facilities of STINASU available to us. Without their help, our work in Suriname would have been impossible. Ferdinand L. J. Baal, Department of Forestry, issued our permits. Mr. Leo Roberts, STINASU, proved to be an excellent field guide and a most congenial companion. The personnel of Surinaams Museum of Natural History, particularly Marga Werkhoven and Mr. I. Douglas, were helpful in making housing and laboratory facilities available for our use. Mr. E. W. Kensmil of the Airports and Civil Aviation was very helpful in providing some of our air transportation to the country s interior. Dr. Robert Power of the Universiteit van Suriname assisted in acquiring chemicals for our karyological studies. Rodney L. Honeycutt, Jane A. Groen, and Carleton J. Phillips assisted with the collection and preparation of specimens. Robert J. Baker supplied the information on the karyotype of the species. Literature Cited Baker, R. J. 1979. Karyology. Pp. 107-155, in Biology of bats of the New World family Phyllostomatidae, Part III (R. J. Baker, J. K. Jones, Jr., and D. C. Carter, eds.), Spec. Publ. Mus., Texas Tech Univ., 16:1-441. Davis, W. B., and D. C. Carter. 1978. A review of the round-eared bats of the Tonatia silvicola complex, with descriptions of three new taxa. Occas. Papers Mus., Texas Tech Univ., 53:1-12. Gardner, A. L. 1976. The distributional status of some Peruvian mammals. Occas. Papers Mus. Zool., Louisiana State Univ., 42:1-18. Genoways, H. H., and S. L. Williams. 1979. Records of bats (Mammalia: Chiroptera) from Suriname. Ann. Carnegie Mus., 48:323-335. Handley, C. O., Jr. 1976. Mammals of the Smithsonian Venezuelan Project. Brigham Young Univ. Sci. Bull., Biol. Ser., 20(5): 1-89. Honeycutt, R. L., R. J. Baker, and H. H. Genoways. 1980. Results of the Alcoa Foundation-Suriname Expeditions. III. Chromosomal data for bats from Suriname. Ann. Carnegie Mus., 49:237-250. Husson, A. M. 1978. The mammals of Suriname. Zool. Monogr., Rijksmuseum Nat. Hist., 2:xxiv 1-569",52334422,49.0,1980.0,Internet Archive,annalsofcarnegi491980carn,Smithsonian Libraries and Archives,English,https://www.biodiversitylibrary.org/permissions/,In Copyright. Digitized with the permission of the rights holder
Phyllostomus discolor,"of R. pumilio were conserved in the chromosome complements of Glossophaga soricina Pallas, 1766, Phyllostomus hastatus Pallas, 1767, Phyllostomus discolor Wagner, 1843 and Mimon crenulatum Geoffroy, 1801, with a single chromosomal pair unique to R. pumilio (pair 15). However, two chromosomes of M. crenulatum are polymorphic for two independent pericentric inversions. The karyotype with 2n 34, NF 62 is probably the ancestral one for the other karyotypes described for R. pumilio.",64244982,6.0,2012.0,Virtual Item,vi210879v6no2201220250316012403,Pensoft Publishers,English,https://biodiversitylibrary.org/permissions,In copyright. Digitized with the permission of the rights holder.
Phyllostomus discolor,"Traditionally, the subfamily Carolliinae (sensu Wetterer et al. 2000) encompasses two genera: Carollia Gray, 1838 (10 species) and Rhinophylla Peters, 1865 (3 species) with wide distribution throughout South America. R inophylla consists of the smallest animals in the subfamily and has three currently recognized species: Rhinophylla pumilio Peters, 1865 and Rhinophylla fischerae Carter, 1966, with distribution on the east side of Andes in South America, and Rhinophylla alethina Handley, 1966 with distribution on the Pacific slope and lowlands of Colombia and Ecuador (McLellan and Koopman 2007).",64244982,6.0,2012.0,Virtual Item,vi210879v6no2201220250316012403,Pensoft Publishers,English,https://biodiversitylibrary.org/permissions,In copyright. Digitized with the permission of the rights holder.
Phyllostomus discolor,"Cytogenetic studies in Carolliinae have shown different rates of chromosomal evolution between both genera. The genus Carollia has two karyomorphs: 2n 20 21 with a multiple sex chromosome system (XX XY_ Y,), observed in most species (Yonenaga et al. 1969, Pathak et al. 1973, Stock 1975, Baker 1979, Varella-Garcia et al. 1989, Pieczarka et al. 2005), and 2n 22 with simple sex chromosome system found only in Carollia benkeithi Solari Baker, 2006. On the other hand, the genus Rhinophylla has diversified karyotypes with four karyomorphs for R. pumilio (Tables 1 and 2) and two for R. fischerae (Baker and Bleier 1971, Baker 1979, Baker et al. 1987, Gomes et al. 2010). No karyotype has been described for R. alethina.",64244982,6.0,2012.0,Virtual Item,vi210879v6no2201220250316012403,Pensoft Publishers,English,https://biodiversitylibrary.org/permissions,In copyright. Digitized with the permission of the rights holder.
Phyllostomus discolor,"The monophyly of the subfamily Carolliinae and the sister-group relationships of Carollia and Rhinophylla have been supported by a phylogenetic analysis based on morphological data (Baker et al. 1989, Wetterer et al. 2000, Jones et al. 2002), however molecular data are in disagreement with the advanced hypotheses (Wright et al. 1999, Baker et al. 2000, 2003b). Additionally, classical cytogenetic markers failed to provide a support for the phylogenetic relationships between Carollia and Rhinophylla, since the chromosomal homeologies could not be assigned because of the reshuffled genome of Carollia. In contrast, Rhinophylla is quite comparable to other lineages and shares a lot of chromosomal characters with representatives of the subfamilies Phyllostominae, Glossophaginae, Stenodermatinae and Desmodontinae (Baker and Bickham 1980, Baker et al. 1987, 1989).",64244982,6.0,2012.0,Virtual Item,vi210879v6no2201220250316012403,Pensoft Publishers,English,https://biodiversitylibrary.org/permissions,In copyright. Digitized with the permission of the rights holder.
Phyllostomus discolor,"Therefore, we analyzed, through conventional cytogenetic (G-, Cbanding and Ag-NOR staining) techniques and Fluorescence Jn Situ Hybridization (FISH) with rDNA and Telomere probes, two karyotypes of Rk. pumilio and discussed the biogeographical chromosome variation by comparing karyotypes of this species with representatives of two subfamilies of Phyllostomidae (Glossophaginae and Phyllostominae).",64244982,6.0,2012.0,Virtual Item,vi210879v6no2201220250316012403,Pensoft Publishers,English,https://biodiversitylibrary.org/permissions,In copyright. Digitized with the permission of the rights holder.
Phyllostomus discolor,"The most abundant species of bat flies were Trichobius joblingi (n 301) and Speiseria ambigua (n 50), mainly associated with species of the genus Carollia (Table 2). The literature review added records of 107 bats of eight species of the family Phyllostomidae, of which 51 were being parasitized by 170 bat flies belonging to 14 species of Streblidae. The most frequently reported bat species in the literature were Carollia perspicillata (49), Artibeus planirostris (20), and Desmodus rotundus (16). Similarly, the most abundant bat fly s species recorded in the literature were T. joblingi (n 114) and T. costalimai (n 82), mainly associated with Carollia perspicillata and Phyllostomus discolor, respectively (Table 3). The review of specimens housed at the MHN-UCa-Ec added 145 bat flies belonging to 20 species, 11 genera, and two families (Streblidae and Nycteribiidae), linked to 67 bats of 19 species of Phyllostomidae, and two species of Vespertilionidae. Carollia perspicillata (n 23) and T. joblingi (n 48) were the most abundant bat and bat fly species (Table 3). For Nycteribiidae, all specimens recorded belong to the genus Basilia. The male specimens of Basilia deposited at the MHN-UCa-Ec could not be identified to the species level, since the majority of identification keys available correspond to females. We identified Basilia juquiensis males because they were collected with females , and the latter are characterized by having the sternite almost twice as long as it is wide, sternite III covered by sternite II, and sternite VI divided longitudinally.",64344568,1221.0,2024.0,Virtual Item,vi210914v1221202420250330010720,Pensoft Publishers,English,https://biodiversitylibrary.org/permissions,In copyright. Digitized with the permission of the rights holder.
Phyllostomus discolor,"106 SPECIAL PUBLICATIONS MUSEUM TEXAS TECH UNIVERSITY Racey (1972) observed that vespertilionids will lap water from saturated cotton and this is a useful way of providing water during transport. Rasweiler (1975) daily provided water for his captive Phyllostomus discolor, P, hastatus , Artibeus lituratus, and Sturnira lilium . There are divergent opinions as to whether captive Desmodus rotundus require water to drink. King and Saphir (1937) and Trapido (1946) provided water ad libitum to these vampires. Wimsatt and Guerriere (1961) expressed surprise that their Desmodus drank little if any water; bowls of fresh water were kept in the cages at all times, but were not used even when the bats missed a day s feeding. They finally discontinued the practice and, after nearly two years without water, the bats showed no ill effects. Greenhall (196 5b) observed that his vampire colony required a constant supply of water for the bats well-being. In addition to water supplied during the day, another 150 milliliters was given with the daily meal. During a two-month check period (May and June), 113 milliliters was the greatest amount of water consumed in one night, whereas 10 milliliters was the least. Water evaporation was not a factor owing to the constant high humidity. At high elevations in Mexico, Greenhall et al. (1971) noted that the daily blood intake of Desmodus kept in glass jars increased when a supply of drinking water was added. However, when large numbers of vampires (about 200) were kept at one time, water was not provided in order to reduce the maintenance required to clean up to 100 extra water hoppers. Over a period of months the bats suffered no ill effects as a result of withholding water. Water was always provided for the small group of vampires in the flight cage. Uwe Schmidt (personal communica tion) provided his Desmodus with water ad libitum day and night, and blood only during the night. He wrote: I don t know whether water is essential for keeping vampires, but my feeling is they need it for their well-being, especially if they have eaten spoiled blood. While maintaining a colony of Desmodus in a flight cage, Rexford D. Lord (personal communication) observed: The other day I saw a vampire come down and drink water even before drinking blood which was also available. He drank about 5 milliliters of water, then flew up into the roost box. Lord described a food preference test where water was offered to 19 bats. Each drank an average of 23.4 milliliters of blood and 2.5 milliliters of water nightly, over a period of nine nights. On one night, no water was con sumed but during another night the bats drank a total of 132 milliliters. Lord conducted another test where vampires were kept individually in oil can cages placed in an outdoor enclosure. Water consumption varied with the ambient temperature. On extremely hot days, the bats consumed 20 to 30 milliliters of water, drinking even during the day. On cool days the bats did not drink. Lord concluded: I think water is necessary in hot climates or when there is no control of cage temperature. General Care of Captive Bats Acclimation There is little information about the acclimation of bats to captive condi tions. Rasweiler (1973) initiated acclimation of his phyllostomatids immediately",55008869,10.0,1976.0,Internet Archive,biologybatsneww10bake,Museum of Texas Tech University,English,http://biodiversitylibrary.org/permissions,In copyright. Digitized with the permission of the rights holder.
Phyllostomus discolor,"high sagittal crest and broadly expanded, shelf-like paroccipital processes. Zygomata heavy, a little expanded both anteriorly and posteriorly. Basisphenoid pits evident, though rather, shallow. Floor of braincase forming an evident angle with roof of posterior nares. Audital bullae small and flat, covering about one-half surface of cochlee; the height considerably less than width. Ears moderately large, widely separate. Noseleaf well developed, though simple. Tail less than half as long as femur, projecting from base of moderately wide interfemoral membrane.",37815940,,,Internet Archive,cu31924090297056,Cornell University Library,English,,Public domain. The BHL considers that this work is no longer under copyright protection.
Phyllostomus discolor,"Inner upper incisors bifid, the slender outer cusps longer than the inner; inner lower incisor nearly twice as wide as outer when viewed from the front, faintly bifid, the outer tooth not distinctly so (the same difference in size is noticeable in crown view of these teeth, and both crowns are more drawn out antero-posteriorly than in PAyllostomus) ; anterior face of upper canine without longitudinal groove; crowns of mandibular premolars narrower and more trenchant than in Phyllostomus, and a minute pm , wedged transversely between the two functional teeth; mandibular molars narrower than in Phyllostomus, with the W pattern somewhat flattened, though perfectly distinct owing to the presence of all the normal elements of the teeth. Skull apparently much like that of Phyilostomus latifolius, but nasals probably rising more abruptly behind nares, and rostrum probably deeper and shorter. Mandible deeper, and symphysis menti longer and more oblique than in Phyllostomus latifolius. FExxternal characters essentially as in Phyllostomus.",37815940,,,Internet Archive,cu31924090297056,Cornell University Library,English,,Public domain. The BHL considers that this work is no longer under copyright protection.
Phyllostomus discolor,"12 OCCASIONAL PAPERS MUSEUM TEXAS TECH UNIVERSITY distance of about 0.35. Phylloderma stenops is the next most closely related taxon and P. discolor is the most basal member of the group. However, the Fitch-Margoliash analysis indicates a weak association of hastatus-elongatus, whereas latifolius, stenops, and discolor are unresolved at the base of the tree. Within the genus Phyllostomus, taxa are united by less than four distance units with the remainder of the distance partitioned on branches of individual species . A locus-by-locus cladistical analysis also fails to provide resolution to species relationships where the branching sequence order is confused by either reversals, convergent evolution, or polymor phism in the ancestral stock. When the results of all three of these analyses (UPGMA, Fitch-Margoliash, and locus-by-locus cladistics using outgroups for rooting) are compared to immunological distance data (Honeycutt and Sarich, 1987), there is little resolution of the unresolved multichotomy of all five species of the Phyllostomus-Phylloderma complex. The data from Phyllos tomus may be explained best by the hypothesis that the five species (including Phylloderma stenops arose at approximately the same time. Should Phylloderma be recognized as a distinct genus relative to Phyllostomus ? From the protein data, the inclusion of Phylloderma stenops in the genus Phyllostomus would not add significant genetic variation to that already present in the genus. Phylloderma has three unique alleles not found in any species of Phyllostomus nor in any outgroup taxon and one of these alleles occurs in a polymorphic state (Table 1 and Fig. 4). Each of the four species of Phyllostomus has an equal number of autapomorphies . Little additional variation in characters would be added for gross morphology (Miller, 1907), karyology (Patton and Baker, 1979), or albumin immunology (Honeycutt and Sarich, 1987) if Phylloderma were included in the genus Phyllostomus. Gand C-banded chromosome patterns of Phylloderma stenops are identical to those of Phyllostomus hastatus (unpublished data). In fact, both genetic data sets (protein electrophoresis, this study, and albumin immunology, Honeycutt and Sarich, 1987) are in agreement in that the removal of Phyllostomus discolor and the inclusion of Phylloderma stenops in a single genus would minimize the amount of variation within the genus over any combination of four species. The amount of reduction of genetic variability would, however, be small. Therefore, it is better to recognize Phylloderma stenops as cogeneric with",55058387,125.0,1988.0,Internet Archive,allozymicstudyr125bake,Museum of Texas Tech University,English,http://biodiversitylibrary.org/permissions,In copyright. Digitized with the permission of the rights holder.
Phyllostomus discolor,"The rate of chromosomal change in bats, based on the amount of variation found within genera and between closely related genera, seems to be low (Baker, 1967; Baker and Patton, 1967; Hsu, Baker, and Utakoii, 1968). For this reason, similarities in chromosome morphology deserve serious consideration as possibly being the result of close phylogenetic relationships. The chromosomes of specimens of Desmodus rotundus (2N 28) from Veracruz, Mexico, were illustrated by Hsu and Benirschke (1967). In this study, additional specimens",16118878,,,Internet Archive,selectedreadings00jone,"Harvard University, Museum of Comparative Zoology, Ernst Mayr Library",English,https://biodiversitylibrary.org/permissions,In copyright. Digitized with the permission of the rights holder.
Phyllostomus discolor,"of Desmodus have been examined from Oaxtepec, Morelos (two males, two females), Ojo de Agua del Rio Atayac, Veracruz (two females), 42 km west of Cintalapa, Chiapas (three males), and Guayaguayare, Trinidad (one male, three females). The chromosomes of these individuals were indistinguishable from those illustrated by Hsu and Benirschke. The chromosomes of a female from Guayaguayare, Trinidad show only one autosome has an obvious nucleolus organizer (see arrow), the same thing being found in some specimens from all localities studied.",16118878,,,Internet Archive,selectedreadings00jone,"Harvard University, Museum of Comparative Zoology, Ernst Mayr Library",English,https://biodiversitylibrary.org/permissions,In copyright. Digitized with the permission of the rights holder.
Phyllostomus discolor,"12 OCCASIONAL PAPERS MUSEUM TEXAS TECH UNIVERSITY PH YLLON YCTERIS APHYLLA Fig. 4. -Semidiagramatic, frontal sections of the uterus, oviducts, and ovaries in representative simplex phyllostomoids, including Phyllostominae: Phyllostomus discolor ; Brachyphyllinae: Phyllonycteris aphylla ; Carolliinae: Carollia perspicullata Stenoderminae: Artibeus jamaicensis. The intramural uterine cornua (iuc) is a unique feature of the phyllostomoid simplex uterus. Abbreviations can be found in Fig. 1. they have highly specialized, elongated muzzles. This subfamily consists of 13 genera and 32 species that live in the New World tropics and subtropics. All members of this subfamily have externally simplex uteri . Although some variation exists between genera, glosso-",55668332,86.0,1983.0,Internet Archive,occasionalpapers8619texa,"Harvard University, Museum of Comparative Zoology, Ernst Mayr Library",English,http://biodiversitylibrary.org/permissions,In copyright. Digitized with the permission of the rights holder.
Phyllostomus discolor,"The head of the spermatozoa of phyllostomatids is rounded with broadly convex and symmetrical sides. The base may be symmetrical or asymmetrical, and usually is concave. An acrosome was sometimes noted and in a few instances, an extremely short, broad neck was observed. A short, posteriorly-tapering midpiece that is always considerably narrower than the head is centrally attached to the head or neck. The tail is long, narrow throughout its length, and terminates in a narrow endpiece.",32981541,47.0,1968.0,Internet Archive,universy4771819671968univ,Smithsonian Libraries and Archives,English,https://biodiversitylibrary.org/permissions,In copyright. Digitized with the permission of the rights holder.
Phyllostomus discolor,"HOOI) AND SMITH HISTOMORPHOLOGY 13 Fig. 5. -Initial sites of implantation and orientation of blastocysts in Annum geoffroyi (top) and Phyllostomus discolor (bottom). In both specimens, blastocysts were implanted in the intramural uterine cornua and the inner cell mass was oriented towards the uterotubal junction of the oviduct ipsilateral to the develop ing corpus luteum. Abbreviations: ul, uterine lumen; bla, blastocyst; arrows in both photomicrographs indicate orientation towards the oviduct. Both 116X.",55668333,86.0,1983.0,Internet Archive,occasionalpapers8619texa,"Harvard University, Museum of Comparative Zoology, Ernst Mayr Library",English,http://biodiversitylibrary.org/permissions,In copyright. Digitized with the permission of the rights holder.
Phyllostomus discolor,"Phyllostomus discolor (Wagner). Five males collected on Barro Colorado Island, Canal Zone, April, 1932, fully agree with Dobson s account of this South American bat. They differ slightly but rather consistently from three topotypes of the Mexican P. verrucosus in their somewhat greater size (forearm 64 to 66 instead of 59 to 61; condylobasal length of skull 28.2 instead of 27 mm.), but in no other characters that I can discover. This animal can not be identified with either of the two species of Phyllostoma (P. unicolor and P. minus) described by LeConte, seventy-five years ago, as coming from New Granada in Central America (Proc. Acad. Nat. Sci. Philadelphia, 1857, p. 174). Unless the types of these species are still in existence it will probably be impossible to identify either animal. The measurements (length 63, head 238, extent 274) of P. minus suggest a Carollia. Those of P. unicolor (length 135, head 35, extent 295) might apply to Phyllostomus hastatus panamensis, but the extent is scarcely half what it should be (660 in one of Dr. Enders specimens), and the presence of five blunt teeth on each side on the outer edge of the horseshoe is a character that points to some other bat. -Gerrit S. Miller, Jr.",35459401,45.0,1932.0,Internet Archive,proceedingsofbi451932biol,Smithsonian Libraries and Archives,English,https://biodiversitylibrary.org/permissions,In copyright. Digitized with the permission of the rights holder.
Phyllostomus discolor,"108 SPECIAL PUBLICATIONS MUSEUM TEXAS TECH UNIVERSITY floor. As the bat started snapping and eating, another worm was immediately given to the bat. If the bat still refused to eat, it was again held by hand and the above steps repeated. Thereafter, mealworms were left in shallow dishes to be eaten. Orr (1958:342) trained Antrozous, Myotis , Tadarida , Eptesicus, Plecotus, Pizonyx, and Lasiurus (listed from the most rapid to the slowest learners) by first placing the bat on a table and covered all but the head with his hand. Pieces of mealworm were then forced into the mouth with forceps. Once the bat tasted a worm, it began to eat. Mohos (1961) offered Myotis, Pipistrellus, and Eptesicus food by spatula, and hand-feeding was carried out in the evening. Nellis (1969) found that placing Myotis, Eptesicus , Lasiurus, and Noctilio, in a container of squirming mealworms was sufficient to cause the bats to snap and then feed. This latter procedure was followed by Racey (1970) with Nyctalus, Eptesicus, Plecotus, Myotis, and Pipistrellus, after feeding had been initiated by hand. Tesh and Arata (1967) discovered that greater efficiency in feeding Tadarida could be achieved by placing the head of a bat into the open end of a modified 50milliliter plastic hypodermic syringe. Mealworms were then presented to the bat through a hole cut in the needle end of the syringe. Several such syringes could be used simultaneously and 20 to 24 bats could be fed in an hour. Behavior of Captive Bats It is good animal husbandry for the handler to know the temperament of the animals in his care. Individual animals respond differently to different people. In addition it should be understood that group behavior of a species in cap tivity may differ from the behavior of an individual of the same species. Although many phyllostomatid bats are gregarious, different species should not be kept together in a relatively small cage. If kept together, care should be taken in the choice of cage mates (Pye, 1967). This caution is important for those in charge of naturalistic zoo exhibits where a variety of animals are often caged together. For example, Phyllostomus hastatus, Vampyrum spectrum, and Desmodus rotundas may find their cage mates more attractive than the regular food offered. Phyllostomus hastatus may be bold and aggressive in the wild (Goodwin and Greenhall, 1961). Yet, in captivity, these bats may become tractable and easily handled, but are capable of inflicting deep and painful bites (Beecher, 1971). Phyllostomus discolor is readily tamed and a delightful laboratory animal ac cording to Uwe Schmidt (personal communication). Vampyrum spectrum also becomes tame and gentle in captivity (Greenhall, 1968). Glossophaga soricina is a nervous bat, and Rasweiler (1973) found, in order to keep noise and dis turbance minimal in his laboratory, that he had to take over the care of the bats. Rasweiler (1973) reported Carollia perspicillata as easily handled and main tained. Conversely, Uwe Schmidt (personal communication) noted that C. perspicillata is shy, panicky, and sensitive to shock, and thus a difficult captive. His specimens regularly died following the stress of being photographed. He also said that Artibeus lituratus was easily maintained, but remained intract able, biting viciously when handled.",55008871,10.0,1976.0,Internet Archive,biologybatsneww10bake,Museum of Texas Tech University,English,http://biodiversitylibrary.org/permissions,In copyright. Digitized with the permission of the rights holder.
Phyllostomus discolor,"222 Annals of Carnegie Museum vol. 49 On 3 October, three P. latifolius were collected 1.5 km W Rudi Kappelvliegveld along a trail that passed through a young hardwood forest with moderate ground cover. Other species collected included Micronycteris megalotis, Tonatia bidens, Carollia perspicillata, Artibeus cinereus, Trachops cirrhosus, two large species of Artibeus, V ampyressa bidens, and Thyroptera tricolor. At Rudi Kappelvliegveld two specimens were collected on 27 September along a wide trail that passed through dense secondary growth. Other bat species collected there included Phyllostomus discolor, P. elongatus, P. hastatus, Vampyrum spectrum, Glossophaga soricina, Carollia perspecillata, Ametrida centurio, Artibeus cinereus, C. concolor, two large species of Artibeus, Chrioderma trinitatum, Sturnira tildae, Uroderma bilobatum, Eptesicus brasiliensis, and Molossus molossus. This is the only locality known to us at which all four species of the genus Phyllostomus have been collected. The conditions under which the remaining specimens were obtained are discussed in the accounts for Micronycteris minuta, and Chrotopterus auritus. The male and female from Brownsberg Nature Park weighed 30 and 25, respectively, when captured on 24 September. The male had testes that measured 8; the female evinced no reproductive activity. In the vicinity of Rudi Kappelvliegveld one male weighed 24; testes measurements of two males collected in the same area on 28 and 30 September were 6 and 4, respectively. Among 13 females collected there between 27 September and 4 October, none was pregnant but two were lactating. The average weight of the 13 females was 27.3 with a range of 25 to 3 1 . At the present time there are four species of Phyllostomus known to occur in Suriname P. discolor, P. elongatus, P. hastatus, and P. latifolius. Although each of these species can be easily distinguished from the others (Husson, 1962, 1978), P. elongatus and P. latifolius are similar enough that some investigators have suggested that they might be conspecific (see Jones and Carter, 1976). However, we took both species at the same collecting localities and found them easily distinguishable based on forearm and cranial measurements, thus confirming their specific status. These differences will be explored in depth in a future publication. P. latifolius is considered to be monotypic (Jones and Carter, 1976). External and cranial measurements of three males, followed by three females, are as follows: length of forearm, 56.0, 59.6, 60.0, 57.8, 56.5, 58.8; greatest length of skull, 27.2, 27.5, 28.7, 27.9, 27.4, 27.4; condylobasal length, 23.5, 24.1, 24.5, 23.7, 23.6, 23.8; zygomatic breadth, 14.8, 15.1, 15.5, 15.1, 14.6, 14.6; mastoid breadth, 13.1, 13.8, 14.0, 13.7, 13.3, 13.7; postorbital breadth, 4.8, 5.1, 4.8, 4.8, 4.8, 4.8; length of maxillary toothrow, 9.9, 10.2, 10.1, 10.1, 9.8, 10.0; breadth across upper molars, 10.2, 10.4, 11.0, 10.7, 10.5, 10.4.",52334436,49.0,1980.0,Internet Archive,annalsofcarnegi491980carn,Smithsonian Libraries and Archives,English,https://www.biodiversitylibrary.org/permissions/,In Copyright. Digitized with the permission of the rights holder
Phyllostomus discolor,"but not constant, frequency) to low (the fly interacts with the host bat species on rare occasions or under specific conditions) interaction strength , except for the first module, which showed high interaction strength (the bat fly interacts with the host species frequently and regularly). This indicates a strong dependence of the fly on that particular bat for its survival and reproduction, specifically between C. perspicillata and T. joblingi. Most modules were formed by phylogenetically similar host, either from the same genus (modules 3 and 11 in Fig. 3) or from the same family (module 1 and 10 of Fig. 3). Comparisons with null models showed differences (ZQ 83.51) indicating that the observed indices result from ecological processes rather than random chance. Furthermore, the comparison between the observed H,, value (0.74) and the null model values revealed significant differences (p-value 0.00) (Suppl. material 1: fig. S2).",64344573,1221.0,2024.0,Virtual Item,vi210914v1221202420250330010720,Pensoft Publishers,English,https://biodiversitylibrary.org/permissions,In copyright. Digitized with the permission of the rights holder.
Phyllostomus discolor,"Description.-Larger and paler in color than Mimon bennetti, with whitish areas at the bases of ears, and skull with much smaller swelling in occipital region. Mean measurements of ten adults from Veracruz, Mexico, are: total length, 90 mm.; length of tail, 20; length of hind foot, 16; height of ear from notch, 35; length of forearm, 54.9; greatest length of skull, 26.2; condylobasal length, 23.0; length of upper tooth row (complete), 10.2; brainecase breadth, 10.1; interorbital breadth, 4.6; mastoid breadth, 11.9; breadth across third upper molars, 9.4.",34647535,70.0,1957.0,Internet Archive,proceedings7071195758biol,Smithsonian Libraries and Archives,English,https://biodiversitylibrary.org/permissions,In copyright. Digitized with the permission of the rights holder.
Phyllostomus discolor,"The apparent gap between the ranges of 4 . bennetti and M. cozwmelae includes all of northern South American and Central America. Specimens from this area are needed before the true relationships of the present nominal species can be understood. The following observations, based on ten of the twenty specimens known from North America, may be helpful to collectors working in areas where eritical specimens might occur.",34647535,70.0,1957.0,Internet Archive,proceedings7071195758biol,Smithsonian Libraries and Archives,English,https://biodiversitylibrary.org/permissions,In copyright. Digitized with the permission of the rights holder.
Phyllostomus discolor,"Museum specimens of Chrotopterus have been confused with Mimon but Chrotopterus is so much larger (total length about 120 mm., rather than 90 mm.) that it can searcely be mistaken for Mimon in the field. Mimon is, however, so similar to Phyllostomus discolor in size, color and general appearance, that close scrutiny is required for identification. The two may most rapidly be separated by the shape of the tips of the ears: pointed in Mimon but rounded in Phyllostomus. Phyllostomus discolor and Mimon may be found side-by-side, in the same cave. Mimon is rarely seen in flight, but when seen can be identified by its silent, swooping flight and extremely long interfemoral membrane. The only specimen I shot in flight was at a grove of orange trees where the halfspoiled fruit hung on the trees. Several bats, presumably all Mimon, were seen about the oranges. They may have been eating the fruit, fermented juice, or insects stupified by the juice.",34647535,70.0,1957.0,Internet Archive,proceedings7071195758biol,Smithsonian Libraries and Archives,English,https://biodiversitylibrary.org/permissions,In copyright. Digitized with the permission of the rights holder.
Phyllostomus discolor,"BIOLOGY OF THE PHYLLOSTOMATIDAE 101 Nectar i vores Until recently the standard diet for such captive nectar-feeding bats as Glossophaga and Anoura has been sugar or honey in water, fruit juice, succulent fruits, and vitamins (Ruschi, 1953c, 1953 d, 1953e; Goodwin and Greenhall, 1961; McNab, 1969). Rasweiler (1975) claimed that laboratory diets for frugivorous or nectarivorous species based solely upon fruit pulp and or fruit juices may be grossly inadequate from a nutritional standpoint. He believed that addition of insects and pollen could significantly increase the protein, fat, mineral, and vitamin levels in diets of fruit-eating bats, as well as supply essential amino acids that are inadequately represented in the fruit component of the diet. Rasweiler and de Bonilla (1972) and Rasweiler (1973) have formulated diets (Appendix 12) that have been successful for the long-term maintenance of large numbers of Glossophaga soricina , Anoura geoffroyi, A. caudifer, and Carollia perspicillata. The New York Zoological Park prepares an artificial nectar (Appendix 11) dispensed from large watering bottles hidden among the plastic plants of the exhibit. In these exhibits, the nectar-feeding bats also have access to the solid diet (Appendix 15) offered to the frugivorous phyllostomatids (House and Doherty, 1975). The bats housed in this exhibit have included Glossophaga soricina , Anoura geoffroyi , Phyllostomus discolor, and Carollia perspicillata. Donna J. Howell (personal communication) successfully raised nectarivorous bats on a different diet (Appendix 13). She also maintained Phyllostomus dis color and Carollia perspicillata, but treated them as fruit eaters. Howell wrote: I ve kept Leptonycteris, Choeronycteris , Glossophaga , Anoura, and Hylonyc ter is on the nectar diet for periods exceeding a year. All the diet ingredients seemed necessary to duplicate the very nutritious contents of bat-adapted pollen and nectar from chiropterophilous plants. One must be careful to give the bats enough protein, yet not over protein-load or over sugar-load their kidneys. Con centrating ability of the glossophagines is very poor. Protein should stay about 9 to 11 per cent, sugar 14 to 20 per cent. Frugivores The diet of nectarivorous and frugivorous bats is influenced mostly by the seasonal abundance of flowers and fruits (Greenhall, 1956, 1957; Goodwin and Greenhall, 1961; Fleming et at, 1972). The diets of captive frugivores will be determined by the availability of fruits. In temperate regions, tropical fruits, with the exception of bananas, may not always be available. Captive fruit-eating bats generally prefer sweet fruits such as bananas, man goes, peaches, plums, melons, grapes, and papayas (Pye, 1967; Racey, 1972). Although citrus fruits are not preferred, sweet oranges and grapefruit occasional ly may be accepted (Greenhall, 1966). Pye (1967) mentioned that apples can be substituted if exotic fruits are in short supply. The banana-based diet formu lated by Rasweiler (1975) and Rasweiler and de Bonilla (1972) is given as Ap pendix 14.",55008864,10.0,1976.0,Internet Archive,biologybatsneww10bake,Museum of Texas Tech University,English,http://biodiversitylibrary.org/permissions,In copyright. Digitized with the permission of the rights holder.
Phyllostomus discolor,Immunologic and electrophoretic tests show Desmodus to be related to the Phyllostomatidae through the subfamilies Phy lostomatinae and Glossophaginae. The glossophagine serum for which Desmodus serum shows the highest affinity is that of Choeronycteris mexicana. The phyllostomatine serum for which Desmodus serum shows the highest affinity is that of Chrotopterus auritus. The remaining four families studied show a distinct immunological separation from the Phyllostomatidae.,16118882,,,Internet Archive,selectedreadings00jone,"Harvard University, Museum of Comparative Zoology, Ernst Mayr Library",English,https://biodiversitylibrary.org/permissions,In copyright. Digitized with the permission of the rights holder.
Phyllostomus discolor,"Karyotypic data are yet so meager for Chiroptera that much additional work needs to be done before relationships can be properly analyzed. Nonetheless, it can be stated that the available karyotypic data generally support, and in no way refute, the assignment of the vampire bats as a subfamily of the Phyllostomatidae. Three subfamilies of phyllostomatids (Phyllostomatinae, Glossophaginae, Stenoderminae) have members with karyotypic values similar to those of Desmodus and Diaemus. From chromosome studies, a relationship of vampires to one of these three subfamilies appears likely.",16118882,,,Internet Archive,selectedreadings00jone,"Harvard University, Museum of Comparative Zoology, Ernst Mayr Library",English,https://biodiversitylibrary.org/permissions,In copyright. Digitized with the permission of the rights holder.
Phyllostomus discolor,"In addition, spermatozoan morphology shows Desmodus rotundus and Diphylla ecaudata to be notably similar in general structure to the phyllostomatids examined, when compared to the morphological distinctness of spermatozoa of North American representatives of two other families of bats. The sperms of Desmodus and Diphylla resemble those of Artibeus, Phyllostomus, Anoura and other genera representing five subfamilies of the Phyllostomatidae to such a degree that the familial distinctness of the Desmodontidae appears questionable. Evidence from immunologic and karyotypic comparisons and studies of morphology of spermatozoa suggests that vampire bats should be classified as a subfamily within the Phyllostomatidae.",16118882,,,Internet Archive,selectedreadings00jone,"Harvard University, Museum of Comparative Zoology, Ernst Mayr Library",English,https://biodiversitylibrary.org/permissions,In copyright. Digitized with the permission of the rights holder.
Phyllostomus discolor,"On the other hand, a particular set of CH blocks was observed in A. obscurus, A. fimbriatus, A. lituratus and A. planirostris. This finding allowed the individualization and differentiation of each species for karyotype comparison . A. frmbriatus and A. lituratus karyotypes showed a closer CH distribution differing only by one heterochromatin block. Furthermore A. obscurus and A. planirostris karyotypes presented more interstitial heterochromatin.",64251725,6.0,2012.0,Virtual Item,vi210879v6no1201220250316014436,Pensoft Publishers,English,https://biodiversitylibrary.org/permissions,In copyright. Digitized with the permission of the rights holder.
Phyllostomus discolor,"The occurrence of intrageneric variation on CH distribution had been described only in sporadic cases among phyllostomatids whose extensive karyotypic conservation is widely known. In turn, the genus Artibeus is widely cited as a chiropteran group that exhibits low rate of karyotype evolution whereas: (1) most of species had same diploid number (30 31) and (2) G-banding patterns are essentially identical (Baker and Bickham 1980, Baker et al. 2003).",64251725,6.0,2012.0,Virtual Item,vi210879v6no1201220250316014436,Pensoft Publishers,English,https://biodiversitylibrary.org/permissions,In copyright. Digitized with the permission of the rights holder.
Phyllostomus discolor,"The other parameter evaluated intercomparison was the NORs localization by silver staining. The Ag-NORs were situated on the subtelocentric autosomes 5, 6 and 7 of all species. The data obtained for A. Lituratus, A. planirostris and A. fimbriatus, together with the new data of A. obscurus, were similar those described by Santos et al. (2002). These authors employed FISH with 18S ribosomal probe allied to silver staining to investigate the precise localization of rDNA sites, and discovered a noncorrelation between the number and distribution of the NORs in A. cinereus Gervais, 1856, being the first report on silent NORs in bats. They also had distinguished two rDNA sites patterns for Artibeus genus: 1) in the distal regions of the short arms of pairs 5, 6 and 7 (A. Lituratus, A. jamaicensis Leach, 1821 and A. fimbriatus) and 2) in the interstitial region of the long arms of pairs 9, 10 and 13 (A. cinereus). In addition, A, fimbriatus had one NOR in the interstitial region on the long arm of pair 5, that it was not observed in this work, which may indicate a chromosomal polymorphism for this species.",64251725,6.0,2012.0,Virtual Item,vi210879v6no1201220250316014436,Pensoft Publishers,English,https://biodiversitylibrary.org/permissions,In copyright. Digitized with the permission of the rights holder.
Jacana spinosa,"are included the Gulls, Terns, Skimmers, Skuas, and Auks. The method of treatment follows closely that of the previous volumes and the high standard there set is well maintained. As the birds here considered break up less easily into geographical races, there are fewer new forms proposed than in the preceding volumes, but numerous changes in nomenclature are adopted and a number of new genera are accepted. The numerous new genera and subspecies proposed by Mr. Gregory M. Mathews in his Birds of Australia are considered, but only a few are accepted, which is gratifying to those who, like the reviewer, have felt that Mr. Mathews had gone entirely too far. Mr. Ridgway is not influenced by prejudice in such questions, but gives to each case a fair and unbiased consideration.",15939929,36.0,1919.0,Internet Archive,auk361919amer,Smithsonian Libraries and Archives,English,,Public domain. The BHL considers that this work is no longer under copyright protection.
Jacana spinosa,"Following the fixation of Linnzean types by the International Commission, Charadrius is shifted from the Golden Plovers to the Ring-necks, the former becoming Pluvialis, while T'ringa is now the generic name of the Solitary Sandpiper, the Knot being known as Canutus. On account of preoccupation, Ochthodromus becomes Pagolla, Macrorhamphus becomes Limnodromus. Plautus is found to date from Gunnerus, 1761, by whom it was used for the Little Auk, so that it replaces Alle, while the Great Auk becomes Pinguinus, showing that even extinct birds are not safe from the operations of the laws of nomenclature.",15939929,36.0,1919.0,Internet Archive,auk361919amer,Smithsonian Libraries and Archives,English,,Public domain. The BHL considers that this work is no longer under copyright protection.
Jacana spinosa,"According to the main text of the work, Heteroscelus is regarded as not invalidated by the earlier Heteroscelis and takes the place of Heteractitis, but on another page Chlidonia is allowed to invalidate Chlidonias Rafinesque, which hardly seems to be a consistent application of the rules. It is but fair to mention, however, that Mr. Ridgway states in the addenda",15939929,36.0,1919.0,Internet Archive,auk361919amer,Smithsonian Libraries and Archives,English,,Public domain. The BHL considers that this work is no longer under copyright protection.
Jacana spinosa,"pared with the few available eastern specimens in winter plumage, the upper parts are considerably paler and grayer, and the crown is more broadly streaked with white. The streaking and speckling of the cheeks is also finer and the breast is more narrowly streaked. The measurements are as follows: Wing, 183.5 mm.; bill from nostril, 44; tarsus, 56.",27048275,,,Internet Archive,bulletinamerican21ameruoft,University of Toronto - Gerstein Science Information Centre,English,,Not provided. Contact Holding Institution to verify copyright status.
Jacana spinosa,"18. Lophortyx douglasi douglasi (Vig.).One hundred and twenty-nine specimens as follows: Escuinapa, 120 specimens, December 20-April 6, July 14 (one), August 5 (2 young), September 20-30, October 2-27; Arroyo de Limones, 5 specimens, April 11-18; Juanna Gomez River, 1 specimen, June 2; Cosala, 1 specimen, December 8. This series exhibits considerable variation in coloration. The shape and size of the black throat markings of the males vary greatly. The females differ much among themselves, some specimens suggesting the males in color. Many specimens, taken from December to March inclusive, show molt taking place in the primaries and at other points. Common. Gregarious. Found on lowlands and foothills of Sierra Madre. Breeds in April and May. Lays eight to twelve eggs; nest on the ground. Sometimes has as many as twenty eggs at one sitting. Roosts in bushes and trees, and not on ground. Tris hazel. Feet of male described by collector as bluish black, pale olive brown, dirty greenish white, etc., according to the individual; bill usually as brownish black.",27048275,,,Internet Archive,bulletinamerican21ameruoft,University of Toronto - Gerstein Science Information Centre,English,,Not provided. Contact Holding Institution to verify copyright status.
Jacana spinosa,"THE BIRD BOOK JACANAS. Family JACANID E 288. Mexican Jacana. Jacana spinosa. Range. Tropical America, north in summer to the lower Rio Grande Valley in Texas, and casually to Florida. Yellowish olive. Mexican Jacana. This interesting species has most of its structural characters similar to the Plovers, but has more the appearance and habits of the Rails. They are about eight inches long, the head and neck are black, the body chestnut, and the wings largely greenish yellow. They have long legs, long toes and extremely long toe nails, a scaly leaf on the forehead, and a sharp spur on the shoulder of the wing. Owing to their long toes and nails, they are enabled to walk over floating weeds and rubbish that would sink beneath their weight, otherwise. They build their nests on these little floating islands in the marsh; they are also sometimes made of weeds and trash on floating lily pads. They lay from three to five eggs of a yellowish olive color, curiously scrawled with brown and black. Size 1.22 x .95. Data. Tampico, Mexico, June 3, 1900. Three eggs. Nest of weeds and drift on lily leaf floating in fresh water pond near town. 172",51894761,,,Internet Archive,canadianbirdbook00reed_0,University of Toronto - Thomas Fisher Rare Book Library,English,,Public domain. The BHL considers that this work is no longer under copyright protection.
Jacana spinosa,"ACOUSTIC BEHAVIOR OF THE NORTHERN JACANA Donald A. Jenni, Roger D. Gambs, and Burr J. Betts The Northern Jacana (Jacana spinosa) breeds on floating vegetation in marshes, shallow lakes, river courses, and along the shores of larger lakes from southern Texas south to Panama. Its visual and vocal behavior are conspicuous to the human observer. Social interactions between adults al most always include vocalizations and sometimes appear to be restricted to vocal signals. Jacanas also use vocalizations in parent-young interactions and in anti-predator behavior. Non-vocal sounds do not appear to be an important part of the communication system. The Northern Jacana is of special interest because it is the only species in which simultaneous polyandry is known with certainty (Jenni, 1974; Jenni and Collier, 1972). Males defend small territories; they exclude conspecific males, and although they attempt to exclude the much larger fe males, except for their mates, they generally fail to do so. Females exclude other jacanas of both sexes from the territories that belong to as many as four adjacent males. For the population on which we have the most com plete records, each breeding female averages 2.2 males. However, there are always non-breeding adult-plumaged birds in the area, and we have no reason to suspect that the tertiary sex ratio differs from 1:1. Females main tain simultaneous pair-bonds with one to four males, and may copulate with all of them on the same day. Males perform all nest building, incuba tion, and care of the young. Oring and Knudson (1972) consider this system an example of classic polyandry. We are conducting a long-term study of the behavior of the Northern Jacana to understand how this species main tains polyandry and how it is adaptive. Eventually, we hope to gain insight into the evolution of polyandry in the jacana. In working toward those ends, we have started an intensive analysis of the Northern Jacana s be havior, part of which is the subject of this paper. Most biologists studying vocal systems in birds describe calls and songs which, though variable, do not appear to overlap with one another. We do so below for the Northern Jacana. However, in producing sonograms of typical examples of the different calls, we became suspicious of our inter pretation. We proceeded to prepare sonograms of all the sounds of the species that we recorded. We are now convinced that our original, subjec tive classification of jacana vocalizations is a naive over-simplification. We found a tremendous amount of variation in both individual note-structure and temporal patterning of the notes. In this paper, we will describe this relatively complex system. 193",59430913,13.0,1974.0,Internet Archive,livingbird1314corn,Cornell University Library,English,http://biodiversitylibrary.org/permissions,In copyright. Digitized with the permission of the rights holder.
Jacana spinosa,"Tinamidae.-The tinamous are most unusual birds, possessing extremely large flight muscles (37 to 40 percent of the body weight, of which the pectoralis is 63 percent) and large leg muscles (13 to 17 percent) but the smallest heart (0.19 to 0.25 percent) of all birds. The pectorals are so large that they extend beyond the keel of the sternum. In Crypturellus the sternum is submerged 7 to 8 mm. below the bulging pectorals. The same condition is present in Nothocercus",24733110,143.0,1961.0,Internet Archive,smithsonianmisce14319611962smit,Smithsonian Libraries and Archives,English,,Public domain. The BHL considers that this work is no longer under copyright protection.
Jacana spinosa,"Land use: Fishing and hunting; cultivation of cocoa and some cattle ranching nearby. Waterfowl: Very poorly known. Pelecanus occidentalis is common, and is reported to breedon a small island nearby (Punta Mona). A variety of Ardeidae, Nearctic shorebirds and Laridae were observed during two brief visits to the lagoon, but the marsh areas have never been investigated.",31350948,,,Internet Archive,directoryofneotr86scot,"UNEP-WCMC, Cambridge",English,,Copyright Owner: IUCN Conservation Monitoring Centre
Jacana spinosa,"three distinct faune represented in our State: The Boreal in the north, which includes our Northern Peninsula and the northern part of the Southern Peninsula; the Transition, which occupies nearly all of the Southern Peninsula and reaches slightly into Indiana and Ohio; and the Upper Sonoran, which though mostly to the south of us, reaches into the southeastern and southwestern corners of the State. Thus we meet in Michigan many birds peculiar to the far north, and others that dwell for the most part in the states and countries south of us, even reaching to or beyond the gulf. The first are illustrated in the Bohemiam Wax-wing, the Spruce Partridge, the Canada Jay and the Pine Grosbeak; while the Summer Red Bird, the Mocking Bird and the Cardinal Red Bird illustrate the second group. The large lakes attract to us many birds that are usually maritime, like the gulls and the terns; while in southern Michigan, with its prairies and woodlands both widely distributed, we get the prairie fauna, illustrated in the Pinnated Grouse, as well as those birds which are most at home in the forests of wooded areas, like most of the thrushes and the warblers. This accounts for the very large list of woodland warblers which we find in our state.",15564956,,1893.0,Internet Archive,birdsofmichigan00cook,Smithsonian Libraries and Archives,English,,Public domain. The BHL considers that this work is no longer under copyright protection.
Jacana spinosa,"The following birds have been reported from Michigan, but after as full inquiry as I am able to make, I do not feel warranted in admitting them to this list: Sula bassana, Anhinga anhinga, Camptolaimus labradorius, Somateria mollissima boreallis, Ardea coerulea, Nycticorax violaceus, Rallus longirostris crepitans, Tringa maritima, Pavoncella pugnax, Hematopus palliatus, Jacana spinosa, Dendragapus franklinii, Sayornis saya, Quiscalus quiscula, Acanthis hornemanii exilipes, Milvulus tyrannus, Ammodramus leconteii, Dendroica dominica, Sitta pusilla, Parus carolinensis, and Sialia arctica. There are a few more that seem to be of very doubtful occurrence in our State, but I do not feel warranted in excluding them, but have expressed doubt as to their belonging to our Michigan fauna in the text.",15564956,,1893.0,Internet Archive,birdsofmichigan00cook,Smithsonian Libraries and Archives,English,,Public domain. The BHL considers that this work is no longer under copyright protection.
Jacana spinosa,"NUMBER 93 33 1963). Titanis first appears in Florida in the late Blancan along with a large suite of South American Interchange mammals (Webb, 1976; Chandler, 1994; Morgan and Hulbert, 1995). The rich Pleistocene record of fossil birds in Florida adds several more species with Neotropical affinities. The jacana (Jacana spinosa), a Neotropical waterbird found from Mexico south throughout much of Middle America, as well as the West In dies, is known from two Florida Rancholabrean faunas (Emslie, 1995, 1998). Two species of raptors found in Cutler Hammock and several other Florida Rancholabrean faunas, the extinct species Spizaetus grinnelli and the extant species Milvago chimachima, are members of genera that are now re stricted to Middle and South America (Emslie, 1995, 1998). Spizaetus grinnelli also occurs in the West Palm Beach LF (Becker, 1985). Three species of jays described from Florida Rancholabrean sites belong to extinct genera that have their closest living relatives in Middle America, according to Brodkorb (1957) and Holman (1959). Protocitta, including the spe cies P. ajax and P. dixi, is closely related to Middle American jays of the genus Calocitta, whereas Henocitta brodkorbi is re lated to Middle American jays of the genus Psilorhinos (Brodkorb, 1957; Holman, 1959). Likewise, two extinct genera of icterids known from Rancholabrean faunas in northern Florida, Cremaster and Pandanaris, have their closest living relatives in Middle America. Cremaster tytthus is an arboreal icterid most closely related to the living Neotropical oropendolas and caciques (Brodkorb, 1959). Pandanaris floridana has close af finities with Central American blackbirds (Hamon, 1964). At least 12 species of extant land birds found in Florida have affinities with the Neotropical Region (Robertson and Kushlan, 1974). These birds exhibit the same general biogeographic pat terns as Florida s Neotropical mammals discussed above, but birds have the added complication of migration. Many land birds that breed in Florida and elsewhere in temperate North America migrate to the Neotropics in the winter months. Only those land birds found in Florida that breed primarily in the Neotropical Region are discussed herein, including both migra tory and nonmigratory species. Seven of these species are West Indian in origin, two species are found primarily in Middle America, and three species could have been derived from either the West Indies or Middle America. The seven land birds with Antillean affinities include white-crowned pigeon (Columba leucocephala), mangrove cuckoo Coccyzus minor), smooth billed ani (Crotophaga ani), Antillean nighthawk (Cordeiles gundlachii), gray kingbird Tyrannus dominicensis), blackwhiskered vireo (Vireo altiloquus), and yellow warbler (Dendroica petechia). None of these species occur in Florida Ran cholabrean fossil sites, suggesting that they may have dispersed northward from the West Indies fairly recently, perhaps during the Holocene. Two Florida birds probably were derived from Middle America, the short-tailed hawk (Buteo brachyurus) and the black-shouldered kite (Elanus caeruleus), although the lat ter species occurs in the southwestern United States as well. Three birds found in Florida, the snail kite Rostrhamus sociabilis), caracara Polyborus plancus), and burrowing owl Athene cunicularia), are widespread Neotropical species that occur throughout the West Indies, Central America, and South America. The caracara and burrowing owl also are known from several Florida Rancholabrean faunas. These two species also are found in the arid regions of the western United States but do not occur between peninsular Florida and Texas. Southwestern Vertebrates in Florida Plio-Pleistocene and Recent Faunas Coinciding with the appearance of Neotropical species in the Florida peninsula was an influx of species from the arid south west. The dispersal of certain species of western vertebrates into the Florida peninsula probably was facilitated by the drier conditions, accompanied by more widespread grassland and scrub vegetation, that characterized the climate of glacial inter vals in Florida (Watts and Hansen, 1988). Texas is the closest state where many of the western species found in Florida Pleis tocene faunas still occur. Among mammals, these western forms include jackrabbits Lepus), smooth-toothed pocket go phers Thomomys), ground squirrels (Spermophilus), pallid bats Antrozous), and possibly hog-nosed skunks Conepatus). Western birds found in Florida fossil sites include two species of small owls of the genus Glaucidium (see Emslie, 1998), Cal ifornia condor Gymnogyps californianus), prairie chicken Tympanuchus cupido), and scrub jay Aphelocoma coerulescens). All of these western genera and or species of mammals and birds are known from Florida Irvingtonian and or Rancho labrean faunas, but only the scrub jay survives there today (Emslie, 1996). Several of these taxa are known only from ear lier glacials prior to the latest Pleistocene Wisconsinan glacia tion. The best-known pre-Wisconsinan fauna from Florida that clearly represents a glacial interval is the latest Blancan (latest Pliocene) Inglis lA LF, located just inland from the Gulf of Mexico in the north-central portion of the peninsula. Western species identified from Inglis (Meylan, 1982; Morgan, 1991; Emslie, 1996, 1998) include Lepus sp., Antrozous sp., two spe cies of Glaucidium owls, scrub jay Aphelocoma coerulescens), alligator lizard Gerrhonotus sp.), and hog-nosed snake Heterodon nasicus). None of these taxa are known from Flor ida Rancholabrean sites. Certain other species of mammals and birds found in Florida Pleistocene faunas occur in both the arid southwest and the Neotropics, including the bats Mormoops megalophylla, Eumops undenvoodi, and Tadarida brasiliensis, the burrowing owl Athene cunicularia), and the caracara Po lyborus plancus). For these species it is difficult to determine the geographic origin of the Florida fossil population. The two birds and T. brasiliensis still survive in Florida. The two other bats have been extirpated from the state. The burrowing owl and caracara are clearly relicts in Florida, as no other popula tions of these two species exist in eastern North America, whereas T. brasiliensis is more widespread in the southeastern United States.",58074468,93.0,2002.0,Internet Archive,cenozoicmammals93emry,Smithsonian Libraries and Archives,English,http://biodiversitylibrary.org/permissions,In copyright. Digitized with the permission of the rights holder.
Jacana spinosa,"cheeks butty-white with narrow dark-brown streaks ; breast, wings, upper parts, and flanks blackish-brown, the feathers margined with pale buff; under parts buffy-white, each feather with a broad blackish-brown spot near the tip; under tail-coverts blackish varied with whitish and reddish buff; four middle tail feathers blackish-brown, others fuscous edged with pale buff, having a V-shaped mark as in A. fulvigula; lining of wing white ; speculum purple tipped with white ; feet reddish-orange; bill with a small black spot on base of lower edge of upper mandible, lacking in the female. Sexes otherwise alike. A subspecies of the Dusky Duck which seems entitled to recognition. It occurs from eastern Texas to Kansas. It was originally described by Sennett as Anas maculosa, Auk, July, 1889, p. 263; , and in the Second Supplement of the Union List, 1890, it is called A. fulvigula obscura.",37742182,,,Internet Archive,cu31924001916372,Cornell University Library,English,,Public domain. The BHL considers that this work is no longer under copyright protection.
Jacana spinosa,"ie head and neck are black, the body chestnut, a and the wings largely greenish yellow. They have long legs, long toes and extremely long toe nails, a scaly leaf on the forehead, and a sharp spur on the shoulder of the-wing. Owing to their long toes and nails, they are enabled to walk over fioating weeds and rubbish that would sink beneath their weight, otherwise. They build their nests on these little floating islands in the marsh; they are also sometimes made of weeds and trash on floating lily pads. They lay from three to five eggs of a yellowish olive color, curiously scrawled with brown and black. Size 1.22x.95. Data. Tampico, Mexico, June 3, 1900. Three eggs. Nest of weeds and drift on lily leaf floating in fresh water pond near town.",38091623,,,Internet Archive,cu31924090283783,Cornell University Library,English,,Public domain. The BHL considers that this work is no longer under copyright protection.
Jacana spinosa,"RUDDY TURNSTONE (Arenaria interpres morinella). Turnstones are unusual in form, in that the bill is quite stout, pointed and has an upturned appearance since the top of the upper mandible is perfectly straight. The present handsome species breeds on the Arctic coast and migrates abundantly along both coasts, wintering from southern United States southward. The common Turnstone, a grayer variety, is an Old World species, a few of which breed in western Alaska and migrate through Japan. The Turnstone is commonly known among sportsmen as Calico-back, Horse-foot Snipe? -and Beach Snipe.",13402508,,1912.0,Internet Archive,americangamebird00reed,Smithsonian Libraries and Archives,English,,Public domain. The BHL considers that this work is no longer under copyright protection.
Jacana spinosa,"It is recorded that among Jacanas the role of the sexes is reversed to a great extent. Miller (1925) found this in the Mexican Jacana and Hoffmann (1949) in. the Pheasant-tailed Jacana . In the latter the female is larger in size than the male and is polyandrous, and the male carries out most (or all) of the incubation and care of young. In the Bronzewinged Jagana also the female is slightly larger than the male and the pattern of breeding is similar to that of the Pheasant-tailed Jacana.",48072849,61.0,1964.0,Internet Archive,journalofbombay611964bomb,Smithsonian Libraries and Archives,English,https://www.biodiversitylibrary.org/permissions/,In Copyright. Digitized with the permission of the rights holder
Jacana spinosa,The tank is a natural body of water more or less oblong in shape and approximately 4500 sq. metres in area. It is overhung by gulmohur and mango trees and its vegetation has been altered by man. Introduced para grass is the dominant plant on the nesting sites. Waterlily (Nymphaea pubescens) and a floating species of pomoea also occur.,48072849,61.0,1964.0,Internet Archive,journalofbombay611964bomb,Smithsonian Libraries and Archives,English,https://www.biodiversitylibrary.org/permissions/,In Copyright. Digitized with the permission of the rights holder
Jacana spinosa,"A remarkable species found in southeastern Asia, with a total length of only eighteen inches, has a tail that is ten inches long. Four of the tail feathers are much longer than the others and arched like those of a pheasant. It builds a flat nest of grass and rushes which floats on the water, attached to the plants growing near. In this, and the six or seven olive-brown eggs it lays, it certainly resembles a rail much more than a shorebird.",29893153,,,Internet Archive,waterfowlfamily02sanf,Library of Congress,English,,Not provided. Contact Holding Institution to verify copyright status.
Jacana spinosa,"Adult male and femaleHead, neck, upper part of back, and breast, black, with reflections of purple; lower back and wings, purplish chestnut; primaries and secondaries, pale yellowish green, the primaries bordered with blackish brown; rump, upper tailcoverts, and tail, dark purple; lower portion of breast and flanks, maroon ; abdomen, thighs, and under tail-coverts, brownish maroon; a frontal leaf of three lobes, bright orange in color, covers the forehead from the base of the bill; bill, bright yellow ; a sharp spur on the wing of orange; iris, brown; feet and legs, greenish.",29893153,,,Internet Archive,waterfowlfamily02sanf,Library of Congress,English,,Not provided. Contact Holding Institution to verify copyright status.
Jacana spinosa,"Young Frontal leaf, yellow, rudimentary ; top of head and back of neck, pale brown; a yellowish white stripe from base of bill to nape; a black stripe behind the eye, broadening on the neck and upper back; back and wings, pale brown; primaries and secondaries, yellowish green; rump and upper tail-coverts, brown ; tail, dark; upper parts in general, light brown; chin, throat, sides, and under parts, white, with a tinge of buff; bill, yellow; legs and feet, olive.",29893153,,,Internet Archive,waterfowlfamily02sanf,Library of Congress,English,,Not provided. Contact Holding Institution to verify copyright status.
Jacana spinosa,"The clearing of the forest has done much to lessen the numbers of this bird, while the mongoose without doubt takes its full share, living, as it does, upon the ground; so that the limpkin is no longer valuable as a game bird, though scattered individuals may survive for many years. Mr. Leop. B. Strube, of the Hacienda Jobo, stated that there were still at least a dozen pairs on his plantation living in a small tract of natural forest, and as they are protected they will survive. Mr. Strube kindly presented the Biological Survey with a specimen taken in June in that locality.",34099883,,,Internet Archive,bulletinofusdep326350unit,American Museum of Natural History Library,English,,Public domain. The BHL considers that this work is no longer under copyright protection.
Jacana spinosa,"The oyster-catcher is reported as occurring occasionally on the islands of Culebra and Culebrita. Gundlach (1878, p. 879) reports a specimen on the authority of Blanco, taken near San Juan, and Stahl (1887, p. 449) says that it was seen at the end of August, 1886. On the rocky beaches of Desecheo, June 13 to 15, three were seen and others reported by fishermen, to whom they are well known. From an economic standpoint this bird has no importance whatever, but is worthy of protection because of its harmlessness.",34099883,,,Internet Archive,bulletinofusdep326350unit,American Museum of Natural History Library,English,,Public domain. The BHL considers that this work is no longer under copyright protection.
Jacana spinosa,"Wilson Bull, 103(4), 1991, pp. 578-597 TIME BUDGETS AND THE ADAPTIVENESS OF POLYANDRY IN NORTHERN JACANAS Burr J. Betts and Donald A. JennP Abstract.Time budgets of polyandrous Northern Jacanas Jacana spinosa) were studied at a 2.8-ha pond in Costa Rica from Jan.-Dee. 1974. Time budgets differed significantly depending on reproductive condition, sex, location, and time of day. Although similar prior to egg laying, male and female time budgets diverged greatly when eggs or chicks were present. At that time, males reduced foraging, other somatic behaviors, and time spent offthe-pond as they assumed major responsibility for parental care, which consumed much of the early morning and late afternoon. Females, which were never seen incubating and were rarely seen brooding, maintained a high proportion of time spent foraging throughout the day and year. Females spent more time in territories where chicks were present, resulting in increased interspecific aggression, resting, and walking as they provided direct and potential predator protection. After egg laying, females reduced time spent foraging and increased time spent resting. Females helped males by brooding and accompanying chicks at times when food availability was apparently low. Females did not reduce their total foraging time in territories containing chicks. These data best support the replacement clutch hypothesis and support neither the female energetic stress nor the uniparental care hypotheses for the adaptiveness of classical polyandry in the Northern Jacana. Insufficient data exist to conclude whether a single explanation for the evolution of classical polyandry is possible for all species exhibiting some form of this mating system. Received 4 Feb. 1991, accepted 10 April 1991. Avian polyandry takes two basic forms (Oring 1986). In classical polyandry, females engage in separate reproductive efforts with each of several males. In cooperative polyandry, several males share in a single reproductive effort by a female. Although cooperative polyandry is an important form of this mating system, only classical polyandry is considered in the present paper, and all further references to polyandry should be regarded as referring only to classical polyandry. Classical polyandry is known to be the predominant mating system in only two avian species: the Spotted Sandpiper Actitis macularia) (Hays 1972, Oring and Knudson 1972) and the Northern Jacana Jacana spinosa) (Jenni and Collier 1972). Polyandrous mating relationships also occur infrequently in several other shorebirds that are basically monogamous (for reviews see Jenni 1974, Emlen and Oring 1977, Erckmann 1983, Lenington 1984, Oring 1986, Colwell and Oring 1988). Hypotheses for the adaptiveness of classical polyandry can be grouped into three ecological arguments. Female energetic stress hypotheses sug' Dept. Biology, Eastern Oregon State College, La Grande, Oregon 97850. 2 Div. Biological Sciences, Univ. Montana, Missoula, Montana 59812. 578",53473916,103.0,1991.0,Internet Archive,wilsonbulletin1031wils,"Harvard University, Museum of Comparative Zoology, Ernst Mayr Library",English,https://biodiversitylibrary.org/permissions,In copyright. Digitized with the permission of the rights holder.
Jacana spinosa,"206 THE WILSON BULLETIN VoL 94, No. 2, June 1982 tional Park Service, South Florida Research Center, P.O. Box 279, Homestead, Florida 33030. (Present address LCM: U.S. Forest Service, Deschutes National Forest, Bend, Oregon 97701.) Accepted 2 Apr. 1981. Wilson Bull., 94(2), 1982, pp. 206-208 Replacement nesting and polyandry in the Wattled Jacana. Although polyandry has been documented for the Bronze-winged Jacana Hydrophasianus chirurgus) (Hoffman, Ornithol. Bericht 2:119-126, 1950) and Northern Jacana Jacana spinosa) (Jenni and Collier, Auk 89:743-789, 1972) its occurrence in the Wattled Jacana J . jacana) has been speculative (Osborne and Bourne, Condor 79:98-105, 1977). Polyandry in J. jacana is predicted because females are freed from parental care of the precocial young (Osborne and Bourne 1977) thus potentially enabling them to lay additional clutches (Pitelka, Holmes and MacLean, Am. Zool. 14:185-204, 1974) and to monopolize several mates (Emlen and Oring, Science 197:215223, 1977). In this paper, I report my observations on productivity, replacement nesting and pair bonding for jacanas breeding in coastal Guyana, and describe polyandry in this species for the first time. Study area. Field studies were conducted on a 28 ha study plot at Burma of MARDS, Guyana, South America, from June-November 1977. MARDS is under intensive rice cultivation and experiences two wet and two dry seasons annually (Giglioli, Crop Histories and Field Investigations 1951-1957, British Guiana Rice Develop. Co. Ltd., Georgetown, Guyana, 1959). During the 1977 study period the wet season extended from May-July, the dry season from August-November. The study plot, partitioned by dikes and canals, consisted of 90 ricefields, 4 drainage ditches, 3 cattle paddocks and 3 ponds, and was surrounded by about 1600 ha of ricefields. Productivity. Nests were checked daily over the 6 months and their success determined. Nest and egg loss was high. Of 52 nests, only eight (15.4 ) were successful in producing at least one young. Fates of the precocial young after leaving the nest were not followed. Known causes of nest and egg loss included lizards (1.9 ), Long-winged Harriers Circus buffoni) (5.8 ), children (5.8 ), grazing cattle and horses (19.2 ), and harrowing and drainage of the ricefields (9.6 ). Thus, natural predators accounted for 7.7 of the known nest and egg loss and human related activities for 34.6 . Thirty-five percent of the nests were lost to unknown causes, perhaps to changing water depths, and 7 were presumed deserted. Pair bonds and replacement nesting. Jacanas were captured by mist-net, sexed by weight (Osborne and Bourne 1977) and marked with colored plastic leg bands (identified in this paper by acronyms or capital letters, e.g., WO O and D, respectively). Censuses of the marked population were made twice weekly from June-November to determine pair bond relationships and the frequency of replacement nesting. The existence of a pair bond between a male and female was inferred from their foraging together on the territory, territorial defense and precopulatory behavior (Osborne and Bourne 1977). Many, but not all pairs were observed during repeated copulations. Thirty-four males and 19 females were marked. Nineteen birds (38 of the males and 31 of the females) left the study area. Twenty-one of the 34 males (61.8 ) and 13 of the 19 females (68 ) nested in the study area. Eight of 21 males (38 ) and 2 of 13 females (15.4 ) paired with unmarked mates. Nine of 11 females (81.8 ) were monogamous, two (18.2 ) were polyandrous. Females responded to acts of predation or nest destruction by laying replacement clutches",52177766,94.0,1982.0,Internet Archive,wilsonbulletin9419wils,"Harvard University, Museum of Comparative Zoology, Ernst Mayr Library",English,https://biodiversitylibrary.org/permissions,In copyright. Digitized with the permission of the rights holder.
Jacana spinosa,"Adult: Head, neck, chest, and upper back uniform greenish black; quills and secondaries pale yellowish green, bordered at tips with dusky; rest of plumage uniform rich purplish chestnut. Young: Top of head grayish brown, bordered along each side by a broad superciliary stripe of buffy white; a dusky streak behind eye extending to hind-neck, which is also dusky or dull brownish; rest of head and neck, with whole lower parts, except sides, buffy white; upper parts grayish brown, the feathers more or less distinctly tipped with rusty buff (obsolete in older specimens), the quills pale greenish, as in adult. Length about 8.50, wing 4.50-5.40, culmen 1.15-1.40, tarsus 1.90-2.35, middle toe 1.85-2.25. Hggs 1.22 x .94, olive-tawny or tawny olive, marked all over with confused pen-lines of black, and occasional blots of same. Hab. Whole of Middle America, from northern Mexico (including the lower Rio Grande Valley in Texas) to Colombia; Cuba; Haiti.",33170879,,,Internet Archive,manualofnorthame00rid,"University Library, University of Illinois Urbana Champaign",English,,Not provided. Contact Holding Institution to verify copyright status.
