Species,Text,Page_id,Volume,Year,Source,Source_ID,Institution,Language,Rights,Copyright
Cavendishia bracteata,"Aguirre etal. Biodiversidad de la provincia de Loja, Ecuador Tabla 5. Estructura y composition de la anurofauna en el area de estudio conformada por tres hondonadas PNP-H1, PNP-H2 y PNP-H3 dentro del paramo del PNP. Orden Familia Especie Numero de individuos PNP-H1 PNP-H2 PNP-H3 Prhynopus sp. 0 0 2 Pristimantis aff. colodactylus 13 2 Anura Strabomantidae Pristimantis grp. myersi 14 16 16 Pristimantis grp. orcesi 24 11 12 Pristimantis percultus 6 0 1 sp., posiblemente sean nuevas especies para la ciencia; ademas, se registra por primera vez para el Parque Nacional Podocarpus la presencia de Pristimantis percultus. Armijos Valarezo (2010) en la quinta El Chilco reportan cinco especies de anfibios que se presentan en la tabla 6. Diversidad genetica en la provincia de La diversidad genetica representa la variation hereditaria dentro de y entre poblaciones de organismos de una especie, es Mcil comprender que las especies tienen genes diferentes, pero la diversidad Tabla 6. Especies de anfibios reportados en la finca El Chilco, Zapotillo, Loja Nombre cientifico Familia Nombre comun Rhinella marina Bufonidae Sapo Epipedobates tricolor Dendrobatidae Rana venenosa Pristimantis lymani Strabomantidae Ranajoyjoy Lithobates bwana Ranidae Rana verde Leptodactylus labrosus Leptodactylidae Rana genetica comprende niveles mas finos que generalmente escapan a los analisis tradicionales, por ejemplo, la variabilidad entre individuos de distintas poblaciones, que pueden manifestarse a traves de una gama de colores en las flores o diferentes tonalidades en sus hojas y frutos, sabor y olor de sus frutos y semillas. Se debe diferenciar la diversidad genetica silvestre y la domesticada (agrobiodiversidad) Existen grupos de plantas que en esta zona del Ecuador son mas conspicuos geneticamente debido a su potencial de uso para mejoramiento, como son el caso de: Vasconcellea cundinamarcensis ""chamburos"", Vasconcella stipulata ""toronches"", ""tomates silvestres"" ( Solananum spp.), Macleanea rupestris ""joyapas"", Cavendishia bracteata ""salapas"", Vacciniumfloribundum ""mortmo"", Anona cherimola ""chirmoya"" (Aguirre, 2012). Un caso interesante de la diversidad genetica de la flora ecuatoriana en el sur del Ecuador, ocurre con Annona cherimola ""chirimoya"", segun Morales et al. (2004) considera que el area geografica de centro Loja, es el centro de diversification u origen de esta especie, ya que se encuentra creciendo en bosques nativos. Otros casos ARNALDOA 24(2): Julio-Diciembre, 2017",56060054,24,2017.0,Internet Archive,mobot31753004145949,"Missouri Botanical Garden, Peter H. Raven Library",Spanish,http://www.biodiversitylibrary.org/permissions,Permission to digitize granted by rights holder
Cavendishia bracteata,"Phoradendron costaricense se diferencia de P. ambiguum por sus láminas foliares más pequeñas y más carnosas. Algunos especímenes con los entrenudos fértiles de las infls. cortamente estipitados podrían confundirse con P. corynarthron, pero esta última se distingue por su sexualidad dioica e infls. femeninas con las fis. hasta ocho por entrenudo fértil.",63682703,v. 131,2015.0,Internet Archive,mobot31753003983472,"Missouri Botanical Garden, Peter H. Raven Library",Spanish,http://biodiversity.org/permissions,In copyright. Digitized with the permission of the rights holder.
Cavendishia bracteata,"Aguirre etal. Biodiversidad de la provincia de Loja, Ecuador que ilustran la diversidad genetica es lo ocurre en las huertas de los campesinos de los valles de Vilcabamba, Malacatus y Quinara, aqui se cultiva variedades de Canna indica ""achira"", Solanum muricatum ""pepino"", Manikot sculenta ""yuca"", Arracacia xanthorrhiza ""zanahoria blanca"" que se visualiza en: sabores, resistencia a plagas, ligereza en madurar, que es lo que el campesino refiere como motivo de cultivo y, no es otra cosa que la manifestation de la diversidad genetica de cada especie. Tambien, es un caso especial la diversidad genetica de Phaseolus vulgare ""frejol"", en estudios realizados por el Centro Andino de Tecnologia Rural (CATERUNL), entre los anos 1985-1995 se reportan al menos 23 variedades que los campesinos cultivan en diferentes modalidades en las diferentes areas geograficas y climaticas de la provincia de Loja. De igual manera, Morales et al. (2004) manfiestan que la provincia de Loja puede ser el centro genetico y de origen de la ""chirimoya"" Annona cherimola. En zonas andinas, los campesinos de Saraguro conservan y cultivan Oxalis tuberosa ""oca"", Ullucus tuberosus ""melloco"", Solanum tuberosum ""papa"", Smallanthus sonchifolius ""jicama"", Solanum betaceum ""tomate de arbol"". En la zona occidental de la provincia de Loja, la Lablad purpureus ""zarandaja"", Phaseolus vulgaris ""frejol"" e Ipomoea batatas ""camote"". La diversidad genetica esta expresada en la presencia de parientes silvestres de especies cultivadas, especialmente de Solanum quitensis ""naranjilla"", los parientes son: Solanum torbum, S. spinosus, que son potenciales para el mejoramiento genetico de las especies cultivadas. Hay otras especies muy cercanas a Solanum tuberosum ""papa"" que tambitii estan presentes en los bosques de esta provincia. Particular atencion representan algunas especies de la familia Caricaceae, que comunmente se denominan ""chamburos"" Vasconcellea cundinamarcensis y ""toronches"" Vasconcellea pubescens, tienen extraordinaria manifestaciones morfologicas observables en el tamano, aroma y sabor de sus frutos. En los paramos herbaceos y arbustivos de la provincia de Loja, existe extraordinaria variabilidad en algunas especies de la familia Ericaceae, donde sobresalen Macleania rupestris ""joyapa"", Bejaria subssesiles, Cavendishia bracteata ""zalapa"" y Gaultheria erecta ""mote del oso"", cuyos frutos son utiles para la alimentation de la fauna y en el caso de la Macleania rupestris para el hombre, es una pequena muetra de la divesidad genetica silvestre. En la zona andina de la provincia de Loja, se desarrolla Alnus acuminata ""aliso"" que presenta poblaciones con arboles de buena calidad fenotipica, un aceptable tamano poblacional, que poseen buena variabilidad genetica y, que podria ser una altemativa para la coleccion de semillas, garantizando asi una buena fuente semillera. Juglans neotropica ""nogal"" que presenta una interesante concentration de individuos con diferentes aspectos fenologicos, entonces estas poblaciones ubicadas en El Tundo-Sozoranga, podria ser una potencial fuente semillera por la abundancia y buena forma de los arboles, situation que garantizaria una aceptable variabilidad genetica. Como se evidencia, el trabajar en cuestiones de diversidad genetica es una necesidad imperante y que invita a descubrir las potencialidades de las especies distibuidas en la provincia de Loja, muchas de las cuales son base para la seguridad alimentaria de la poblacion. 536 I ARNALDOA 24 (2): Julio Diciembre, 2017",56060055,24,2017.0,Internet Archive,mobot31753004145949,"Missouri Botanical Garden, Peter H. Raven Library",Spanish,http://www.biodiversitylibrary.org/permissions,Permission to digitize granted by rights holder
Swietenia humilis,"Tzopiltzontecomatl: de tzopilo (ti), zopilote, y tzontecomatl, cabeza. Cabeza de zopilote. Tzopilotlzonte . Swietenia mahogani L. (Identifica ción de Mociño y Sessé.) Sinonimia vulgar y científica de las plantas de Nueva España de M. Sessé y J. Mociño, Plantae Novae Hispaniae , México, 1893. Según Standley la planta estudiada por Hernández en el presente capítulo corresponde a una especie del género Swietenia. Tzopilotlzontecomatl . Swietenia humilis Zuce. (M. Martínez). Catálogo de Plantas Mexicanas , México, 1937. Nosotros pensamos que no es posible hacer la determi nación específica tomando en cuenta los escasos caracteres de la descripción anterior. Las plantas del género antes citado tienen amplia dis tribución desde Sinaloa hasta Chiapas y se conocen vulgar mente como caoba , caobo (Guerrero, Tabasco, Yuca tán, Oaxaca); cóbano (Colima, Guerrero); zopilozontecomacuahuitl , zopilote , Tzopilotl , zopilocuahuitl , zopilotl , rosadillo (Guerrero, Tabasco, Yucatán); pa lo zopilote (Oaxaca, Conzatti). El tronco frecuentemente exuda goma y se dice que la corteza tiene propiedades astringentes, tónicas y febrífugas; en Nayarit toman una especie de te preparado con las semillas contra el dolor de pecho, y en Iguala, Gro., usan las semillas contra la neurosis y la alopecia (M. Martínez). CAPITULO CLXIX Del HOEHOETZONTECOMATL El HOEHOETZONTECOMATL o cabeza de viejo, que otros llaman zazanacxochitl y los temimiltzincenses yacanezton o sea punta cenicienta, es una planta voluble que echa raíces numerosas, redondas, medianas, suspendidas de cuerdecillas, ásperas y oscuras por fuera y por dentro, y parecidas a las 448",55473849,II,1943.0,Internet Archive,historiadelaspliihern,"Biblioteca Conjunta de Ciencias de la Tierra, Instituto de Ciencias del Mar y Limnología, UNAM",Spanish,,Public domain. The BHL considers that this work is no longer under copyright protection.
Swietenia humilis,"Tipo de clima 0 msnm Cálido con lluvias en verano Cwa Subcálído con lluvias Templado con lluvias casi todo el año Templado con lluvias en verano en verano 700 msnm 2400 msnm 2100 msnm Encinar 1 Quercus S PP(encino) K Arbutus sp. (madroño) Selva baja caducifolia A B C D Acacia spp. (cubato, huizache) Swietenia humilis (caobilla) Enterolobium cyclocarpum (parata) Leucaena spp. (guaje) Selva mediana subcaducifolia E F G H I Hura polyandra (habillo) Broslmum alicastrum (huje) Bursera simaruba (palo mulato) Cedrela odorata (cedro) Ceiba parvifolia (pochote) Bosque caducifolio M N Chiranthodendron pentadactylon (árbol de la manita) Fraxinus uhdei (fresno) Clethra mexicana (zapotillo) Bosque de enebros y escuamifolios O P Juniperus spp. (táscate) Cupressus lusitanica (cedro blanco) Pinar Q Pinus spp. (pinos) R Alnus sp. (aile) Bosque de oyamel S T Abies religiosa (oyamel) Abies guatemaiensis (oyamel) Figura 2. Perfil sintético de la vegetación terrestre de Costa Grande, Guerrero. Fuentes: INEGI (201 1 b), 4 Miranda y Hernández (1 963), 5 García (1 987) 6 . En 1 983, en la búsqueda de opciones que incentivaran la actividad forestal, el gobierno federal estableció un convenio con la Universidad de Helsinki, para generar un programa para el Desarrollo Forestal Integrado de Guerrero, cuyas conclusiones fueron que Costa Grande contaba con el mayor potencial maderable comercial y que era necesaria la rectificación de los planes de corta y la permanencia de árboles semilleros o ""padres"" para inducir la regeneración exitosa de especies de pino. 9 En la década de los noventa se rentaron los bosques a empresas como la canadiense Boise Cascade, que aprovechaba la madera de veinte ejidos y planeaba exportar 20 000 000 m 3 en sus primeros cinco años de operación 10 . La misma empresa abandonó la región debido a la presión de la opinión pública en sus prácticas de corta y por no poder cumplir con los requerimientos de producción que le solicitaban desde Estados Unidos y Canadá, países que le impusieron restricciones debido a que no respetaba sus respectivas legislaciones ambientales. 11 En el fomento actual de la actividad forestal se tiene el respaldo de la Comisión Nacional Forestal (CONAFOR), que ha impulsado el Ordenamiento Territorial Integral (OTI) como una herramienta esencial para planear el desarrollo comunitario, establecer los usos comunes de los recursos naturales y fomentar su conservación. Estas iniciativas buscan la autogestión de los núcleos agrarios y su fortalecimiento, mejorar los esquemas de manejo y control, la formación de empresas sociales y el aumento del nivel de vida de los pobladores. 12 Durante los últimos diez años se ha estimado un volumen maderable de hasta 93 186 m 3 (2000) y 40 823 m 3 (2004) para la región. Como se observa, la tendencia en la producción presenta varios episodios de decremento. Estos datos toman en cuenta, además, lo que se obtuvo por manejo de bosques naturales; para 2008 se contempla el volumen producto de plantaciones forestales comerciales (5 629 m 3 ) de especies introducidas . 7",50821947,no.102 (2012),2012.0,Internet Archive,Biodiversitasno10ComiC,Comisión Nacional para el Conocimiento y Uso de la Biodiversidad (CONABIO),Spanish,https://biodiversitylibrary.org/permissions,In copyright. Digitized with the permission of the rights holder.
Swietenia humilis,"La biodiversidad en Michoacán. Estudio de Estado 2. Vol. m EXPERIENCIAS COMUNITARIAS DE APROVECHAMIENTO DE LA BIODIVERSIDAD Hasta hace relativamente pocos años no existían proyec tos relacionados con el manejo de los recursos naturales y el desarrollo en la entidad. Diferentes iniciativas que amalgaman conocimiento tradicional, ciencia y tecnolo gía moderna con formas de organización tendientes a robustecer el tejido social, son alternativas para el desa rrollo que buscan equilibrar la conservación de la biodi versidad con el desarrollo social. De acuerdo con Toledo et al. (2007), cerca de 100 experiencias de este tipo se han llevado a cabo en al menos 40 municipios de Michoacán, en donde se ha logrado el manejo de la biodiversidad con bases susten tabas. Para enlistar esas experiencias se realizó una exhaustiva búsqueda en diversas fuentes que incluye ron gobierno federal, estatal y municipal, instituciones académicas, organizaciones no gubernamentales y comunitarias o locales (cuadro 1). La evidencia señala que la mayoría de los proyectos estuvieron encamina dos al reconocimiento de la biodiversidad existente en los diferentes territorios (inventarios, evaluaciones rura les participativas), administración de los mismos (orde namientos, estatutos y normas), conservación (áreas naturales protegidas, fuentes de agua y suelos), activida des productivas (principalmente ecoturismo y estable cimiento de unidades de manejo para la conservación de la vida silvestre), y capacitación (talleres y cursos). Debe señalarse, por su importancia para la con servación de la biodiversidad, el papel del Proyecto COINBIO, en el que participan semarnat, CONAFOR, Nacional Financiera, Global Environment Facility (GEF-Banco Mundial) y diferentes comunidades campe sinas e indígenas de los estados de Oaxaca, Guerrero y Michoacán, que conforman una experiencia modelo por su eficacia, claridad conceptual y transparencia téc nica y financiera. EXPERIENCIAS NOTABLES En la entidad, hasta 2007 existían al menos nueve expe riencias comunitarias interesantes por su diversidad de actividades, nivel de organización, existencia de planes de manejo y ordenamientos ecológicos de los territo rios, grado de equidad social, existencia de normatividad local o comunitaria (como reglamentos o acuerdos), reconocimiento o certificación de las experiencias y, por supuesto, buen manejo de los recursos naturales locales (cuadro 2). Las comunidades indígenas involucradas fueron: El Coire, Santa María Sevina, Cherán y Nuevo San Juan Parangaricutiro; los ejidos La Majada, Casas Blancas, San Pedro Jácuaro y El Paso, además de la experiencia multicomunitaria en torno a las acciones de Alternare, A.C. (figura 1). A continuación se presentan elementos que han permitido el éxito de estos proyectos liderados por comunidades y ejidos. Comunidad indígena El Coire Se ubica en el municipio de Aquila, en la costa michoacana (provincia fisiográfica Llanura Costera). Esta comu nidad indígena nahua posee casi 58 mil hectáreas que incluyen diferentes ecosistemas y van desde el nivel del mar hasta altitudes cercanas a los 3 000 msnm. Está integrada por alrededor de 600 comuneros dispersos en su territorio (Alarcón-Cháires 2005). Sus diferentes ecosistemas (costas, selvas y bos ques de coniferas), han permitido iniciar diferentes pro yectos sustentables, entre los que destaca el ecoturismo, actividad que crece rápidamente debido a las caracte rísticas paisajísticas de la región, en particular de la playa de Colola, donde los comuneros se han organi zado para ofrecer servicios que incluyen cabañas rústi cas para el hospedaje construidas con material regional y a la usanza indígena, así como pláticas y paseos noc turnos con los visitantes para fomentar el cuidado de las tortugas marinas. En esas comunidades, en su estatuto comunal, además de oficializar los usos y costumbres relaciona dos a la organización y administración interna, se esta blecen los mecanismos para regular el acceso a los recursos naturales, lo cual permite tener control sobre los procesos internos en el aprovechamiento de la riqueza biológica de su territorio y limitan la participa ción externa en actividades como la caza y la extracción (Alarcón-Cháires 2005). El manejo tradicional de la biodiversidad forma parte de una estrategia imprescindible para la familia nahua de El Coire. Existen registradas 483 especies de flora y 594 de fauna que son utilizadas en la región cos tera michoacana y potencialmente en El Coire. De las áreas de vegetación secundaria o barbechos jóvenes se extraen plantas de tallos delgados como el xolocuahuil o cueramo ( Cordia elaeagnoides ), el cacahuananche (Gliricidia sepium ) y el huaje o huachquile ( Leucaena sp.), utilizados para la reparación y construcción de viviendas y cercos (Rodríguez-Lozano et al. 1992). La vegetación primaria del bosque tropical tam bién es aprovechada, aunque aquí son más frecuentes las plantas con tallos bien desarrollados susceptibles de ser aserrados, como el cóbano ( Swietenia humilis), el tuzcuahuil o primavera ( Tabebuia donnell-smithii ), el calillocuahuil o rosa morada ( Tabebuia rosea), la nacascual o parota (, Enterolobium cyclocarpum ), el culebro ( Astronium graveolens ) y el uje (. Brosimum alicastrum ), con las que algunos comuneros fabrican 258 DISTRIBUCION GRATUITA. PROHIBIDA SU VENTA",59868930,v.3 (2019),2019.0,Internet Archive,biodiversidadenv320cruza,Comisión Nacional para el Conocimiento y Uso de la Biodiversidad (CONABIO),Spanish,http://biodiversitylibrary.org/permissions,In copyright. Digitized with the permission of the rights holder.
Swietenia humilis,"24 Flora de Guerrero N 31. 2006 abiertas. Flores estaminadas con tubo estaminal urceolado o cilindrico, anteras apiculadas, exertas o estaminodios alternando con apéndices acuminados; disco anular o pateliforme en la base del tubo estaminal y redu cido en las flores pistiladas, pistilodio simi lar al pistilo pero muy adelgazado, óvulos vestigiales presentes. Flores pistiladas con ovario 5 locular, cada lóculo con (9) 12 a 16 óvulos, estilo terminando en un estigma dis coidal con 4 ó 5 lóbulos estigmáticos, magenta claro, cubriendo la entrada del tubo estaminal, anteras muy angostas. Frutos en cápsulas leñosas, oblongas, ovoides, caférojizas, septifragas, con valvas gruesas, columela leñosa con 5 ángulos sobre los que se acomodan las semillas. Semillas numero sas en cada lóculo (hasta 16), aladas, endospermo presente como una capa delgada café, embrión con cotiledones delgados. Género américano, endémico de México y Centroamérica, con 2 especies para el conti nente, una para el Caribe y una sola especie en Guerrero. SWIETENIA HUMILIS Zuce., Abh. Math. Phys. Cl. Kónigl. Bayer Akad. Wiss. 2: 355. 1836. Tipo: México, Oaxaca, Tehuantepec, Karwinski s.n. (Holotipo: M). Nombre común: caoba, cobano, palo de ñopo, tsopilotl, zopilote. r Arboles de 7 a 10 m de alto, ramas glabras y lenticelas cafés. Corteza Asurada. Hoj as agrupadas hacia el ápice de las ramas, usual mente paripinnadas, a veces con una yema foliar abortiva; folíolos opuestos, sésiles o subsésiles, 2 a 7 pares usualmente ovados o elíptico ovados, ápice agudo, acuminado o largo acuminado, base ligeramente asimétri ca, cartáceos, a veces glaucos en el envés, de 4.5 a 10 cm de largo, 2.5 a 4.5 de ancho, venación secundaria prominente en ambas superficies. Inflorescencias axilares, a veces subterminales o terminales, mucho más cortas que las hojas, de 4 a 15 cm de largo. Flores sésiles, subsésiles o con pedi celos hasta de 2 mm; cáliz con lóbulos deltados o suborbiculares, 0.5 a 1 mm de largo, margen ciliado; pétalos 5, libres, obovados, glabros, margen ciliado, 5.5 a 7.5 mm de largo, 2.5 a 3 mm de ancho, verdes. Flores estaminadas con 8 a 10 estambres unidos en un tubo estaminal cilindrico o urceolado, 3 a 5.5 mm de largo terminando en 10 apéndices deltados, donde se insertan internamente las anteras; nectario anular o pateliforme de margen crenulado; pistilodio adelgazado, lóculos bien definidos, estilo delgado. Flores pistiladas con ovario globoso, 12 a 14 óvulos, estilo 1 a 1.5 mm de largo, estig ma discoide, 4 ó 5 lóbulos; estaminodios en un tubo estaminal. Frutos capsulares, erec tos, ovoides, color café o grisáceo, 8 a 20 cm de largo, 10 a 12 cm de ancho, 4 valvados, leñosos, cada valva de 5 mm de grosor. Semillas oblongas, de 4 a 9 cm de largo con ala, 2 cm de ancho, color café rojizo. Distribución: México (Campeche, Colima, Chiapas, Guerrero, Jalisco, Michoacán, Oaxaca, Quintana Roo, Sinaloa, Tamaulipas, Veracruz y Yucatán) y Centroamérica. Ejemplares examinados: Municipio Acapulco de Juárez: Isla la Roqueta, J, Oceguera 80 (FCME). D. Ramírez Cantú s.n., 9 diciembre 1951 (MEXU). E. Halbinger s.n., 30 mayo 1971 (MEXU). Acapulco, 4 km al O de Cuarenta y Dos, terracería a la Estación de Microondas 42, S. D. Koch, et ai. 79241 (MEXU). Parque Papagayo, sobre la avenida Miguel Alemán, J.I. Calzada J.V. Salinas 17673 (MEXU). Acapulco, L. Paray 3040 (MEX J). Municipio Ahuacuotzingo: Cerca de Trapiche Viejo, 40 km al NE de Chilapa, S. Acosta R. López 104 (FCME, MEXU). Municipio Atenaugo del Río: 3 km subiendo Paso de Morelos hacia Atenango, A. Delgado et al. 172 (MEXU). Presa, a 200 m de Atenango del Río, O. Delgado 720 (FCME). Plan de Mayocingo, Cerro de la Víbora, O. Delgado 395 (FCME). 5 km al O de Atenango del Río, R. Trejo E. López 56 r (FCME). Municipio Atoyac de Alvarez: Alcho-",56093359,fasc.31 (2006),2006.0,Internet Archive,floradeguerrerofascab,"Facultad de Ciencias, UNAM",Spanish,http://biodiversitylibrary.org/permissions,In copyright. Digitized with the permission of the rights holder.
Swietenia humilis,"226 LA BIODIVERSIDAD EN PUEBLA ESTUDIO DE ESTADO En el límite norte del Valle de Serdán se localiza una comunidad vegetal del matorral xerófilo dominada principalmente por Yucca fUifera y Juniperus spp. La madera de los árboles del género Juniperus tiene un aroma agradable, que se mantiene por muchos años. Además, esta madera es muy densa y en algunas regiones de México es utilizada para la elaboración de muebles. En el Valle de Serdán-Libres los árboles del género Juniperus se pueden encontrar dispersos en los campos agrícolas, por lo que las poblaciones de este género se encuentran amenazadas en esa región. Latifoliadas Los bosques tropicales son ecosistemas con los más altos niveles de biodiversidad. El bosque tropical perennifolio y bosque tropical caducifolio se localizan en las regiones norte y sur del estado de Puebla, respectivamente. En el bosque tropical perennifolio crecen especies latifoliadas de alto valor comercial como Cedrela odorata, Swietenia macrophylla y Brosimum alicastrum, que han estado sometidas a una sobreexplotación debido al valor de su madera (Rzedowski 1 986). En el bosque tropical caducifolio abundan especies del género Bursera (Becerra y Lawrence 1999), además de muchas otras especies con un alto valor ecológico y económico, entre las que destaca Swietenia humilis, por su madera de alta calidad para la construcción de muebles. El bosque mesófilo de montaña es otro ecosistema biodiverso que se localiza en el norte de Puebla y se caracteriza por la presencia de Liquidambar styraciflua asociado con especies de los géneros Quercus, Pinus, Platanus, Magnolia, Fraxinus y Juglans (Rzedowski 1 986) y es considerado como uno de los ecosistemas más perturbados de México, debido al cambio del uso del suelo por la siembra de cultivos agrícolas y cafetales. No maderables En el bosque tropical caducifolio de la cuenca del Río Balsas se identificaron 108 especies arbóreas entre las que se cuentan 15 especies de Bursera y cinco de Acacia (Guizar-Nolazco y Sánchez-Vélez 1991). En este bosque crecen especies de plantas de las que se puede extraer importantes compuestos útiles en la industria farmacéutica; Noguera et al. (2004) y Carretero et al. (2008) reportan un compuesto extraído de las hojas de Bursera simaruba, que puede ser utilizado para la elaboración de compuestos anti-inflamatorios. La resina de B. copallifera es aprovechada y los extractos del tallo y hojas de B. copallifera y Prosopis laevigata han mostrado una considerable efectividad en el control de Plaemonchus contortus, un parásito que ataca al ganado ovino (López-Aroche et al. 2008). La esencia de lináloe es extraída de la madera de Bursera sp, este aceite es utilizado en la industria del perfume. El cacahuananche ( Gliricidia sepium) es una especie fijadora de nitrógeno y utilizada como cerco vivo y forraje en el área tropical del estado de Puebla y otras regiones de México. En el caso de las especies del matorral espinoso del Valle de Tehuacán, sobresalen las del género Acacia spp. que crecen con especies de mezquite (. Prosopis spp.). En esta región están mezclados individuos de cactos columnares ( Cephalocereus hoppenstedtii) con individuos de nopales ( Opuntia spp.), Agaves ( Agave spp.) y Acacias ( Acacia spp.), constituyendo una comunidad vegetal única en México (Figura 5.1 1). La recolección de semilla de Pinus cembroides subsp. orizabensis y su venta como ""piñón"" representa una fuente adicional de ingresos para las comunidades rurales donde crece esta especie. Además, en los últimos años, las semillas de árboles forestales tienen una gran demanda para la producción de plantas necesarias para la repoblación asistida, en la recuperación de áreas degradadas. ESPECIES ANIMALES Samuel Vargas López Las especies animales que son utilizadas en el estado son los bovinos (777 095 cabezas), porcinos (2 045 177 cabezas), ovinos (504 660 animales), equinos (293 285 cabezas), gallinas (52 004 001 cabezas), guajolotes (602 566 cabezas) (INEGI 2007) y la fauna silvestre. La cría de estas especies se realiza en dos sistemas de producción: 1) las explotaciones comerciales (intensivas) y 2) en la",50995189,,2011.0,Internet Archive,biodiversidaden00Hand,Comisión Nacional para el Conocimiento y Uso de la Biodiversidad (CONABIO),Spanish,https://biodiversitylibrary.org/permissions,In copyright. Digitized with the permission of the rights holder.
Swietenia humilis,"Madera y Bosques vol. 23, núm. 3:101-119 Otoño 2017 Fabaceae Biirseraceae Rubiaceae Bignoniaceae Anacardiacea Moraceae Malvaceae Meliaceae Boraginaceae O 5 10 15 20 25 30 Número de géneros o especies Géneros i Especies 35 Figura 2. Número de especies y géneros de las familias más representativas de la selva baja caducifolia de la Reserva Natural Sierra de Nanchititla. cies amenazadas ( Sideroxylon capiri y Licania arbórea) y dos especies en peligro de extinción ( Dalbergia congestiflora y Platymiscium lasiocarpum) según la NOM059-SEMARNAT-2010. Distribución geográfica y origen De las especies registradas, 85 corresponden a especies nativas que se distribuyen a lo largo del continente ameri cano, desde Norteamérica hasta Sudamérica; el compo nente endémico presentó el mayor número de especies de la flora observada 41 (30 ), seguido del grupo de especies mesoamericanas (26 , Mx-cAm) y neotropicales (21 , Mx-sAm) . Quince por ciento de las especies fue ron plantas introducidas a México y actualmente cultiva das, algunas proceden del Viejo Mundo como Mangifera indica , Spathodea ca?npanulata, Tamarindus indica, Ter minaba catappa, Melia azederach, Ficus elástica, Coffea arabica y las tres especies del género Citrus (Tabla 1). Usos Se identificaron nueve categorías de usos de la flora (Fig. 4 y Tabla 1). El número de especies que se usan para cada categoría es variable. Fa flora útil puede tener de uno a seis usos diferentes (Prom. Desv. Est. 2.1 1.1 usos); 68.6 de las especies presentó más de un uso y, de ellas, 32.8 (45 especies) se señaló como útil para tres o más propósitos . Fas especies que fueron nombradas en el mayor número de categorías de uso se consideran como las de mayor importancia, 13.8 (22 especies) presentó cuatro o más categorías de uso; Enterolobium cyclocarpum fue la especies con mayor número de usos (seis), seguida por Pithecellobium dulce y Swietenia humilis con cinco usos diferentes cada una. Eos usos medicinales des tacan por ser los más frecuentes, seguidos del uso para la construcción y la obtención de leña . Fas afecciones más frecuentemente tratadas con las plantas medicinales de la zona son las enfermedades del aparato digestivo (30.5 ), seguidas de los signos y sínto mas (26.1 ; corresponden a manifestaciones de tempera tura, dolor, nauseas etc. asociadas con diferentes Cultivada nAm-s Am 20 nAm-Mx 1 nAm-cAm Mx-sAm Mx-cAm Mx M 29 36 41 Figura 3. Área de distribución de las especies nativas e introducidas de la selva baja caducifolia de la Reserva Natural Sierra de Nanchititla. nAm: Norteamérica, sAm: Sudamérica, cAm: Centroamérica, Mx: Endémica de México. El porcentaje de especies cultivadas corresponden al de especies introducidas.",55323680,v.23:no.3 (2017),2017.0,Internet Archive,maderaybosquesv23ninstb,Instituto de Ecología A.C.,Spanish,http://biodiversitylibrary.org/permissions,In copyright. Digitized with the permission of the rights holder.
Swietenia humilis,"Meliaceae 607 Bosque seco y húmedo, 0-600 m; NO vert. Carib., Lla nura de Los Guatusos, vert. Pac. Cord. de Tilarán, llanuras de Guanacaste al S hasta vecindad de Esparza, Pens. de Santa Elena y de Nicoya, Isla San Lucas, región de Turrubares (Cerro Rayos), PN. Carara, región de Puriscal (PN. La Can greja), cuenca del Río Grande de Candelaria, vecindad de Parrita, S Valle de General (Paso Real). Fl. ene.-mar. S Méx.-Bol. y Ven., Guyana Fr., Bras. ( . F. Morales 6043 ; CR, INB, MO) Esta sp. se distingue de Swietenia humilis por su tamaño generalmente más grande y hojas más grandes, con los folío los agudos a cortamente acuminados en el ápice. Estas dife rencias son poco confiables, por lo tanto posiblemente en un futuro y a raíz de estudios de ADN que se realizan en la ac tualidad, ambas entidades puedan ser unidas en una sola sp. Además, al parecer se hibridizan naturalmente en los bosques secos de Guanacaste (ver bajo S. humilis). Swietenia macrophylla es una sp. maderable de gran im portancia y sus poblaciones indígenas se han extirpado en muchas localidades. Sin embargo, se cultiva en plantaciones en las regiones trops. de todo el mundo. Swietenia macrophylla Trichilia Ca. 105 spp., Méx.-Bol. y Ven., Trin. Tob., Guayanas, Bras., Par., Arg., Antillas, África trop. (14 spp.), Indomalasia (2 spp.); 13 spp. en CR. Árboles (raramente arbustos), dioicos o (menos frecuente) polígamos. Hojas usualmente imparipinnadas, menos frecuente trifolioladas o unifolioladas; folíolos opuestos, subopuestos o alternos, glabros o variadamente pubescentes, a veces glandular-punteados. Infls. axilares, usualmente tirsoides o paniculadas (menos frecuente cimosas, corimbosas, subumbeladas o de 1 fl. solitaria o pocas fls. fasciculadas). Fls. usualmente unisexuales (menos frecuente bisexuales); sépalos (3)4-6, connatos en un cáliz (3)4-6-lobulado; pétalos (3)4 ó 5(6), sepa rados o parcialmente connatos, imbricados o valvados; estambres (4)5-10(11), separados o con los filamentos parcial o completamente connatos en un tubo cortamente cilindrico; anteras insertas apicalmente en los fila mentos o en el margen del tubo estaminal; ovario 2 ó 3(4)-locular; óvulos 1 ó 2 por lóculo; estilo usualmente capitado, menos frecuente cónico o columnar. Frs. de forma variada, coriáceos y leñosos, loculicidas, dehis centes por 2 ó 3(4) valvas; semillas 1 ó 2 por lóculo, completamente rodeadas por un arilo carnoso y delgado. Trichilia se distingue de los otros géneros de Meliaceae en CR por sus hojas usualmente impa ripinnadas, con ca. 5-7 folíolos (raramente 1 ó 3) a menudo alternos o subopuestos y sus estambres separados o, si variadamente connatos, con las anteras insertas en el margen del tubo. Tal vez sea más probable que se confunda con una Sapindaceae (p.ej., Cupania o Matayba). 1 Hojas unifolioladas o, si trifolioladas, entonces con el raquis nulo. 2 Pecíolos sin alas; ovario con 2 óvulos por loculo; frs. con 1 ó 2 semillas en cada valva; bosque muy húmedo y pluvial, ambas verts. T. pallida T Pecíolos levemente alados; ovario con 1 óvulo por lóculo; frs. con 1 semilla en cada valva; bosque seco y húmedo, N vert. Pac. T. trifolia 1' Hojas pinnadamente compuestas, con 4-21 (-25) folíolos o, si raramente trifolioladas, entonces con el raquis desarrollado.",59947452,111,2007.0,Internet Archive,mobot31753003469787,"Missouri Botanical Garden, Peter H. Raven Library",Spanish,http://www.biodiversitylibrary.org/permissions,In copyright. Digitized with the permission of the rights holder.
Swietenia humilis,"42 Descripción física y biótica Michoacán Estudio de Estado rosea), palo María Calophylum brasiliense), cueramu Corcha alliodora), verdecillo Tabebuia chrisantha) , primavera T. donnell-smithii), cóbano Swietenia humilis), habillo Hura poiyandra), chico o chicozapote Manilkara zapota), amates o ziranda Ficus mexicana, F. padifolia, F cotinifolia), zangalícua o granadillo Dalbergia granadillo), capiri Syderoxylon capiri), cedro rojo Cedrella odorata), chicle Bumelia persimilis) y otros. En estas comunidades se encuentra la mayoría de los árboles llamados de maderas finas , apreciadas por su belleza en el veteado y su durabilidad. También hay especies de valor ornamental, de uso forrajero por el ganado o que son comestibles para el hombre. 2.5.8 Vegetación acuática y subacuática Son comunidades vegetales ligadas a la presencia de cuerpos de agua, por lo que varían enormemente de un lugar a otro y se les puede encontrar en muchas regiones del territorio michoacano, desde las zonas más bajas y cálidas hasta las montañosas y templadas, donde se presente algún cuerpo acuático que determine su establecimiento. Los tipos más representativos en el Estado son los siguientes. Tular y carrizal Estas comunidades se restringen a los cuerpos de agua someros o cenagosos, así como a los márgenes de aquellos que tienen mayor profundidad. Se presentan como plantas arraigadas con hojas largas y angostas o a veces ausentes, que alcanzan tallas de 1 a 3 metros de altura y por lo general pertenecen al grupo de las monocotiledóneas. Los tulares de los lagos de Pátzcuaro y Cuitzeo están dominados por especies de chuspata o tule Typha domingensis) y de otro tule o patsimu Scirpus validus, S. americanus, Cyperus niger y C. laevigatus), mientras que a los carrizales los conforman especies de carrizos de los géneros Arundo y Phragmites principalmente. Además de estas plantas que definen la fisonomía de los tulares y carrizales, están presentes otras especies, algunas de las cuales pertenecen a los géneros Eleocharis, Berula, Sgittaria, Suaeda e Hydrocotyie. Las extensiones mayores de estas comunidades se distribuyen en el norte del Estado, aunque se pueden encontrar tulares de Typha dominguensis en la zona cercana al litoral, con influencia de agua salobre. Los climas donde se asientan son el templado, el semicálido y el cálido, desde prácticamente el nivel del mar en la costa, o entre 1 800 y 2 050 metros en la parte continental. Se utilizan algunas de sus especies en la fabricación de artesanías y cestería; para la realización de variados artículos de pesca, muebles, puertas y cercas, se utiliza la especie de carrizo Phragmites australis. Bosque de galería Comunidad que se establece a lo largo de corrientes de agua permanentes o con la capa freática superficial, cuya composición florística y estructural está bien definida. Por las condiciones de humedad que requiere, se le encuentra en muchas partes del Estado, y en general este bosque está conformado por árboles en su mayoría caducifolios, pertenecientes a las siguientes especies: Taxodium mucronatum (sabino o ahuehuete), Salix bonplandiana (sauce), Fraxinus uhdei i resno), en muchas ocasiones acompañados en las partes templadas óeAInus spp. (ailes), y en las áreas cálidas, como la depresión del Balsas y cerca de la costa, es común Astianthus viminalis (ahuejote o kirínchicua), Salix humboldtiana (sauce), así como varias especies de Ficus (amates), o Celtis iguanaea (granjeno). Estas asociaciones son importantes porque protegen el suelo de la erosión, principalmente cuando hay fuertes avenidas; también son refugio de fauna silvestre, principalmente en áreas cálidas, donde el bosque de galería es lo único que permanece verde en la temporada seca. Se le da diferentes usos a la madera del ahuehuete, fresno y aile. Manglar Esta comunidad arbórea, de aspecto denso y bajo, se establece en zonas pantanosas con agua salobre, como esteros, lagunas o pequeñas ensenadas, donde el oleaje es mínimo. Se le encuentra exclusivamente en la zona costera junto al litoral, en clima cálido subhúmedo, y la constituyen especies de árboles conocidos como mangles. El más común es el mangle rojo, colorado o candelón Rhizophora mangle), con raíces zancudas enmarañadas que típicamente sobresalen del nivel del agua, cuya presencia a veces es exclusiva aunque en ocasiones se acompaña del mangle blanco Laguncularia racemosa). En otro lugares, por lo general más someros, el mangle prieto o salado Avicennia germinans) suele formar masas puras. Otros",50739204,,2005.0,Internet Archive,Labiodiversidad00VillA,Comisión Nacional para el Conocimiento y Uso de la Biodiversidad (CONABIO),Spanish,https://biodiversitylibrary.org/permissions,In copyright. Digitized with the permission of the rights holder.
Swietenia humilis,"frutos amarillos o rojos son muy apetecidos. Entre las especies silvestres que son utilizadas con este fin se cuentan Cyrtocarpa procera (copalcojote), Spondias purpurea (ciruela) y S. mombin (jobo) de la familia Anacardiaceae; Casimiroa edulis (zapote blanco) de la familia Rutaceae, y menos aprovechada Paullinia sessiliflora (guamuchilillo cimarrón) de las sapindáceas. Otros usos Las especies que presentan un mercado más amplio por el uso de algunas de sus partes vegetales con fines medicinales son Amphipterygium adstringens (cuachalalate) y A. glaucum. Especies indicadoras de disturbio son Dodonaea viscosa (jarilla) de las sapindáceas y Ptelea trifoliata (palo zorrillo) de las rutáceas. Entre las especies que presentan un uso más industrial tenemos a Bursera spp. (copales y papelillos). Estos últimos son también ampliamente usados como cercos vivos. El resto de las especies que se citan en el apéndice 1 son parte importante en la composición florística de diferentes tipos de vegetación y por tal motivo su valor radica en el mantenimiento del sistema, ya que su papel en la alimentación de aves y mamíferos es primordial, a su vez éstos son vectores importantes para su polinización y dispersión. Otros productos importantes derivados de miembros de este orden son el cóbano (Swietenia humilis), por su madera, aunque también a últimas fechas se está utilizando como árbol de reforestación en camellones y orillas de carreteras. Amenazas y conservación La importancia del bosque tropical caducifolio de Colima se refleja en su riqueza y diversidad de especies de Sapindales. Le sigue en prioridad el bosque tropical subcaducifolio, los ecotonos entre el bosque de Quercus y los bosques tropicales, y en menor medida el bosque mesófilo de montaña y las dunas costeras. Dentro de las actividades que ponen en riesgo las Sapindales de Colima se identifican los cambios de uso de suelo debidos a exploraciones mineras, ampliaciones de comunidades y ciudades, turismo y actividades agropecuarias. Se sugiere tener mayor rigurosidad en la evaluación de los impactos ambientales y particularmente en la vegetación, resultado de la ejecución de proyectos de muy diversa índole. Como ejemplo referimos a la industria de la cal: los sitios donde ésta es explotada frecuentemente presentan un gran número de endemismos, debido al tipo de suelo tan especial. Referencias aAa CITES. Convención sobre el Comercio Internacional de Especies Amenazadas de Fauna y Flora Silvestres. 2015. Apéndices I, II y III. Secretaría de la cites. En: http: www.cites.org esp app appendices. php , última consulta: 10 de marzo de 2015. Cronquist, A. 1981. An integrated system ofclassification offlowering plants. Colombia University Press. Nueva York. Estados Unidos de América. . 1988. The evolution and classification of flowering plants. 2a ed. The New York Botanical Carden. Nueva York. Estados Unidos de América. 256 DIVERSIDAD DE ESPECIES",51182471,,2016.0,Internet Archive,Labiodiversidad00Cruz,Comisión Nacional para el Conocimiento y Uso de la Biodiversidad (CONABIO),Spanish,https://biodiversitylibrary.org/permissions,In copyright. Digitized with the permission of the rights holder.
Swietenia humilis,"La biodiversidad en Michoacán. Estudio de Estado 2. Vol. ii Cuadro 1. Especies utilizadas en la vía verde, en el municipio de Ea Huacana. Nombre científico Nombre común Época de floración Color de flores Swietenia humilis Cóbano Marzo-abril Sin color, follaje siempre verde Tabebuia rosea Palo yugo Eebrero-mayo Rosa T. palmeri Caña fístula Diciembre-febrero Eila T. donell-smithii Primavera Eebrero-marzo Amarilla Senna spectabilis Eluvia de oro Abril-mayo Amarilla La selección de especies estuvo a cargo de expertos en botánica de la Facultad de Biología de la umsnh. Fuente; elaboración propia. Desde el 2000, y con el apoyo de los gobiernos locales, en el municipio de La Huacana se realiza un fuerte trabajo de reforestación en los márgenes de las carreteras para conformar vías verdes, acciones que han avanzado aproximadamente 40 km de longitud hacia ambos lados de las carreteras, sobre todo de aquellas que conducen de la cabecera municipal de La Huacana hacia localidades como Cuatro Caminos, Roturo y Ario de Rosales (figura 1). En las actividades citadas, de la biodiversidad de plantas de la región se han seleccionado especies arbó reas con valor ornamental y características fisonómicas y ciclos de vida adecuados para los fines de este pro yecto, que es la conformación de un paisaje que enri quezca las condiciones ambientales (aspecto escénico, refugio para especies de fauna de ambientes transfor mados, como carreteras, zonas de cultivo, potreros, etc.), contribuyendo además a mejorar la experiencia visual del viajero al transitar dicha ruta. Además, el arbolado que compone la llamada vía verde funciona como una pantalla protectora contra el viento, ya sea desviándolo o reduciendo su velocidad; asimismo, es un método eficiente para el control de la radiación solar y además un elemento que promueve la conexión entre parches de vegetación, funcionando como corredor para la fauna nativa, sobre todo en donde la carretera había segmentado zonas de vegeta ción boscosa. Los árboles empleados se han ordenado tomando en cuenta el tipo de crecimiento, el color de sus flores y la época de floración (cuadro 1); las espe cies utilizadas florecen en diferentes épocas, lo que asegura que a lo largo de todo el año habrá floración por lo menos de alguna de ellas. Se utilizaron cinco especies nativas que fueron plantadas cada 10 m en la siguiente secuencia: 1) Swietenia humilis, 2) Tabebuia rosea (rosa morada), 3) T. palmen, 4) 7. donell-smithii y 5) Senna spectabiHs. El color de las flores es muy variado incluyendo el verde, rosa, lila y amarillo. CONCLUSIONES La propuesta de vías verdes se ha enmarcado en los ejes de trabajo y políticas de inversión del desarrollo social y ambiental, ya que el proyecto implica la con servación y manejo de especies nativas de árboles, que a través de la plantación mejoran el paisaje y el ambiente en las vías de comunicación de la región, y favorece la participación de niños y jóvenes, fortale ciendo la red comunitaria y elevando la cultura ambiental. Las diversas actividades contempladas en el pro yecto han incidido también en la generación de empleo de manera temporal -en una región muy deprimida por la falta de oportunidades y la consecuente emigracióny, sobre todo, en la conservación de los recursos natu rales y el mejoramiento ambiental, que son de gran importancia ya que se favorece la conexión entre dife rentes ecosistemas, dada la ubicación geográfica del municipio. REFERENCIAS Burgos, A., A. Tinoco, G. Solorio eí a . 2010a. Diagnóstico socioeconómico como base para el Programa de Conser vación y Manejo de la Reserva de la Biosfera ZicuiránInfiernillo. GTZ CONANP, México. Burgos, A., C. Cuevas, T. Garlón etal. 20106. Determinación de cambios de uso del suelo como base del ordenamiento territorial de la Reserva de la Biosfera Zicuirán-Infiernillo. GTZ CONANP, México. CONANP. Comisión Nacional de Áreas Naturales Protegidas. 2014. Programa de Manejo Reserva de la Biosfera Zicuirán-Infiernillo. México. En: https: www.gob.mx conanp , última consulta: 2 de diciembre del 2014. Ponce, J., E. Carranza, R.J. Moreno et al. 2004. Caracteriza ción de dos variantes de selva baja caducifolia en la Depresión del Balsas, Michoacán, México. Biológicas 6:56-57. Rzedowski, J. 1978. La vegetación de México. Ed. Eimusa, México. DISTRIBUCIÓN GRATUITA. PROHIBIDA SU VENTA",59862447,v.2 (2019),2019.0,Internet Archive,biodiversidadenv220cruzc,Comisión Nacional para el Conocimiento y Uso de la Biodiversidad (CONABIO),Spanish,http://biodiversitylibrary.org/permissions,In copyright. Digitized with the permission of the rights holder.
Swietenia humilis,"Diversidad de ecosistemas 239 Este tipo de comunidades son también llamadas sel vas. El bosque tropical subcaducifolio fue registrado para Durango como selva mediana subcaducifolia por cotecoca (1979) y detenal (1978-1979). Anteriormente, en algunas clasificaciones se llamaba bosques a las co munidades de árboles de origen boreal (del norte, de regiones templadas y frías) y selvas a las de origen meri dional (del sur, de la parte tropical); sin embargo, ambos representan bosques. BOSQUE TROPICAL CADUCIFOLIO (btc) Se desarrolla entre los 190 y los 2150 m de elevación, en clima cálido semiseco A(w) y semiseco cálido y muy cálido (BSi(h )), con temperatura media mayor de 23 C y precipitación pluvial anual de 700 a 1200 mm, con seis a nueve meses secos. Se desarrolla sobre lomeríos y laderas escarpadas con suelos someros, por lo general pedregosos y de drenaje rápido. Cubre unos 4 975 km 2 (4 de la superficie del estado). Son comunidades bajas o medianas (4 a 15 m), por lo general abiertas. Su estructura es irregular, con uno o dos estratos de árboles además de un estrato arbus tivo y otro herbáceo que en algunos sitios están poco desarrollados (figuras 3 y 4). Las trepadoras son esca sas, lo mismo que las epífitas vasculares, exceptuando algunas especies de Tillandsia, aunque en sitios con ma yor humedad ambiental se da la presencia de lianas o bejucos. La flora general de este tipo de vegetación en México está dominada por leguminosas, seguidas por compuestas, gramíneas y malváceas (Rzedowski y Cal derón de Rzedowski 2013). Son bosques caducifolios, es decir, pierden las hojas durante una parte del año y en la época seca presentan un aspecto en el que no se reconoce su afinidad tropi cal (figura 5). Este es el tipo de vegetación en que es más drástica la diferencia entre la faceta verde y exu berante de la temporada de lluvias y la gris y desolada de la época seca (Rzedowski y Calderón de Rzedowski 2013) (figuras ó y 7). Varían mucho en su composición florística, fisonomía y afinidades ecológicas, dependiendo de su ubicación. Las que se desarrollan a menor eleva ción (en Tamazula) son llamadas monte mojino y en ellas destacan elementos secundarios. La distribución de la lluvia a lo largo del año tiene más importancia para la vegetación que la cantidad de lluvia que se recibe al año (Rzedowski 1978). En el caso del bosque tropical caducifolio, los bosques que están en áreas con temporada seca muy larga están domina dos por árboles espinosos (principalmente leguminosas) que permanecen sin hojas por varios meses, además de presentar cactáceas columnares. Entre los principales árboles en este tipo de bosques están los mautos y tepehuajes ( Lysiloma spp.), copales y copalillos ( Bursera excelsa, B. collina, B. palmen y otras), papelillos ( Bursera multijuga, B.fagaroides y otras), sacalasúchil ( Plumería rubra), chupóte o pochote ( Ceiba aesculifolia), Nopalea karwinskiana, cactáceas columnares como Stenocereus thurberi, cardón o pitayó ( Pachycereus pectenaboriginum), Pilosocereus sp. y pitayos ( Stenocereus spp.), huizache tepame ( Acacia pennatula), huizache ( Acacia farnesiana), amapas ( Tabebuia spp.), Pithecellobium spp., cuajilote o claveyina ( Pseudobombax palmeri), hechicero o palo malo (Sapium spp.), palo lechoso, palo malo o tempisque (Sebastiania cornuta), ayal o guaje cirial ( Crescentia alata), Sapindus saponaria, Enterolobium cyclocarpum, haba (Hura polyandra), navio (Conzattia sericea), cepillo (Combretum farinosum), Amphipterygium adstringens, Thouinidium decandrum, Alvaradoa amorphoides, tachinole (Myriocarpa longipes) y Leucaena lanceolata. En los límites del btc con los bosques de pino y encino se presenta también la higuerilla o palo de judas (Bocconia arbórea). Hacia sus límites inferiores de elevación son abundan tes la amapa amarilla (Tabebuia chrysantha), amapa rosa (T. palmeri), caobilla ( Swietenia humilis), Enterolobium cyclocarpum y Senna atomaria (figura 8). A orilla de arroyos y en cañadas el bosque es más alto y denso, e incluye algunos elementos del bosque tropical subcaducifolio como chalates o tescalames (Ficus spp.), Brosimum alicastrum, palo mulato (Bursera grupo simaruba), guamúchil ( Pithecellobium dulce), guayabos o arrayanes ( Psidium sartorianum), güencho (Sideroxylon persimile), cedro ( Cedrela odorata), Ardisia revoluta, vara blanca (Lonchocarpus), Annona sp., Stemmadenia sp. y Hura polyandra. Entre los arbustos y subarbustos se cuentan el guais (Acaciella angustissimá), confeti negro, confite (Pantana camara), confeti (L. hirta), papache (Randia echinocarpa y R. tetracantha), Petiveria alliacea, Justicia candicans, Bernardia mexicana, Euphorbia ariensis, E. colletioides, E. cymosa, Croton ciliato-glandulifer, C.flavescens, Dytaxis guatemalensis, Jatropha cordata, Manhiot spp., Eysenhardtia sp., Marina crenulata, Mimosa candollei, Colubrina spp., Karwinskia humboldtiana, K. rzedowskii (éste puede de sarrollarse también como árbol), Lippia cardiostegia, orégano (L. graveolens), chile piquín (Capsicum annuum), Galphimia glauca, Montanoa leucantha, Coursetia spp., Diphysa (hay especies arbustivas y arbóreas), Buddleja spp., Cordia globosa y Solanum madrense.",55472602,,2017.0,Internet Archive,biodiversidaden00cruz,Comisión Nacional para el Conocimiento y Uso de la Biodiversidad (CONABIO),Spanish,http://biodiversitylibrary.org/permissions,In copyright. Digitized with the permission of the rights holder.
Swietenia humilis,"La biodiversidad en Michoacán. Estudio de Estado 2. Vol. ii lo cual ha tenido implicaciones positivas, tanto ecológi cas como sociales; cabe destacar que la diversidad arbórea del área metropolitana de Monterrey es de 115 especies, de 73 géneros y 37 familias (Alanís 2005). Para el caso específico de la ciudad de Morelia, se han realizado dos estudios previos en relación con su arbolado. En el primero. Guerrero (1997) registró un total de 136 especies de árboles, arbustos y especies trepadoras a lo largo y ancho de la ciudad; en el segundo, Madrigal-Sánchez y Gómez-Peralta (2007) identificaron 67 especies de árboles ubicados dentro de la ciudad y sus alrededores, de las cuales 35 son intro ducidas (exóticas) y 32 son nativas de México. De acuerdo con Madrigal-Sánchez y Gómez-Peralta (2007), la edad de los árboles de la ciudad de Morelia oscila entre cinco y 25 años, y las especies de árboles registradas como comunes son principalmente exóti cas; Jacaranda Jacaranda mimosifolia), eucalipto Eucalyptus camaldulensis), trueno Ligustrum japonicum), galeana Spathodea campanulata), laurel de la India Ficus retusa), ficus benjamina Ficus benjamina), orquí dea de primavera Bahuinia variegata) y casuarina Casuarina equisetifolia); la única especie nativa regis trada como común fue fresno Fraxinus uhdei). AMENAZAS PARA SU CONSERVACIÓN En la flora urbana del estado, las especies exóticas (no nativas al país) no tienen amenazas para su conserva ción ya que aunque se encuentran fuera de su área de distribución han sido ampliamente propagadas. Algu nas especies nativas de uso frecuente en varias ciuda des del país son: fresno Fraxinus uhdei), primavera Tabebuia donell-smithii), rosa morada Tabebuia rosea) y cóbano Swietenia humilis), por lo que su estado de conservación no se encuentra comprometido. Situación distinta registran las especies nativas de distribución restringida o en algún estatus de protección oficial, ya que su presencia en las ciudades michoacanas es escasa, al igual que en los hábitats naturales donde se encuentran. Tal es el caso de nogalillo Cedrela odorata), sirimo Tilia americana var. mexicana) y capire Sideroxylon capiri), tres especies nativas que se encuentran en alguna categoría de protección en la NOM-059 (semarnat 2010; apéndice 29). ACCIONES DE CONSERVACIÓN Son escasas las acciones de conservación enfocadas hacia el grupo de los árboles urbanos, ya que se trata de una agrupación artificial de especies con el fin de obte ner diversos servicios ambientales, principalmente esté ticos, y sólo la fracción de especies nativas de distribución restringida o en algún estatus de protección han recibido acciones de conservación de manera urgente. Entre las pocas iniciativas de conservación de estas especies destacan esfuerzos aislados de académi cos de la Eacultad de Biología de la umsnh, del Instituto de Investigaciones en Ecosistemas y Sustentabilidad de la UNAM campus Morelia (IIES), y los de instituciones gubernamentales como el Parque Estatal Cerro Punhuato y la Comisión Eorestal de Michoacán (COEOM), en donde se han propagado varias especies arbóreas nati vas del estado (algunas bajo categoría de riesgo en la NOM-059) con fines de restauración ecológica y reintro ducción al medio natural, pero que también han sido usadas en menor medida para reforestación urbana (véase Restauración ecológica, en esta obra). VACÍOS DE INEORMACIÓN La principal limitación para el uso de especies nativas en la reforestación urbana es el escaso conocimiento que se tiene en México sobre las especies con potencial para este propósito, además del desconocimiento de sus requerimientos ambientales y su tolerancia para dicho fin. En el estado son escasas las listas de especies nativas susceptibles de ser usadas en reforestación urbana (García Ruiz y Linares Linares 2012). La reforestación con especies nativas debe partir de una investigación regionalizada acerca de sus pro piedades, para decidir si son favorables para campañas de mejoramiento de suelos degradados, reforestación y restauración de hábitats. En la etapa de selección de especies es importante el conocimiento tradicional de la flora por parte de las comunidades humanas loca les. Asimismo, con la finalidad de dar seguimiento a esas actividades se requiere generar líneas de investiga ción para realizar estudios científicos permanentes de las especies propuestas, como son los ensayos de pro cedencias, estudios sobre resistencia a los cambios cli máticos, al estrés hídrico, a plagas y enfermedades, tolerancia a la contaminación ambiental, etc. Einalmente, es indispensable que las plantaciones urbanas se establezcan siempre a través de agrupaciones o aso ciaciones multidisciplinarias que propongan soluciones urbanísticas, estéticas y ecológicas (García Ruiz y Lina res Linares 2012). CONCLUSIONES El establecimiento de áreas verdes urbanas no consiste solamente en plantar árboles, se requiere de análisis detallados de las condiciones del suelo, infraestructura urbana adyacente, tamaño del sitio, así como conoci284 DISTRIBUCION GRATUITA. PROHIBIDA SU VENTA",59862441,v.2 (2019),2019.0,Internet Archive,biodiversidadenv220cruzc,Comisión Nacional para el Conocimiento y Uso de la Biodiversidad (CONABIO),Spanish,http://biodiversitylibrary.org/permissions,In copyright. Digitized with the permission of the rights holder.
Swietenia humilis,"ActaBotanicaMexicana125:189-214 Octubre 2018 productivas, pues al igual que sucede en otras regiones de México y Centroamérica, los altos costos ( 10 pieza de poste) y su poca durabilidad (3-5 años) obligan al campe sino a buscar opciones más eficientes (Avendaño y Acos ta, 2000; Harvey et al., 2003). El uso medicinal es considerado la principal forma de aprovechamiento que los grupos indígenas y mestizos efectúan del BTC (Bye et al., 2002). El menor grado de aprecio a este grupo de plantas en las localidades de estu dio puede estar relacionado con aspectos de muestreo, ya que en este trabajo no se evaluaron las herbáceas, donde se han registrado el mayor número de especies medicina les del BTC (Isidro et al., 2006; Maldonado et al., 2013; Zepeda-Gómez et al., 2017). No obstante, el uso medici nal de las especies arbóreas es un reflejo del conocimiento tradicional que aun resguardan las comunidades (Monroy y Ay ala, 2003) y un recurso valioso de apoyo a la atención primaria de enfermedades frecuentemente asociadas a re giones con pobreza y marginalidad social. Los informantes indicaron que el empleo de espe cies arbóreas para elaborar muebles y herramientas es un uso que va reduciéndose entre la población. El caso del uso de madera para fabricar carretas fúe gradualmente sustituido por materiales más resistentes como el hierro, hasta que su uso fúe prohibido como medio de transporte en la década de los años ochenta, como medida de segu ridad ante el establecimiento de las vías rápidas de co municación intermunicipales de la zona de estudio . Por lo tanto, la elaboración de herramientas de trabajo fúe el uso más frecuentemente mencionado por parte de los campesinos. A diferencia de lo reportado en otras re giones del país donde este uso ha sido poco reconocido (Beltrán-Rodríguez et al., 2014), su importancia mostró el corpus del conocimiento que tienen los campesinos al emplear especies en la generación de herramientas que contribuyen a sostener el sistema de cultivo tradicional (González, 2003). En cuanto a la fabricación de muebles, también es una práctica que va en desuso, esto en parte se debe a que las poblaciones silvestres de las especies frecuentemente mencionadas para este propósito, como son: Cedrela odor ata, Swietenia humilis , Tabebuia rosea y Cordia alliodora , son escasas, lo cual puede observarse en los bajos valores de densidad que registraron estas es pecies durante el inventario florístico (Apéndice). Las especies con valor alimenticio, ornamental, fo rrajero y religioso, además de ser referidas a la vegetación secundaria, son en su mayoría toleradas y cultivadas en los sistemas de producción tradicional y huertos caseros, lo cual sugiere la influencia de estos ambientes en el man tenimiento del conocimiento local y el uso actual de los recursos florísticos (Jiménez-Ferrer et al., 2008; MorenoCalles et al., 2013; Beltrán-Rodríguez et al., 2014). En particular, para el área de estudio, Isidro (1997) reportó el valor del huerto familiar en el aporte de especies ve getales destinadas a los usos ornamental, comestible y religioso en varias comunidades rurales de Tuxtla Gutié rrez. Además, Ramírez-Marcial et al. (2012) mostraron la importancia del bosque secundario asociado al sistema silvopastoril tradicional de la Depresión Central de Gua pas, al permitir la regeneración natural de una cantidad significativa de especies típicas del BTC. Relación del valor de uso e importancia ecológica En concordancia con las investigaciones realizadas en regiones con marcada estacionalidad climática de Améri ca tropical (Albuquerque y Lucena, 2005; Lucena et al., 2007, 2014), en el presente estudio no se encontró rela ción entre el valor de uso global de las especies arbóreas, basado en el consenso de los informantes con ninguno de los parámetros fitosociológicos evaluados. De acuerdo con Maldonado et al. (2013), la relación entre el valor de uso con los parámetros ecológicos se ve afectada por la alta di versidad (3 y la estructura del bosque. Este segundo aspec to es particularmente crítico en la región (Ceballos et al., 2010) y en la reserva, pues la estructura del bosque secun dario ha sido inertemente impactada por la explotación de las especies de valor económico y cultural (Vargas et al., 2000; Medina et al. 2005) y, en general, por las actividades antropogénicas que provocan la dominancia ecológica de pocas especies arbóreas (Sánchez, 2014). Por lo tanto, fúe la disminución de las poblaciones silvestres de las especies 201",57194686,no.125 (2018),2018.0,Internet Archive,actabotanicamexno12inste,Instituto de Ecología A.C.,Spanish,http://biodiversitylibrary.org/permissions,In copyright. Digitized with the permission of the rights holder.
Swietenia humilis,"FLORA DE NICARAGUA MELIACEAE 1425 SWIETENIA Jacq. Arboles deciduos, grandes o pequeños, glabros; plantas monoicas. Hojas paripinnadas. Cáliz lobado, lobos redondeados u obtusos; pétalos 5, libres, contortos cuando en yema; filamentos unidos formando un tubo t lobado, cada lóculo con 9-16 óvulos, ápice del estilo discoide. Fruto una cápsula septifragal fuertemente leñosa, abriéndose por 5 valvas desde la base o desde el ápice y la base simultáneamente, cada lóculo con 9-16 semillas; semillas con un ala terminal, unidas por el extremo del ala al ápice de una columela leñosa. Género con 3 especies relativamente bien definidas, más o menos alopátricas en América tropical, pero todas con capacidad de formar híbridos cuando crecen en proximidad; 2 especies se encuentran en Nicaragua, las cuales forman un híbrido natural en las partes secas del norte de Costa Rica, donde las áreas de ESA de las 2 especies parcialmente traslapan. El género produce la famosa madera preciosa llamada caoba. L corteza y las semillas son supuestamente venenosas. 1. Folíolos inferiores sésiles o subsésiles, ápice caudado o filiforme; semillas café-pajizas pálidas o.a S. humilis 1. Folíolos inferiores peciolulados, ápice agudo o cortamente acuminado; semillas cafés Swietenia humilis Zucc., Abh. Math. de CL Kónigl. Bayer. Akad. Wiss. 2: 355, t. 7A-B 1836-1837. Arboles deciduos hasta 20 m de alto, usualmente más pequeños, fuste hasta 40 cm de diámetro, corteza fisurada, gris-café. Hojas agrupadas en los extremos de las ramitas, hasta 22 cm de largo, con hasta 6 pares de folíolos; folíolos ovados a elíptico-ovados, 7-12 cm de largo y 2-4 cm de ancho, ápice va o largamente acuminado, terminando en un hilo filiforme, base redondeada o aguda, bed O ceráceos, nervadura reticulada, e. y elevada en ambas superficies, a veces glaucos en el envés; sésiles o casi así. Inflorescencias usualmente axilares, 6.2-13.5 cm de largo, muy ramificadas, formando tirsos terminales densamente agrupados y glabros; cáliz S-lobado, lobos obtusos o deltados, 0.5-1 mm de largo; pétalos liguliformes a obovados, 6-7.5 mm de largo y 2.5-3 mm de ancho, ápice redondeado, margen ciliolado, blanco-verdosos; tubo estaminal mm de largo, con 10 s o angostamente tubo, anterodios más pequeños que las anteras, café obscuros, indehiscentes; nectario anular, g crenulado, inconspicuo en las flores pistiladas; ovario globoso, glabro, lóculos con 12-14 óvulos, pistilodio delgado y con óvulos rudimentarios. Cápsula erecta, alargada y ovoide, 8-16 cm de largo y 10-12 cm de diámetro, lisa o indistintamente foveolada, café-gris leñ valvas interiores más delgadas, con manchas café pálidas y blancas; semillas 6-8 cm de largo incluyendo el ala, café-pajizas pálidas. mún en bosques secos, húmedos y de galería, y menos frecuentemente en áreas perturbadas, en todas las zonas del país; 0-900 m; fl mar-abr, fr irregularmente durante todo el año, mayormente oct-mar; Moreno 25066, Neill 2390; México hasta el norte de localmente en la construcción de casas, particularmente para puertas y ventanas. La madera es densa, con un atractivo color café-rosado. Caoba Swietenia macrophylla King, Hooker s Icon. Pl. 16: 1550 Arboles sa qn 40 m o probablemente más altos, fuste 1.5 m de diámetro, corteza escamosa, ends y longitudinalmente fisurada, café-gris. Hojas agrupadas en los extremos de las ramitas, hasta 30 cm de largo, con 3-6 pares de folíolos, folíolos oblongos a oblongo-lanceolados u ovado-lanceolados, falcados, 9-13 cm de largo y 3-5 cm de ancho, ápice agudo o cortamente acuminado, base asimétrica, truncada, redondeada o subcordada, glabros, nervadura reticulada y prominente en la haz; folíolos inferiores con peciólulos delgados y 0.5-1 e largo. Inflorescencias usualmente axilares, muy ramificadas, 10-18 cm de largo, glabras, formando fascículos de tirsos terminales; cáliz 5lobado, lobos ampliamente redondeados, 1-1.5 mm de largo; pétalos oblongos a ovado-oblongos, 5-6 mm de ancho, ápice redondeado, margen ciliolado, blanco-verdosos; tubo estaminal cilíndrico, 5 mm de largo, con 10 apéndices acuminados en el ápice, anteras 10, adheridas dentro del ápice del tubo, anterodios más pequeños que las anteras, café obscuros, indehiscentes; nectario anular, margen crenulado, inconspicuo en las flores pistiladas; ovario globoso, glabro, lóculos con 12-16 óvulos, pistilodio delgado y con óvulos rudimentarios. Cápsula erecta, alargada a alargado-ovoide, a veces en forma de pera, con un le",62422090,v. 85,2001.0,Internet Archive,mobot31753002849922,"Missouri Botanical Garden, Peter H. Raven Library",Spanish,http://biodiversity.org/permissions,In copyright. Digitized with the permission of the rights holder.
Swietenia humilis,"Capítulo 7 Diversidad de ecosistemas 29 das, la topografía y la calidad de los suelos han sido favorables para convertir este ecosistema en comarcas agrícolas muy productivas desde el inicio de la época de la Colonia, en ocasiones con el auxilio de obras de riego. También ha prevalecido el interés por desarrollar la ganadería, generalmente extensiva, después del desmonte de selvas en áreas de pendientes pronunciadas. Se ha mencionado la posibilidad de que en grandes extensiones de la Depresión Central de Chiapas, la sbc sea una formación secundaria orientada a comunidades más mésicas (como el bep), derivada de incendios fuera de control al limpiar potreros (Miranda, 1952; Pennington y Sarukhán, 2005). En áreas montañosas, por arriba de los 800 m de altitud, la sbc presenta asociaciones mixtas con elementos dominantes del bosque de pino-encino, frecuentemente asociadas a disturbios antrópicos crónicos como la extracción de leña, el pastoreo e incendios para limpiar potreros (Alvarez-Moctezuma et al., 1999; Rocha-Loredo et al., 2010). En una estrecha franja de la Planicie Costera del Pacífico, Miranda (1952) identificó una asociación particular de sbc con Alvaradoa amorphoides, Coccoloba caracassana, C. floribunda, Randia armata, Prosopis jullflora, Pithecellobium dulce, Trichllla hirta, Swietenia humilis y Zygia conzattii. Bosque de pino-encino (bpe) El bpe es una formación boscosa muy compleja por la gran amplitud altitudinal en la que se encuentran especies de Pinus y Quercus como dominantes del dosel. Se puede presentar entre los 800 y 2500 m de altitud, principalmente en la Depresión Central, en la Meseta Central y en el declive del Pacífico de la Sierra Madre de Chiapas. Es frecuente que el predominio de especies de estos géneros sea favorecido por diversos regímenes de disturbio antrópico, incluidos los incendios. Presenta, de manera distintiva, un dosel con predominio de varias especies de Pinus y Quercus (González-Espinosa etal., 1991, 1995, 2006; Álvarez-Moctezuma et al., 1999; GalindoJaimes et al., 2002; Alba-López et al., 2003; Zavala et al., 2007). Es común que coexistan entre tres y cuatro especies de Quercus con dos o tres especies de Pinus-, elementos ocasionales del dosel pueden ser Arbutus xalapensis, Chlranthodendron pentadactylon, Clethra chiapensis y Persea americana (cuadro 2). La continuidad, altura y riqueza de especies del dosel, así como la complejidad y riqueza de la estructura vertical, son muy variables en función de la exposición, la profundidad y pedregosidad del suelo, así como del disturbio antrópico crónico. En las condiciones de mayor altitud ( 2300 m), húmedas y frías, es común un dosel formado por asociaciones con Quercus acatenangensis, Q. benthamii, Q. crassifolla, Q. laurina, Q. rugosa, Pinus ayacahuite, P. montezumae, P. pseudostrobus var. pseudostrobus, P. p. var. apulcensis y P. tecunumanii. Los bosques de pino-encino en los sitios más húmedos y fértiles muestran sólo una pequeña dominancia (valor de importancia relativa 15 ) de los pinos respecto a los encinos o robles (González-Espinosa et al., 1991). En condiciones también altas ( 1 600 m), pero más secas, en sitios de suelos delgados con exposición oeste o suroeste, pueden ser comunes las asociaciones con Q. cris pipi lis, Q. segoviensis, P. devoniana y P. maximinoi, colindantes con asociaciones de la sbc. Breedlove (1981) menciona a las comunidades con predominio de especies de Pinus como una variante del bpe. Estos pinares son comunidades marcadamente empobrecidas en su composición y estructura y varias fuentes de evidencia apuntan a su frecuente origen antrópico, al menos en áreas con suelos profundos que han sido dedicados a la agricultura y (o) a una cosecha crónica de leña de las especies de Quercus y otras latifoliadas (González-Espinosa et al., 1995, 2006, 2009; Ochoa-Gaona y González-Espinosa, 2000; Galindo-Jaimes et al., 2002; García-Barrios y González-Espinosa, 2004; Ochoa-Gaona et al., 2004; Quintana-Ascencio et al., 2004). En los sitios con predominio de encinos se puede encontrar una gran riqueza y abundancia de especies de epífitas, notablemente bromeliáceas, pero también heléchos y orquídeas (Wolf y Flamenco, 2003, 2005). En las mayores elevaciones de la Meseta Central (volcán Tzontehuitz y cerro Huitepec) y del volcán Tacaná, en el Soconusco, se pueden encontrar comunidades dominadas por pastos altos amacollados, descritas como zacatonales por Miranda (1952), Miranda y Hernández X. (1963) y Breedlove (1981). En su aspecto general son similares al zacatonal alpino descrito por Almeida et al. (1994) encima de la línea de vegetación arbórea en el Eje Neovolcánico, aunque en Chiapas se presentan en menores altitudes. Se describen aquí como comunidades asociadas al bpe, propiciadas por disturbios antro-",50738768,v.2 (2013),2013.0,Internet Archive,biodiversidadenv220Cruz,Comisión Nacional para el Conocimiento y Uso de la Biodiversidad (CONABIO),Spanish,https://biodiversitylibrary.org/permissions,In copyright. Digitized with the permission of the rights holder.
Galictis vittata,"UNGUICULADOS 325 Ancho del rostro entre las apófisis post -orbitarias 0.016 Ancho del rostro adelante de las órbitas, 0.015 Diámetro del carniC ántero-posterior 0.006 cero superior. transverso en la parte anterior 0.0035 Longitud de las tres muelas superiores 0.0105 , , , . . . C ántero-posterior 0.007 Diámetro del carnicero inferior tnmsverso 0 .0025 Longitud de las tres muelas inferiores 0.012 He recojido una mandíbula de la misma especie en la ciudad de Córdoba. Esta es la única especie fósil que se conoce de este género, y es de mencionarse la circunstancia de haber sido encontrada en regiones en que nunca se ha mencionado la existencia de la especie actual que recien aparece mas al sur de las sierras del Tandil, en donde asimismo es excesivamente rara. Localidad. Tilla de Lujan en la provincia de Buenos Aires, y Córdoba en el interior de la República. Horizonte. Piso lujanense (pampeano lacustre) y piso bonaerense de la formación pampeana. Como se vé, los mustelinos fósiles de la República son hasta ahora bastante escasos, y casi todos del género Mephitis, del que también ha descubierto Lund una especie fósil en las cavernas del Brasil que denomina Mephitis fossilis dando el dibujo de un cráneo que prueba era mas largo que el de la especie actual, y de proporciones mayores, así que no sería imposible que esta especie fuera idéntica al Mephitis primseva de Burmeister, duda que solo podrá resolverse cuando se posean ilustraciones de esta última que permitan comparaciones con las publicadas por el naturalista dinamarqués. Sorprende que en medio de tantos fósiles como se han recojido en nuestro país, no se haya descubierto hasta ahora una sola especie del género Galictis, ni aún en los depósitos mas superficiales de la época cuaternaria, cuando las dos especies actualmente vivientes son comunes en el país, y llama todavía mas la atención que se hayan encontrado en cierta abundancia en los depósitos de las cavernas del Brasil, en donde Lund ha encontrado fósiles las dos especies actuales Galictis vittata y Galictis barbara, una tercera especie de caractéres intermediarios entre las dos precedentes, que denomina Galictis intermedia, y una cuarta de tamaño mas considerable que designa con los nombres de Galictis robusta, ó major. El mismo naturalista, cita como fósil en los mismos depósitos la nutria actual del Brasil, llamada Lutra brasiliensis, déla que tampoco se han encontrado restos fósiles en nuestro suelo. Bravard menciona un mustelino fósil de la formación pampeana que denomina Mustela americana, pero el nombre no ha sido acompañado de ningún dato que pudiera permitir averiguar, que es la pretendida Mustela. Probablemente se trata de una especie del género Mephitis, y como de todos modos no será nunca posible saber á cuál de ellas se refería, conviene rayar definitivamente este nombre de los catálogos. En lo que concierne al género Mephitis los materiales recojidos, permiten encadenar las diferentes especies en un orden filogénico casi seguro. La especie mas primitiva que es sin duda el tronco de las demás es el M. cordubensis , que sin duda es el antecesor directo de la especie actual, mientras que otras de sus modificaciones han producido las formas extinguidas designadas con los nombres de M. primceva y M. mercerclensis probablemente en la forma que lo indican las líneas siguientes : tn en S 0 X2 tn O O s Es también probable que el L yncodon lujanensis sea el antecesor del Luncoclon patagonicus. FELÍDAE Sistema dentario muy reducido por la desaparición de varios molares yípremolares. Muela carnicera muy desarrollada. Húmero con un agujero sobre el cóndilo interno pero sin perforación intercondiliana. Clavículas bien desarrolladas. Digitigrados y con falanges ungueales retráctiles.",51769844,6,1889.0,Internet Archive,contribucionalc6ameg,Smithsonian Libraries and Archives,Spanish,,Public domain. The BHL considers that this work is no longer under copyright protection.
Galictis vittata,"416 Figure 27. Relative abundances of the most frequently observed terrestrial mammal species in camera trapping at three of the four campsites visited during a rapid inventory of the Bajo Putumayo-Yaguas-Cotuhé region of Colombia and Peru in October and November 2019. Relative abundance (Number of independent records per 100 camera traps per 24 h) 2 e: Mazama americana Mazama nemorivaga Pecari tajacu Tayassu pecari Leopardus pardalis Dasypus kappleri Dasypus novemcinctus Didelphis marsupialis Metachirus nudicaudatus Philander andersoni Tapirus terrestris Myrmecophaga tridactyla Cuniculus paca Dasyprocta fuliginosa Hadrosciurus gniventris Myoprocta pratti (2015). The species not recorded in this inventory was Callimico goeldii, a small monkey in the Callitrichidae family. Our lack of records for this species does not mean that it is not present in the Bajo Putumayo-YaguasCotuhé region, which is part of its published distribution (Cornejo 2008); it is difficult to observe and we would require more time to detect it. This species was reported for the Algodón River (Bravo et al. 2016), also in the Putumayo River basin. We found 12 of the 17 expected (70 ) carnivore species. The species not recorded are two cats (Herpailurus yagouaroundi and Leopardus tigrinus), one canid (Speothos venaticus), and two mustelids (Galictis vittata and Mustela africana). The two felid species have a wide distribution but fairly low population densities (Caso et al. 2015, Payan and de Oliveira 2016) and are considered rare species, especially L. tigrinus in the Amazon (Payan and de Oliveira 2016). Equally rare are the two species of mustelids, which despite having a relatively wide distribution are rarely seen in the field and remain poorly known (Cuarón et al. 2016, Emmons and Helgen 2016). RAPID INVENTORIES INFORME REPORT NO.31 4 5 Quebrada Federico HA Caño Bejuco EM Quebrada Lorena On the other hand, many other species not recorded in this inventory are small rodents or marsupials that require specific and directed sampling efforts. For the other mammalian orders, most species were represented at one or more of the campsites. It is interesting to note the different representation of bat guilds at Caño Pexiboy, Caño Bejuco, and Quebrada Lorena. The presence of gleaning insectivorous species is an indicator of well-conserved forest. The low number of captures at Quebrada Federico was related to the climatic conditions and a full moon during sampling. Without a doubt, the single species captured in that camp does not accurately reflect the diversity of philostomid bats in the area. Comparison between campsites Mammal richness was similar among campsites: 43 species at Quebrada Federico and Caño Pexiboy and 45 at Caño Bejuco and Quebrada Lorena. However, species composition varied (Appendix 10), especially in bats. There was also variation in the estimated relative abundances of some species. This variation is not very clear, mainly due to the use of different sampling methods. For example, the estimated relative abundances of large rodents showed different patterns when estimated with the trail survey and camera trapping data. This is expected because during trail surveys the tracks of large mammals are more evident, leaving rodents under-represented. In contrast, large rodents are frequently captured by camera traps when their populations are abundant, and are generally well represented in the sampling. Despite this variation among sampling methods, there was a trend towards greater overall abundance of various mammal species at Caño Bejuco and Quebrada Lorena. We consider that this is due to the proximity between these localities and the similarity of their environments. At Quebrada Lorena and Caño Bejuco we sampled both floodplain and upland forest in flat and hilly areas. This mosaic of environments in wellpreserved forests provides abundant resources for mammal populations. At Caño Pexiboy, sampling was also carried out in upland forest in hilly areas and, to a lesser extent, in floodplains. In general, ungulate populations showed high relative abundances despite selective logging. At Quebrada Federico, by contrast, sampling was mainly in the floodplain of the Putumayo River and the areas flooded by Federico Creek. This affected camera trapping effort, because it was not possible to place camera traps in flooded areas. Most of the sampling in this locality was in floodplain forests, Mauritia palm swamps, or stunted varillal forest on peatland. These environmental differences may explain the differences in the relative abundances of mammal species, since vertebrates have been shown to respond to variation in the seasonal availability of resources in flooded and non-flooded forests in the Amazon (Haugaasen and Peres 2005, 2007). Comparison with other localities along the Putumayo River We recorded the highest number of mammal species yet reported for a rapid inventory in the Putumayo River basin (80). One of the reasons for our high species number is the contribution of bats, including 31 of the nearly 98 species expected for the area according to Map of Life (Jetz et al. 2012). In other words, we recorded about 30 of expected bats. This was possible thanks to a greater sampling effort than previous rapid inventories, COLOMBIA, PERÚ: BAJO PUTUMAYO-YAGUAS-COTUHÉ including not only more mist-net hours but ultrasonic recorders for acoustic recording of bats. Recorders allowed us to survey species that are generally not well represented in mist-net sampling, like many aerial insectivores. This is the first rapid inventory to use ultrasonic recorders to record bats. As seen in Appendix 10, some audio-recorded bat species have only been identified to genus. Unfortunately, there is not yet a complete library of calls for bat species in Peru or Colombia to identify the calls we recorded. These recordings require further analysis to corroborate identification at the species level. We recorded 49 species of medium and large-sized mammals, also slightly more than other rapid inventories in the Putumayo River basin. For example, Bravo (2010) reported 32 species in the Maijuna inventory, Montenegro and Moya (2011) reported 42 in the Yaguas-Cotuhé inventory, López Wong (2013) recorded 35 in the EreCampuya-Algodón inventory, and Bravo et al. (2016) reported 46 in the Medio Putumayo-Algodón inventory. The increasing use of camera traps with at least 30 days of sampling explains the increasing species numbers, due to a greater ability to record rare or elusive species. In general, despite these methodological differences, we consider our results to be similar to those of other mammal inventories in the Putumayo watershed. It is worth noting that the inventories mentioned above were all carried out on the Peruvian side of the Putumayo. For the Colombian side, records from Caño Pexiboy, Caño Bejuco, and Quebrada Lorena contribute greatly to knowledge of mammals in this area of Colombia, which has been much less sampled than Peru. Finally, what these inventories reveal is that the Putumayo watershed along the Peru-Colombia border has a high diversity of mammals, possibly related to the well-preserved state of the natural landscape there. Noteworthy records We recorded a high diversity of threatened and ecologically important mammals. We observed abundant populations of ungulates (tapirs, deer, peccaries) with evidence of reproduction, revealing high-quality habitat. These populations have important implications for local hunting, since they can act as source populations to repopulate areas affected by hunters. The high diversity of mammals also reflects a high functional diversity, JUNIO JUNE 2021 A01-7",62338081,31,2021.0,Internet Archive,colombiaperuy31jarr,Field Museum of Natural History Library,Spanish,http://biodiversitylibrary.org/permissions,In copyright. Digitized with the permission of the rights holder.
Galictis vittata,"Hay dos géneros de quínoa medicinales: una blanca y otra colorada, que es una semilla menuda como mostaza, muy co nocida y de que hacen muchas sementeras los indios para lracer chicha della y comerla también molida en harina. Rosales. Celebrada primero que nadie por Cieza de León: Tienen otra suerte de comida llamada oca, que es por el consiguiente provechosa: aunque más lo es la semilla que también cogen, llamada quínua, que es menuda como arroz.",27062244,,,Internet Archive,voceschilenasdel00mediuoft,University of Toronto - Robarts Library,Spanish,,Not provided. Contact Holding Institution to verify copyright status.
Galictis vittata,"Y luego por el Inca Garcilaso, que trata de ella en varios pasajes de sus Comentarios Reales, por ejemplo: El segundo lugar de las mieses que se crían sobre la haz de la tierra dan a la que llaman quéínua, y el español mujo o arroz pequeño, porque en el grano y el color se le asemeja algo. La planta en que se cría se asemeja mucho al bledo, así en el tallo como en la hoja y en la flor, que es donde se cría la quínua; añadiendo a esta descripción el curioso dato de que en 1590 le enviaron granos de esta semilla, que en España no fructificaron, aunque se sembraron en diversos tiempos, porque llegaron muertos.",27062244,,,Internet Archive,voceschilenasdel00mediuoft,University of Toronto - Robarts Library,Spanish,,Not provided. Contact Holding Institution to verify copyright status.
Galictis vittata,"356 La biodiversidad en Chiapas al cambiar la estructura de las comunidades de mamíferos, lo cual implica variaciones en la disponibilidad de recursos alimentarios para las especies. Uno de los más importantes efectos negativos a nivel poblacional es el aislamiento reproductivo que favorece el entrecruzamiento entre parientes cercanos (endogamia) y ocasiona pérdida de variabilidad genética. La baja variabilidad genética hace a la población más vulnerable a la extinción ante desastres naturales e inducidos debido a que sus individuos presentan menor capacidad para desempeñar funciones vitales, tales como la búsqueda y consumo de alimento, reproducción, escape de depredadores y resistencia a enfermedades y cambios climatológicos (Loeschck eetal., 1994; Primack, 1998). Como resultado de estos procesos, las áreas de distribución y las abundancias locales de numerosas especies de mamíferos se han reducido. Los casos más notables son los de mamíferos grandes y medianos vulnerables a la fragmentación, ya sea debido a sus ámbitos hogareños extensos o por su especialización de hábitat. Entre ellos destacan las tres especies de monos ( Ateles geoffroyi, Alouatta palliata y A. pigra), varios carnívoros como el jaguar ( P onca ), el ocelote (L pardalis), el tigrillo (L wiedii ), el viejo de monte ( Eira barbara ), el grisón ( Gaiictis vittata), la nutria (L. longicaudis ), la martucha ( Potos flavus), el pécari de labios blancos ( Tayassu pécari) y el tapir (T. bairdii) (Emmons y Feer, 1997; Reid, 1997). Paradójicamente, estas mismas especies están amenazadas también por la cacería sin control ya sea con fines de autoconsumo, para comercio (mayormente ilegal), o bien, son víctimas de los conflictos entre productores y fauna silvestre por los daños ocasionados al ganado o los cultivos. En consecuencia, muchas de estas especies en la actualidad están restringidas a algunas áreas naturales protegidas que aún les pueden ofrecer suficiente refugio, alimento y agua (Cruz, 2001 ). En el caso de las especies de mamíferos pequeños como los roedores, los murciélagos y las musarañas, los procesos de transformación y fragmentación del hábitat también han tenido severos impactos en la estructura y composición de las comunidades (Chiarello, 2000; Nupp y Swihart, 2000; Schweigereí al., 2000). En Chiapas se encontró que entre 30 y 40 de las especies de roedores pequeños no soportan altos grados de fragmentación debido a sus requerimientos especiales de hábitat, su limitada capacidad para desplazarse a grandes distancias y los altos riesgos que les implica el movimiento a lo largo de los componentes del paisaje sin cobertura arbórea o arbustiva (Horváth et al., 2001 b; Muñoz et al., 2000). A diferencia de las especies vulnerables, las poblaciones de otros mamíferos más resistentes a la perturbación se han mantenido estables, por ejemplo, el armadillo de nueve bandas ( Dasypus novemcinctus) y el leoncillo (P yagouaroundi). Algunas especies más tolerantes o adaptadas a los hábitats abiertos se han visto beneficiadas con la deforestación y fragmentación en Chiapas, al grado de lograr expandir su área de distribución local, como ha sucedido con el venado cola blanca ( Odocoileus virginianus), el coyote ( Canis latrans), la zorra gris ( Urocyon cinereoargenteus) y los tlacuaches comunes ( Didelphis marsupialis y D. virginiana-, Halls, 1984; Reid, 1997; Cuarón, 2000). Algunas especies nativas beneficiadas con el crecimiento de las áreas agrícolas y ganaderas han incrementado su abundancia y distribución al grado de convertirse en verdaderas plagas. Este es el caso de roedores como Sigmodon hispidus y Reithrodontomys sumichrasti, los que además de causar severos daños a los cultivos también pueden ser hospederos o vectores de enfermedades de los animales domésticos y de la especie humana como el virus de la encefalitis equina, entre otros. Otro caso importante es el de murciélago vampiro (Desmodus rotundus), el cual se beneficia de la expansión ganadera gracias a sus hábitos alimentarios (consumo exclusivo de sangre fresca), y transmite el virus de la rabia al ganado y causa severas pérdidas económicas a los productores. De la misma manera, las poblaciones de especies introducidas voluntaria o involuntariamente por el hombre (ratas, ratones, perros y gatos) se incrementan constantemente causando problemas de depredación, competencia y transmisión de enfermedades a la fauna nativa y en ocasiones también a la especie humana. Perspectivas de conservación Entre los mamíferos de Chiapas más vulnerables a la extinción se encuentran las especies endémicas del estado: S. sclateri, S. stizodon, H. nelsoni, P. zarhynchus, T. bullaris, T. tumbalensis y R. genowaysi, la mayoría incluida en alguna",50739069,v.2 (2013),2013.0,Internet Archive,biodiversidadenv220Cruz,Comisión Nacional para el Conocimiento y Uso de la Biodiversidad (CONABIO),Spanish,https://biodiversitylibrary.org/permissions,In copyright. Digitized with the permission of the rights holder.
Galictis vittata,"Dentro de los carnívoros registramos ocho especies (50 de las esperadas) representando todas las familias del orden. El mayor número de registros de felinos corresponden al jaguar (Panthera onca), mientras que los felinos medianos no fueron registrados excepto por una huella de Leopardus pardalis encontrada en una quebrada de Actiamé. Sin embargo, el escenario fue diferente durante las entrevistas pues los pobladores locales identificaron a todos los miembros de esta familia y, exceptuando al hurón (Galictis vittata), a todos los miembros esperados del orden Carnivora. La nutria de río (Lontra longicaudis) fue observada únicamente en Actiamé y es probable que en esta localidad también se encuentre el lobo de río (Pteronura brasiliensis) por la amplitud del río, el número de cochas cercanas y gran cantidad de recurso encontrado por los ictiólogos (ver capítulo de Peces, p. 74). En general, los mamíferos acuáticos fueron poco representados debido a que solo en una de las localidades teníamos acceso a un río grande y una cocha, pero según las entrevistas son comunes y se distribuyen ampliamente en el territorio Matsés.",46254081,,,Internet Archive,permatss162006vrie,Smithsonian Libraries and Archives,Spanish,https://www.biodiversitylibrary.org/permissions/,In Copyright. Digitized with the permission of the rights holder
Galictis vittata,"322 MAMÍFEROS FÓSILES ARGENTINOS gráfica en la época actual, pero elDr. Lxran menciona restos fósiles de Galictis vittata de los depósitos fosilíferos de las cavernas del Brasil, lo que hace creer que también debe existir fósil en nuestro territorio, pero que hasta ahora no se han encontrado sus restos. MEPHBIS cuv. Cuvier . Régne animal, l. II, p. 146. Este género es exclusivo de América, distinguiéndose por una talla relativamente inferior á la del gato doméstico, y por la fórmula dentaria siguiente I iT C. f III. f -fT y) 32. Conozco de la República Argentina cuatro representantes de este género, el actual Mephitis suffocans, y tres extinguidos, que se distinguen por los siguientes caractéres. Talla mediocre. Longitud del carnicero y trasmolar superiores, 12 milímetros. M. suffocans. Talla mayor que la de la especie existente, M. suffocans. Longitud del carnicero y trasmolar superior 16 milímetros. M. primceva. Talla bastante menor que la de M. suffocans, pero dientes mas grandes y mas fuertes. Longitud del carnicero y trasmolar_superior 14 milímetros. M. mercedensis. Talla menor que la de M. suffocans y dentición igualmente mas pequeña y mas fina. M. cordubenssi. Mephitis suffocans III. Mephitis suffocans, Illiger, Verh. d. Kon. Altad, de Wissench. z. Berlín, 1811, p. 129. Lichtenstein, Verh. d. Kon., etc., a. 1836. p. 276. Id. Darst. neuer Sdugeth., pl. 48. fig. I. Wagner, Schreber, Suppl. t. II, 193. Burmeister, Syst. Ubers, etc., t. I, p. 111. Descrip. Pliys. etc., t. III. p. 163, 1879. Mephitis patagónica, Lichtenstein, Verh. d. Kon. etc. a. 1836, p. 275. Wagner-Schreber, Suppl., t. II, p. 194. Gay, Fauna chilena, t. I, p. 50. Burmeister, Reise, etc., t. II, p. 409. Mephitis castanea, Gervais en D Orbginy, Voy , dans l Amérique Mér., t. IV, Mamm., p. 19. Conepatus Humboldiii , Gray, en ion don, Magas, of nat. hist., t. I, p. 581. Ameghino, La ant. del homb. etc., t. I, p. 619, a. 1880. Y aguará, Azara, Apuntes, etc., 1. 1, p. 137. Esta es la única especie del género actualmente existente en la República Argentina, de la que también se han encontrado restos en las capas sedimentarias mas superficiales. Localidad. Rio Lujan y Cañada de Rocha en la provincia de Buenos Aires. Horizonte. Parte superior del piso platense (cuaternario superior). Mephitis primseva Burm. Mephitis primceva. Burmeister, Anal, del Museo Púb. de Buenos Aires, t. I, p. 144. Id. Iiescrip. Phys. de la Rep. Arg . , t. III, p. 164, 1879. Conepatus primcevus. (Burm.) Gervais y Ameghino, Los mamíf. fós. etc., p. 30, a. 1880. Esta especie ha sido fundada por Burmeister sobre un cráneo fósil bastante bien conservado, y muy parecido al déla especie actual, pero cuyo tamaño es de un tercio mayor, lo que cree basta para distinguirlo, y considerarlo como de una especie extinguida de mayores proporciones que la existente. El autor no dá otros caractéres distintivos que la diferencia de tamaño que pone en evidencia por las medidas siguientes : La mandíbula inferior tiene desde los incisivos hasta los cóudilos articulares 54 milímetros de largo en el M. primceva y solo 42 milímetros en el M. suffocans. En la especie fósil, el carnicero y el trasmolar superior tienen 16 milímetros de largo, y en la especie actual solo 1 1 milímetros. La dentadura completa de la mandíbula superior tiene 35 milímetros de largo en el cráneo fósil y tan solo 25 milímetros en el de la especie actual. Los seis incisivos superiores ocupan un espacio de 15 milímetros de ancho en la especie fósil y de solo 10 milímetros en la viviente. Estas diferencias de tamaño son realmente demasiado notables y no permiten reunir los dos animales en uua misma especie. Localidad . Este cráneo se ha encontrado en el mismo municipio de Buenos Aires al cavar un pozo de balde, en la arcilla colorada, á unos 7 metros de profundidad y se conserva en el Museo Nacional de Buenos Aires.",51769841,6,1889.0,Internet Archive,contribucionalc6ameg,Smithsonian Libraries and Archives,Spanish,,Public domain. The BHL considers that this work is no longer under copyright protection.
Galictis vittata,"While the large and medium-sized mammal community in Kampankis is relatively well known (i.e., significant changes and novelties are unlikely with additional studies), it is still too early to say with precision how different or similar it is to comparable communities in the Cordillera del Condor (Schulenberg and Awbrey 1997, Vivar and La Rosa 2004) and on the Pastaza Fan (CDC and WWF 2002). In the meantime, I make some general observations.",46281459,,,Internet Archive,percerrosdekamp242012pitm,Smithsonian Libraries and Archives,Spanish,https://www.biodiversitylibrary.org/permissions/,In Copyright. Digitized with the permission of the rights holder
Galictis vittata,"Spectacled bears (Tremarctos ornatus) inhabit the Cordillera del Condor, but apparently not the Kampankis Mountains (see below). Likewise, the Cordillera del Condor inventories reported lower abundances of primates than observed at Kampankis, due to the Condor s higher elevations. Several of the bats recorded in Kampankis are also present in the Cordillera del Condor, and it is possible that Kampankis also harbors some bat species that are not yet known from Peru but inhabit the eastern Andean slopes of Ecuador (e.g., Lichonycteris obscura, Lophostoma yasuni, and Molossus currentium). Since taxonomy and overall knowledge of Neotropical bats remain undeveloped, specimen collections will be very important to document species distributions in the region and improve our understanding of these communities.",46281459,,,Internet Archive,percerrosdekamp242012pitm,Smithsonian Libraries and Archives,Spanish,https://www.biodiversitylibrary.org/permissions/,In Copyright. Digitized with the permission of the rights holder
Galictis vittata,"The list of large and medium-sized mammal species reported from the Pastaza Fan is similar to that of Kampankis, with the difference that small primate species were more common on the Pastaza Fan and dolphins were recorded by direct observation. At Kampankis I saw few saddleback tamarins (Saguinus fuscicollis) and titi monkeys (Callicebus discolor), and did not record any pygmy marmosets (Callithrix pygmaea) during the inventory. This is because pygmy marmosets prefer floodplain forests along large rivers, as well as forest edges along pastures and farm plots (Soini in Defler 2010). The largest populations have been documented along the Samiria River in Loreto. In our area the species",46281459,,,Internet Archive,percerrosdekamp242012pitm,Smithsonian Libraries and Archives,Spanish,https://www.biodiversitylibrary.org/permissions/,In Copyright. Digitized with the permission of the rights holder
Galictis vittata,"For their part, titi monkeys (C. discolor) prefer poorly developed riparian forests in low-lying, poorly drained areas (Defler 2010). S. fuscicollis is widely distributed in a variety of habitats but common in lowland secondary forests. In interviews local residents noted that both species are common along the banks of the Morona and",46281459,,,Internet Archive,percerrosdekamp242012pitm,Smithsonian Libraries and Archives,Spanish,https://www.biodiversitylibrary.org/permissions/,In Copyright. Digitized with the permission of the rights holder
Galictis vittata,"En lo que concierne al género Mephitis, los materiales recogidos permiten encadenar a las diferentes especies en un orden filogénito casi seguro. La especie más primitiva, que es sin duda el tronco de las demás, es el Mephitis cordubensis, que sin duda es el antecesor directo de la especie actual, mientras que otras de sus modificaciones han producido",20514676,,,Internet Archive,obrascompletasyc06ameguoft,University of Toronto - Gerstein Science Information Centre,Spanish,,NOT_IN_COPYRIGHT
Galictis vittata,"Senalamos, finalmente, al lado de los anteriores, restos de Cerathophrys ornata (Bell) Gthr. Este batracio, como también muchos de los mamiferos mencionados, en la actualidad es completamente desconocido en la región. Estos cambios faunisticos que, en comparación con la distribución actual de las faunas, se observan frencuentemente en el aimarense, no siempre parecen en relación con la invasión de los europeos, de sus armas y de sus métodos de cultivo intensivo, y, a nuestro juicio, representan una de las características más interesantes de este piso.",26371731,,,Internet Archive,boletn24acaduoft,University of Toronto - Gerstein Science Information Centre,Spanish,,Not provided. Contact Holding Institution to verify copyright status.
Galictis vittata,"LA CONSERVACIÓN DE EA DIVERSIDAD DE MAMÍFEROS MEDIANOS: IMPORTANCIA DE EOS CAFETAEES sitios O tipos de comunidad, para expresar el grado en el que dos muestras son semejantes por las especies presentes en ella, por lo que entre más complementarios sean dos sitios, más alta será su diversidad Beta (Colwell y Coddington, 1994). Resultados y discusión Se registraron 24 especies de mamíferos medianos (tres marsupiales, dos edentados, un lagomorfo, seis roedores y 12 carnívoros). Esta diversidad representa el 75 de los 32 mamíferos que originalmente estaban reportados para la zona en el bosque mesófilo (cuadro 2; Hall y Dalquest, 1963; Hall, 1981). La diversidad varió de ocho a 21 especies entre fincas (cuadros 1 y 6). El mayor número de especies de mamíferos medianos se encontró en las fincas donde el estrato arbóreo presentó un mayor número de especies, así como más especies de árboles nativos (cuadros 1 y 2). Esto puede indicar la importancia del manejo de las fincas, siendo relevante la diversificación de los árboles de sombra, si se desea conservar un mayor número de especies de mamíferos medianos. Los mamíferos medianos más comunes fueron: tlacuache Didelphis marsupialis) , armadillo Dasypus novemcinctus) , conejo Sylvilagus floridanus) y zorra Urocyon cinéreo argénteas) . Entre las especies raras están el chupamiel o brazofuerte Tamandúa mexicana), el grisón Galictis vittata) y el yaguarundí Puma yagouaroundi) . Las especies que no se registraron en los sitios de estudio son principalmente carnívoros: ocelote Leop ardas pardalis), nutria (Lontra longicaudis), zorrillo cadeno ( Conepatus leuconotus) y el viejo de monte (Eira barbara)', y los ungulados como el jabalí de collar Pécari tajacu) y el temazate (Mazama temama)', así como los monos araña Ateles geojfroyí) . En cuanto al tipo de locomoción, los mejor representados fueron las especies de hábitos terrestres (45.8 ) y en cuanto al tipo de forrajeo, los frugívoros-omnívoros (33.3 ), junto con los frugivo ros-granívoros (20.8 ; cuadro 2). Los mamíferos terrestres son los que ocuparon el mayor porcentaje de especies en casi todos los cafetales (cuadro 3). En cambio, los arborícolas presentaron mayor porcentaje en las Cañadas y El Mirador, que son los sitios que tienen estratos arbóreos más diversos. CUADRO 1. Características de las fincas del centro de Veracruz, correspondiendo las tres primeras a la Zona Huatusco y las restantes a la Zona CoatepecXalapa. NOMBRE (ABREVIATURA) TIPO DE MANEJO EXTENSIÓN (ha) ALTITUD (msnm) NÚM. SPP ARBÓREAS NATIVAS NÚM. TOTAL SPP. ALTURA ÁRBOLES PROMEDIO (m) ÁREA BASAL PROMEDIO (cm9 DENSIDAD PROMEDIO Eas Cañadas (CAÑ) Bosque 298.62 1 380 51 70 10.9 29.0 684.1 El Mirador (mir) Bajo Monte o Rústico 138.65 1 100 19 45 12.6 18.2 137.3 Ea Vequia (lvs) Bajo MonteSombra Especializada 113.85 1 050 13 24 14.2 16.5 152.7 Virginia Armand (arm) Policultivo 15.74 1 160 13 21 9.6 29.0 160.8 El Zopilote (ZOP) Sombra especializada 10.26 1 060 16 21 10.6 21.3 120.0 Ea Orduña (ord) Policultivo 195.99 1 220 10 18 9.9 16.4 164.9 Ea Onza (ONZ) Policultivo 1.96 1 140 14 31 6.6 16.3 209.8 Teocelo (sol) Sin sombra 45.04 1 200 0 0 0 0 0 595",50629278,vol.2 (2011),2011.0,Internet Archive,Labiodiversidadvol2Cruz,Comisión Nacional para el Conocimiento y Uso de la Biodiversidad (CONABIO),Spanish,https://biodiversitylibrary.org/permissions,In copyright. Digitized with the permission of the rights holder.
Galictis vittata,"La composición de especies de mamíferos medianos y grandes reportada por el estudio realizado en el abanico del Pastaza es similar a la registrada en Kampankis, con la diferencia de que en el abanico del Pastaza se registraron en mayor abundancia las especies de primates pequeños y los bufeos por observación directa. En Kampankis tuve pocos registros del pichico común (Saguinus fuscicollis) y del mono tocón (Callicebus discolor), mientras que el mono leoncito (Callithrix pygmaea) no se registro en todo el inventario. Esto se debe a que el mono leoncito prefiere los bosques de las orillas de rios, donde se han encontrado las mas altas poblaciones en la cuenca del rio Samiria en Loreto; la especie habita en bosques inundables y también habitats de borde como orillas de pastizales y huertos (Soini en Defler 2010). Es posible que se encuentre cerca de las comunidades del rio Morona.",46281305,,,Internet Archive,percerrosdekamp242012pitm,Smithsonian Libraries and Archives,Spanish,https://www.biodiversitylibrary.org/permissions/,In Copyright. Digitized with the permission of the rights holder
Galictis vittata,"Por otro lado, el mono tocón (C. discolor) prefiere la vegetación ribereña con bosques poco desarrollados, los bajos, las orillas de caños y ríos y las tierras bajas pobremente drenadas (Defler 2010). S. fuscicollis está ampliamente distribuida en gran cantidad de hábitats aunque es común en bosques secundarios de tierras bajas. En las entrevistas los pobladores afirmaron que ambas especies son comunes cerca de los márgenes de los ríos",46281305,,,Internet Archive,percerrosdekamp242012pitm,Smithsonian Libraries and Archives,Spanish,https://www.biodiversitylibrary.org/permissions/,In Copyright. Digitized with the permission of the rights holder
Galictis vittata,"Dosantos (2005) también registró Isothrix bistriata por vocalización. Aunque son conocidas las vocalizaciones de algunas especies de ratas espinosas trepadoras (p. ej., Dactylomys), y aunque I. bistriata ha sido colectada en La Poza (Patton et al. 1982), es posible que las vocalizaciones fueran de otra especie ya que no existen registros que comprueben que Isothrix emita llamados. Myoprocta acouchi, reportado por Dosantos (2005) como observado en campo, probablemente se trate de Myoprocta pratti, también en la lista, que es la especie de Myoprocta presente en el Perú. Conepatus semistriatus (Carnivora: Mephitidae), registrada mediante entrevistas, es una especie presente en la costa y vertiente occidental del Perú. Es posible hallarla en bosques montanos pero no en bosques de selva baja (Emmons y Feer 1999), y probablemente se haya confundido con otra especie con un patrón de coloración parecido como el hurón (Galictis vittata), que posee una banda de pelo blanco sobre la cabeza y el lomo. El armadillo Euphractus sexcinctus, registrado por huella, no se considera distribuido en el Perú, y el registro probablemente corresponde a algún otro armadillo. Finalmente, la pacarana (Dinomys branickii) no fue registrada en los recorridos ni en las entrevistas del inventario biológico rápido, pero sí fue reportada en las entrevistas realizadas por el equipo social.",46281305,,,Internet Archive,percerrosdekamp242012pitm,Smithsonian Libraries and Archives,Spanish,https://www.biodiversitylibrary.org/permissions/,In Copyright. Digitized with the permission of the rights holder
Galictis vittata,"170 ) y los venados agrupados como Mazama spp., así como los roedores grandes añuje guara (Dasyprocta fuliginosa ) y majaz boruga (Cuniculus paca Fig. 9DD)). Cabe aclarar que esta comparación se hace con base solamente en la información de los recorridos y no incluye el fototrampeo. Con el método de recorridos, los campamentos con mayor abundancia relativa de ungulados y armadillos fueron Caño Pexiboy y Quebrada Lorena. En estos dos campamentos fueron particularmente abundantes los rastros de Dasypus spp., sachavaca danta (Tapirus terrestris Fig. 9Y ) y sajino cerrillo (Pecari tajacu). En el Caño Pexiboy también fueron abundantes los registros de venados (Mazama spp.). Los registros de jaguar fueron más abundantes en Quebrada Lorena. La abundancia relativa de Cuniculus paca (Fig. 9DD) fue similar en los cuatro campamentos. Por otra parte, con el fototrampeo estimamos la abundancia relativa de 16 especies que en conjunto tuvieron 402 registros independientes . Para comparar entre campamentos, excluimos Caño Pexiboy debido a que en esta localidad el esfuerzo de fototrampeo fue mucho menor. Quebrada Lorena fue el campamento donde se encontraron las mayores abundancias relativas de muchas de las especies con ambos métodos, fototrampeo y recorridos. Entre ellas se encuentran los marsupiales como Didelphis marsupialis y Metachirus nudicaudatus y los venados Mazama americana y M. nemorivaga. DISCUSIÓN Especies reportadas La mayoría de las especies de mamíferos medianos y grandes estuvo bien representada. Todos los ungulados (venados, pecaríes y dantas) esperados para la zona fueron registrados durante el inventario. Entre los primates registramos 10 de las 11 especies esperadas según Aquino et al. (2015). La especie no registrada en este inventario fue Callimico goeldii, un mono pequeño de la familia Callitrichidae. La ausencia del registro para esta especie no significa que no se encuentra en la zona evaluada, que forma parte de su distribución publicada Figura 27. Abundancia relativa de las especies de mamíferos terrestres más frecuentes en el fototrampeo en tres de las cuatro localidades muestreadas durante un inventario rápido de la región del Bajo Putumayo-Yaguas-Cotuhé, Colombia y Perú, en octubre y noviembre de 2019, Abundancia relativa (No. registros independientes por 100 cámaras trampa por cada 24 h) 2 y Mazama americana Mazama nemorivaga Pecari tajacu Tayassu pecari Leopardus pardalis Dasypus kappleri Dasypus novemcinctus Didelphis marsupialis Metachirus nudicaudatus Philander andersoni Tapirus terrestris Myrmecophaga tridactyla Cuniculus paca Dasyprocta fuliginosa Hadrosciurus gniventris Myoprocta pratti RAPID INVENTORIES INFORME REPORT NO.31 4 5 6 Quebrada Federico Caño Bejuco EM Quebrada Lorena (Cornejo 2008), sino que al ser una especie difícil de observar habríamos requerido de mayor tiempo de evaluación para detectarla. Esta especie fue reportada para el río Algodón (Bravo et al. 2016), también en la cuenca del río Putumayo. Encontramos 12 de las 17 especies de carnívoros esperadas, es decir el 70 . Las especies ausentes en el muestreo corresponden a dos felinos (Herpailurus yagouaroundi y Leopardus tigrinus), un cánido (Speothos venaticus) y dos mustélidos (Galictis vittata y Mustela africana). En el caso de las dos especies de felinos, a pesar de tener una amplia distribución, tienen por lo general densidades de población bastante bajas (Caso et al. 2015, Payan y de Oliveira 2016) por lo que se consideran como especies raras, especialmente L. tigrinus en la Amazonia (Payan y de Oliveira 2016). Igualmente raras son las dos especies de mustélidos, las cuales a pesar de tener una distribución relativamente amplia, se conoce poco de su ecología ya que rara vez son vistas en campo (Cuarón et al. 2016, Emmons y Helgen 2016). Por otra parte, muchas de las especies no registradas en este inventario corresponden a pequeños roedores o marsupiales que requieren de esfuerzos de muestreo específicos y dirigidos. Para los otros órdenes de mamíferos, la mayoría de las especies estuvieron representadas al menos en alguno de los campamentos. En cuanto a los murciélagos, cabe resaltar el registro de diferentes gremios en los campamentos Caño Pexiboy, Caño Bejuco y Quebrada Lorena. La presencia de especies insectívoras de sotobosque constituye un indicador de buen estado del bosque. El bajo número de capturas en el campamento Quebrada Federico está relacionado a las condiciones climáticas durante los días de evaluación y a que tuvimos fase de luna llena durante los muestreos. Definitivamente nuestra captura de una sola especie en ese campamento no refleja la diversidad de murciélagos filostómidos de la zona. Comparación entre campamentos La riqueza de mamíferos fue similar entre los campamentos: 43 especies en Quebrada Federico y Caño Pexiboy y 45 en Caño Bejuco y Quebrada Lorena. Sin embargo, la composición de especies varió un poco entre campamentos (Apéndice 10), especialmente en los COLOMBIA, PERÚ: BAJO PUTUMAYO-YAGUAS-COTUHÉ murciélagos. También hubo variaciones en la abundancia relativa estimada de algunas especies. Los patrones en esta variación no son muy claros, principalmente por el uso de varios métodos. Por ejemplo, la abundancia relativa estimada para roedores grandes mostró patrones diferentes cuando se estimaron con la información de los recorridos versus la del fototrampeo. Esto es de esperarse porque durante los recorridos son más evidentes las huellas y rastros de mamíferos grandes, dejando los roedores sub-representados. Con el fototrampeo, en contraste, los roedores grandes son bastante frecuentes cuando sus poblaciones son abundantes y, por lo general, quedan bien representados en el muestreo. A pesar de la variación resultante debido a los diversos métodos utilizados, sí hubo una tendencia a una mayor abundancia general de varias especies de mamíferos en los campamentos Caño Bejuco y Quebrada Lorena. Consideramos que esta tendencia obedece a la cercanía entre estas dos localidades y la similitud entre los ambientes. En Quebrada Lorena y Caño Bejuco los muestreos estuvieron tanto en zonas inundables como en bosques de tierra firme en zonas planas y de ladera. Este mosaico de ambientes y el buen estado de conservación de los bosques pueden favorecer la oferta de recursos para las poblaciones de mamíferos. En el Caño Pexiboy el muestreo también se realizó en bosques de tierra firme de ladera y en menor cantidad en áreas inundables. En general, las poblaciones de ungulados mostraron alta abundancia relativa a pesar de las actividades de extracción selectiva de madera. En el campamento Quebrada Federico, en contraste, el muestreo estuvo principalmente en áreas de inundación, con influencia de la gran llanura aluvial del río Putumayo y las áreas de inundación de la quebrada Federico. Esta influencia de las áreas de inundación de hecho afectó el esfuerzo del fototrampeo, debido a que no fue posible colocar cámaras trampa en estas áreas. La mayor parte del muestreo en esta localidad estuvo en bosques inundables, aguajales o varillales. Estas diferencias ambientales pueden explicar las diferencias en las abundancias relativas de varias especies, pues se ha descrito que los vertebrados responden a las variaciones en la disponibilidad estacional de recursos en bosques inundables y no inundables en la Amazonia (Haugaasen y Peres 2005, 2007). JUNIO JUNE 2021 AL,",62337939,31,2021.0,Internet Archive,colombiaperuy31jarr,Field Museum of Natural History Library,Spanish,http://biodiversitylibrary.org/permissions,In copyright. Digitized with the permission of the rights holder.
Galictis vittata,"164 LA BIODIVERSIDAD EN PUEBLA ESTUDIO DE ESTADO es la peculiar anatomía de los órganos para la reproducción y la forma en que realizan esta función (Nowak 1999). En Puebla está representado con cinco especies, incluyendo marmosas y los conocidos tacuaches del género Didelphis (Ceballos y Oliva, 2005). Cingulata y Pilosa, se caracterizan porque los dientes son homodontos, es decir, no diferenciados y porque todas las especies carecen de incisivos y caninos. En Puebla se encuentran los armadillos ( Dasypus ) y el oso hormiguero ( Tamandúa ; Nowak 1999). Las liebres y conejos del orden Lagomorpha se caracterizan por tener el labio superior dividido en forma de ""Y"" y poseen dos pares de incisivos en el maxilar superior (Nowak 1 999). En Puebla están distribuidas siete especies. El conejo zacatuche ( Rome rolagus diazi) es endémico de los volcanes Popocatépetl e Iztaccíhuatl. El orden Rodentia se caracterizan porque los integrantes de este orden presentan incisivos de crecimiento continuo y carecen de caninos (Nowak 1 999). En Puebla es el segundo orden mejor representado con 51 especies como ardillas, tuzas, ratas y ratones. Los organismos del orden Carnívora se distinguen por sus estructuras especializadas para una alimentación basada en carne; tienen caninos muy desarrollados, premolares y molares adaptados para cortar y triturar y poseen fuertes maxilares (Nowak 1999). En Puebla se encuentran 20 especies. Los organismos del orden Soricomorpha presentan el hocico alargado y cinco dedos con garras en cada pata, con pelo denso y lustroso y su rasgo peculiar es que su metabolismo es muy alto, por lo que la mayoría de las especies tienen que consumir alimento en forma casi continua; esto es así para las musarañas: debido a su pequeña talla, tienen una gran superficie en relación a su masa, por lo que pierden mucha energía en forma de calor (Nowak 1 999). En Puebla se encuentran distribuidas siete especies precisamente conocidas como musarañas. Los murciélagos del orden Chiroptera se caracterizan porque son los únicos mamíferos que se desplazan volando y porque la mayoría de las especies se guían por medio de la ecolocación (Nowak 1999). Es el segundo orden mejor representado en Puebla con 66 especies. La característica principal del orden Artiodactyla es la presencia de un número par (dos o cuatro dedos) en las extremidades; la única excepción son los miembros del género Tayasuu (Nowak 1999). Diversidad y riqueza En el estado de Puebla se han registrado 161 especies de mamíferos; esta riqueza ha sido estudiada por LaVal (1973), Hall (1981), Ramírez-Pulido et al. (1995), Ramírez-Pulido (1 999), Rojas-Martínez y Valiente-Banuet (1996), Castillo-Meza et al. (1997), Ramírez-Pulido et al. (1 999), Vargas (1 999), Aquino (2000), López-Wilchis y López-Jardines (2000), Villa y Cervantes (2003), Ceballos y Oliva (2005) y Hernández (2005) entre otros. Se presenta la lista mastofaunística del estado de Puebla, ordenes, familias (Cuadro 4.30) géneros y especies de acuerdo a la nomenclatura propuesta por RamírezPulido ef al. 2005 (Cuadro 4.31). Se encuentran 31 especies de mamíferos endémicos de México en el estado de Puebla, correspondientes a los ordenes: Rodentia, Lagomorpha, Soricomorpha, Artiodactyla, Cingulata, Chiroptera, Didelphiomorphia y Carnívora. Por ejemplo, la Spermophilus perotesis es una ardilla que se caracteriza por presentar un anillo blanco alrededor del ojo, conocido para la región árida del Valle de Oriental entre los estados de Puebla y Veracruz, al oriente del Eje Neovolcánico Transversal, y el ratón de campo Peromyscus mekisturus, que es arborícola; lo que destaca es el tamaño excepcional de la cola así como el tamaño del quinto dedo de la pata trasera ; habita en bosques de encino y pino en San Andrés Chalchicomula (Hoy Ciudad Serdán). Se encuentran 21 especies enlistadas en la NOM059-SEMARNAT-2001 (DOF 2002) de las 161 registradas para el estado de Puebla, de las que destaca el roedor Peromyscus mekisturus como amenazada o rara, debido a que se localiza en un área de distribución geográfica muy reducida; se le considera como una especie amenazada por su rareza, su distribución y la destrucción de su hábitat. La ardilla Sciurus oculatus se considera como especie en protección especial, por causa de la tala de bosques. Como amenazadas se han registrado siete especies más, debido principalmente a la modificación de su hábitat; aquí se reconocen a tres roedores ( Dipodomys phillipsii ; Peromyscus mekisturus y Spermophilus perotensis) y cuatro carnívoros (Herpailurus yagouaroundi, Galictis vittata, Lontra longicaudis y Taxidea taxus).",50995127,,2011.0,Internet Archive,biodiversidaden00Hand,Comisión Nacional para el Conocimiento y Uso de la Biodiversidad (CONABIO),Spanish,https://biodiversitylibrary.org/permissions,In copyright. Digitized with the permission of the rights holder.
Galictis vittata,"; Hab.-MEXICO, Chiapas, Río Coatán (Ferrari-Pérez), Yucatán, Tzalam, Buctzotz, Senotillo, Chem Jonot (Gaumer), Tunkas (Nelson). Caracteres. -Macho adulto. El grisón es más pequeño que la G. barbara y se distingue, además, por sus formas más recogidas y su cola corta. El color es notable por ser más claro en la parte superior que en la inferior. El hocico, la parte inferior de la nuca, el vientre y las mandíbulas, son pardo obscuros; mientras que toda la parte superior, desde la frente hasta la cola, es de un gris claro, a causa de ser las cerdas anilladas de negro y blanco. Desde la frente corre sobre las mejillas una lista de color amarillo de ocre claro, que hacia las espaldillas se ya obscureciendo; el orificio de la oreja, completamente cubierto de pelos con una manCha negra en el centro y otra en la margen media posterior, y el dorso de la oreja del mismo color; el extremo de la cola y las orejas muy pequeñas, tienen un tinte amarillo; las plantas y los: tarsos son de un negro obscuro, y las listas de la frente y mejillas de color gris acerado brillante.",15504489,,1917.0,Internet Archive,monografadelos00gaum,Smithsonian Libraries and Archives,Spanish,,Public domain. The BHL considers that this work is no longer under copyright protection.
Galictis vittata,"En la misma laguna he encontrado un nuevo pescado del género Xiphophorus, que he llamado X. obscuzus. El tamaño de los individuos mas grandes era de 3 á4 1,2 centím. Su color oscuro, mas Ó ménos moreno; la parte del dorso tras de la cabeza, un poco chata; el vientre y las aletas incoloras; la cabeza bastante ancha, y en la tapa agallar de las hembras, unas pequeñas aberturas, formando una fila encorbada.",45694874,,,Internet Archive,boletndelaacadem2187acad,"Natural History Museum Library, London",Spanish,,Public domain. The BHL considers that this work is no longer under copyright protection
Galictis vittata,"La gente hablaba mucho de un perro salvaje, llamado Aguará , que no he conocido; solamente en Soto vi mas tarde un cuero de este animal, que se me mostró como de Canis jubatus, Desm. Otro mamífero, que no he podido encontrar, es llamado por la gente Sacha-Cabra , y otro ulcotuco . El último, con su voz, remeda la palabra ulcotuco , tucutuco Ó tulducuo ; y el animal debe de ser muy comun, porque en todas partes he oído su voz como saliendo de viscacherales viejos. Tan pronto como uno se acerca al lugar donde resuena, se calla, como si obrase con la mayor prudencia é imperceptibilidad. Parece",45694874,,,Internet Archive,boletndelaacadem2187acad,"Natural History Museum Library, London",Spanish,,Public domain. The BHL considers that this work is no longer under copyright protection
Galictis vittata,"LOS GALICTIS nudo cae en sus garras porque el taira llega á cansarla. Hay quien pretende haberle visto perseguir un gamo hasta que este, cansado y rendido, hubo de echarse y vivo aun le sirvió de pasto hasta quedar harto. Por lo regular establece siempre su retiro, según Hensel, en madrigueras subterráneas; por lo menos los perros de Hensel encontraron una camada debajo de una peña. Después de mucho trabajo, y de cortar algunos robustos troncos de árbol que habian de servir de palanca para apartar las rocas, logramos apoderarnos de los padres y de sus dos cachorrillos que todavía tenían los ojos cerrados y quizás no contaban sino pocos dias. En su exterior y voz se parecían muchísimo á los cachorros de la zorra, y era preciso inspeccionarlos muy bien para encontrar la diferencia en sus piernas algo mas cortas y las uñas mas largas en todos los cinco dedos. Cautividad. S e encuentran á menudo tairas domes471 ticados en la América del sur. Schomburgk los vió en las chozas de los indios, quienes designan á este animal con el hombre de viaikong 6 hava; y él mismo tuvo uno vivo durante largo tiempo, así como también Rengger, por lo cual reproduciremos aquí las observaciones de estos dos naturalistas. Los tairas se alimentan con leche, carne, pescado, batatas cocidas, y en una palabra, con todo cuanto se les da, pudiendo por lo tanto criarlos fácilmente. Cuando se les enseña algo de comer, se lanzan sobre ello, lo cogen con sus patas delanteras y sus dientes, y aléjanse de su guardián á la mayor distancia posible. Luego se echan, apoyándose en el vientre, y comen lo que han cogido, sujetándolo entre sus patas; pero no arrancan los pedazos, sino que mascan siempre con los molares de un solo costado en el mismo sitio, lo propio que hacen los gatos. Si se les echa un pájaro vivo, lo aprietan de un brinco contra el suelo, y le abren el cuello por cerca de la cabeza; lo mismo hacen con los mamíferos peEl. G. queños, y hasta con los perrillos y gatitos, cuando no están bien enseñados. Les gusta mucho la sangre que lamen antes de comer la carne cuando han muerto á su presa. Si se les interrumpe mientras comen, muerden con rabia; y para beber lamen el agua como los perros. Son naturalmente muy limpios; se alisan el pelo continuamente; y cuando están irritados esparcen un olor de algalia que proviene de una glándula situada en un repliegue cutáneo debajo del ano. Si se les trata bien, acostúmbranse al hombre, juegan con él, atienden á su llamamiento, y le siguen por la casa como podría hacerlo un perro ó un gato. Son muy aficionados á retozar; lamen y muerden los dedos, pero algunas veces lo hacen con demasiada fuerza; cuando juegan dejan oir ligeros gruñidos, á la manera de los perritos, y si se les atormenta, lanzan un aullido breve. A pesar de su gentileza, los tairas son siempre enemigos peligrosos para los animales domésticos mas pequeños que ellos, especialmente para las aves; apenas ven alguna, precipítanse sobre ella con rabia, y se abandonan á su natural instinto, que no se refrena nunca por la domesticidad ni por los castigos recibidos anteriormente. Su género de vida cambia cuando se les tiene sujetos ó encerrados en una jaula; entonces duermen toda la noche, pero si se les deja correr libremente por la casa, solo reposan I á media noche y á medio dia, dedicando el resto del tiempo á cazar ratas y ratones, de los cuales limpian la casa mejor que lo harían los gatos. Usos Y PRODUCTOS. Los indios salvajes, á los cuales no repugna nada, según parece, comen la carne del taira que los europeos encuentran atroz y utilizan también la piel en preparar saquitos ó correas para adornarse. Pero á pesar de esto no cazan el taira sino muy de tarde en tarde. Apenas Tomo I LICTIS GRISON se ve el taira perseguido, trata de refugiarse en un agujero en el hueco de un árbol ó en la copa, y si no encuentra un escondrijo, cae bien pronto en poder de los perros, á los cuales opone una corta, pero vigorosa resistencia. La caza del taira es difícil y por esto se matan muy pocos. De los perros no huye en seguida; espera que le persigan; pero pronto se conoce que le siguen la pista, por sus constantes ladridos y su veloz carrera. Cuando ve que se le van aproximando ya de un modo amenazador, se detiene, levántase ligero como una saeta para subir á un árbol, emprende la fuga de copa, en copa, vuelve á bajar á cierta distancia, y así escapa casi siempre, porque los perros permanecen delante del árbol donde habia subido y se perdió de vista, y aunque corran alrededor del árbol no pueden encontrar su huella, puesto que el taira solo vuelve á bajar á considerable distancia. Verdad es que los perros viejos conocen su costumbre y procuran no perderle de fuga á través de las copas; pero casi siempre sin causa de la espesura del follaje. EL GRISON GALICTIS VITTATA CarAGTÉRES. El grison ( Galidis vittata; Viverra Mnstela Lntra y Grisonia vittata; Guio vittatns, Ursas brasiliensis, Viverra y Mustela quiqui, etc.), representante del sub-género Grisonia es mas pequeño que el taira; mide unos 0'"",65 de largo, de los cuales corresponden 0 ,2 2 aproximadamente á la cola; y se distingue además por sus formas mas recogidas y su cola relativamente corta. El color es notable por ser mas claro en la parte superior que en la inferior. El hocico, la parte inferior de la nuca, el vientre y las 02",54400709,,1880.0,Internet Archive,historianatural00breh,Universidad Autónoma de Nuevo León,Spanish,,Public domain. The BHL considers that this work is no longer under copyright protection.
Galictis vittata,"PINNIPEDIA. Este orden comprende las focas, carnívoros adaptados a la vida acuática. Son bastante numerosos en la época actual, pero han dejado pocos restos fósiles. Todos los que se conocen pertenecen a las familias de los Otariidae, cuyo tipo es el género Otaria Perron. La especie actual de la costa argentina, Otaria jubata Forster (lobo marino, lobo de un pelo), ha dejado restos fósiles, a partir del Postpampeano marino más antiguo. Del Arctocephalus F. Cuvier, o lobo de dos pelos, se conocen dos especies fósiles, Arctocephalus Fischeri Gervais y Ameghino, de la formación Entrerriana, y Arctocephalus Holmbergi Ameghino, de la formación Pampeana, notablemente más pequeño que el Arctocephalus australis actual.",22731309,,,Internet Archive,obrascompletasyc12ameguoft,University of Toronto - Gerstein Science Information Centre,Spanish,,Not provided. Contact Holding Institution to verify copyright status.
Galictis vittata,"Entre los carnívoros, debo hacer mencion del Procyon lotor L., que tiene una variedad en que las puntas de los pelos del cuerpo, la mancha que rodea los ojos, i las fajas de la cola son ferrujinosas, no negruzcas como en la forma típica; i tambien de la Galera barbara L. , especie que con frecuencia nos ofrece ejemplares mas o menos rojizos.",14396469,,,Internet Archive,revistachilenade61902muse,"Harvard University, Museum of Comparative Zoology, Ernst Mayr Library",Spanish,,Public domain. The BHL considers that this work is no longer under copyright protection.
Galictis vittata,"Volviendo al órden i a la familia del Conepatus, hallaremos la Mustela quiqui de Molina, de la que tambien tenemos un individuo, i que no es sino la forma roja de la especie (Galictis vittata Schreb., en la cual el color castaño claro ha sustituido con perfecta exactitud al negro.",14396469,,,Internet Archive,revistachilenade61902muse,"Harvard University, Museum of Comparative Zoology, Ernst Mayr Library",Spanish,,Public domain. The BHL considers that this work is no longer under copyright protection.
Galictis vittata,"No deja de ser estraño que miéntras semejantes casos parecen frecuentes entre los mamíferos de América, en los del hemisferio opuesto son verdaderamente raros. Yo sólo he observado el fenómeno en cuestion en ciertos monos del jénero Hylobates (en el H. lar L., por ejemplo), en a Talpa europea L., en la Viverricula",14396469,,,Internet Archive,revistachilenade61902muse,"Harvard University, Museum of Comparative Zoology, Ernst Mayr Library",Spanish,,Public domain. The BHL considers that this work is no longer under copyright protection.
Galictis vittata,"the expected species. The Amazonian manatee (Trichechus inunguis) was not registered in any of the sample sites and it was not recognized by any of the locals. In previous studies it has been considered as probable for the area. During overflights of the area, we observed many oxbow lakes close to the Galvez and Yaquerana rivers , therefore we continue to consider this species as potentially present.",46254188,,,Internet Archive,permatss162006vrie,Smithsonian Libraries and Archives,Spanish,https://www.biodiversitylibrary.org/permissions/,In Copyright. Digitized with the permission of the rights holder
Galictis vittata,"We observed 12 of 14 expected primate species, and after including information gathered from interviews, recorded all 14 expected species. This is a high number of primates for a rapid inventory, and high for the Amazon in general. Goeldi s marmoset, (Callimico goeldii), and the red uakari monkey (Cacajao calvus), were not recorded in any of the three inventoried sites, but the Matsés recognized both of them during our interviews. The Matsés report that Goeldi s marmoset (Callimico goeldit) is rare.",46254188,,,Internet Archive,permatss162006vrie,Smithsonian Libraries and Archives,Spanish,https://www.biodiversitylibrary.org/permissions/,In Copyright. Digitized with the permission of the rights holder
Galictis vittata,"We registered a total of eight carnivore species (50 of the expected) representing all of the families of the order. The jaguar (Panthera onca) was the most abundantly recorded feline species. Based on tracks found along a stream in Actiamé we also registered an ocelot (Leopardus pardalis), but only once. During interviews, the local inhabitants identified all of the members of the feline family, and all but one-the greater grison (Galictis vittata) -of the expected species from the Carnivore order. The neotropical river otter (Lontra longicaudis) was observed only in Actiamé.",46254188,,,Internet Archive,permatss162006vrie,Smithsonian Libraries and Archives,Spanish,https://www.biodiversitylibrary.org/permissions/,In Copyright. Digitized with the permission of the rights holder
Galictis vittata,"We inventoried 58 of the expected rodents and 33 of the expected marsupial species. The rodents belonged mostly to the Sciuridae, Agoutidae and Dasyproctidae families. The largest number of signs corresponded to the paca (Agouti paca). The pacarana (Dinomys branickit), uncommon in neotropical forests (Emmons and Feer 1997), was mentioned during interviews. In order to register more species from these orders, traps must be used.",46254188,,,Internet Archive,permatss162006vrie,Smithsonian Libraries and Archives,Spanish,https://www.biodiversitylibrary.org/permissions/,In Copyright. Digitized with the permission of the rights holder
Phyllostomus discolor,"Se capturaron en total 510 individuos correspondientes a 14 especies de las familias Phyllostomidae, Vespertilionidae y Emballonuridae con un esfuerzo total de captura de 688.6 horasmalla (horas totales mallas totales noches totales). Las especies tenidas en cuenta para este estudio pertenecen en su totalidad a la familia Phyllostomidae y conformaron el 90.98 de la abundancia total de la comunidad (Figura 1). Las dos especies más abundantes fueron S. lilium y G.",31568813,,,Internet Archive,boletindelasocie691998soci,Smithsonian Libraries and Archives,Spanish,https://biodiversitylibrary.org/permissions,In copyright. Digitized with the permission of the rights holder.
Phyllostomus discolor,"La dieta de las nueve especies frugívoras en estudio se conformó de frutos (82.3 ), insectos (7.65 ) y néctar-polen (10.05 ). La lista de los frutos de 12 especies vegetales recuperadas de las heces de los murciélagos frugívoros se incluye en la Tabla 1. G. longirostris y S. lilium, consumieron la mayor cantidad de frutos (nueve), y en conjunto abarcan el consumo de todos los frutos encontrados en las muestras, con excepción de Psidium sp. Les siguen en orden de consumo A. jamaicensis y A. lituratus (siete y cinco tipos de frutos, respectivamente), a su vez C. brevicauda se alimentó de cuatro tipos de fruto y C. perspicillata de tres. En las especies L. curasoae, G. soricina y M. megalotis se encontró el consumo de un único tipo de fruto.",31568813,,,Internet Archive,boletindelasocie691998soci,Smithsonian Libraries and Archives,Spanish,https://biodiversitylibrary.org/permissions,In copyright. Digitized with the permission of the rights holder.
Phyllostomus discolor,"AMPLITUD DE NICHO TROFICO. De las nueve especies encontradas con hábitos frugívoros, G. soricina, L. curasoae y M. megalotis presentaron una amplitud de nicho trófico igual a uno, que sugiere una dieta especializada por el consumo de un tipo de fruto, sin embargo, es importante tener en cuenta que este valor es afectado por el tamaño de muestra. Las otras seis especies se registraron dentro de un rango de Bi 2.14-6.13, que muestra una tendencia de estas especies hacia una dieta generalista (Tabla II).",31568813,,,Internet Archive,boletindelasocie691998soci,Smithsonian Libraries and Archives,Spanish,https://biodiversitylibrary.org/permissions,In copyright. Digitized with the permission of the rights holder.
Phyllostomus discolor,"336 La biodiversidad en Tabasco. Estudio de Estado. Vol. u Figura 2. El murciélago de bigote de Parnell (Pteronotus parnellii ) es una especie que captura insectos al volar entre las ramas o muy cerca de la vegetación dentro de las selvas. Foto: Luis Gerardo Avila-Torresagatón. nectarívoras, como el murciélago lengüetón de Underwood ( Hylonycteris underwoodi ) o el murciélago lengüetón de Godman ( Choeroniscus godmani ). También están presentes especies carnívoras, como el murciélago de labio verrugoso ( Tracbops cirrbosus ) o el murciélago de espada de Thomes ( Loncborhina aurita ); las hematófagas como el murciélago vampiro de patas peludas ( Dipbylla ecaudata ) o el murciélago vampiro común ( Desmodus rotundus ); y finalmente, la especie omnívora murciélago de lanza pálido (Pbyllostomus discolor ) y la ictiófaga murciélago pescador mayor ( Noctilio leporinus). Los diferentes recursos alimenticios consumidos por los murciélagos se relacionan estrechamente con la anatomía alar, especio aéreo y estrategias de vuelo, así como con la manera en que obtienen su alimento, es decir, los diferentes sistemas de orientación o ecolocación que utilizan. Esto quiere decir que el tipo de alimento consumido por cada especie se relaciona directamente con la ecomorfología alar y sistema de ecolocación particular de cada especie (Kalko 1997, Schnitzler y Kalko 1998, Sampaio et al. 2003, Giannini y Kalko 2004, Gongalves da Silva et al. 2008). Un ejemplo podría observarse al ocurrir en las selvas tabasqueñas especies como el murciélago de cola corta de Ceba ( Carollia perspicillata ), que consume las infrutescencias de la planta del momo u hoja santa (Píper sp.) al volar en el estrato herbáceo-arbustivo; mientras que otras especies, como el murcié lago frutero pigmeo ( Dermanura phaeotis ), el murciélago frutero tolteca (D. tolteca) o el murciélago de charreteras mayor ( Sturnira bondurensis ) vuelan en el sotobosque cerca al estrato arbustivo-arbóreo para consumir frutos del género Solanum. Al mismo tiempo, los murciélagos del género Artibeus de mayor talla como el murciélago frutero gigante (A. lituratus ) o el murciélago frutero de Jamaica (A. jamaicensis ) muestran tendencias preferenciales a frutos del género Cecropia o Ficus, mismos que suelen encontrarse en el dosel de las selvas (Gongalves da Silva et al. 2008). Han sido desarrollados pocos estudios sistemáti cos en las selvas tabasqueñas, aun cuando se sabe que los murciélagos son elemento clave para la regeneración de selvas fragmentadas por actividades humanas (Galindo-González et al. 2000). Esto abre la posibilidad de explorar acerca de la preferencia alimentaria y efecto de la dispersión de semillas por murciélagos frugívoros en el estado. En el caso particular de los murciélagos insectívoros de Tabasco, y de acuerdo con la combinación del tipo y área de vuelo, estrategias de forrajeo y de sistema de ecolocación, las especies de murciélagos forman cuatro grupos: Insectívoros aéreos de vegetación. Capturan sus presas entre la vegetación; por ejemplo, el murciélago orejas de embudo mexicano ( Natalus mexicanus ) o el murciélago de bigote de Parnell (Pteronotus parnelliO. Insectívoros aéreos de sustrato. Apresan insectos volando al ras del dosel, como el murciélago de barba arrugada norteño ( Mormoops megalopbylla, figura 3) o el murciélago de lomo pelón menor (Pteronotus davyi). Insectívoros de sustrato. Toman sus presas de las ramas o del suelo; por ejemplo, el murciélago de oreja redonda brasileño ( Lophostoma brasiliense, figura 4) o el murciélago orejón brasileño (Micronycteris microtis). Insectívoros aéreos. Capturan sus presas a grandes alturas y en espacios abiertos, se les reconoce como controladores naturales de insectos plagas; por ejemplo, el murciélago con bonete de Underwood ( Eumops underwoodi ), el murciélago mastín de Pallas ( Molossus molossus ), o el murciélago mexicano de cola suelta brasileño (Tadarida brasiliensis). DISTRIBUCION GRATUITA. PROHIBIDA SU VENTA",59873853,v.2 (2019),2019.0,Internet Archive,biodiversidadenv220cruzd,Comisión Nacional para el Conocimiento y Uso de la Biodiversidad (CONABIO),Spanish,http://biodiversitylibrary.org/permissions,In copyright. Digitized with the permission of the rights holder.
Transandinomys talamancae,"RECORDED MONOLOGsS: From May to July of 1998 we elicited monologs about the natural history of local mammals from hunters at four Peruvian Matses villages, and we recorded these interviews on digital minidisk. All monologs were recorded in the Matses language. To elicit these texts, informants were asked to talk about a single mammalian folk taxon (e.g., kaksi the pygmy squirrel ), which was mentioned only once by the interviewer (D.W.F.). Informants were asked to say as much as they liked about any topic relating to the taxon in question (see Voss and Fleck, 2017: appendix 1 for a free English translation of a recorded monolog about armadillos). Each informant s monologs were recorded with no other adults present to achieve independence of response. For each taxon, the interview was replicated a total of seven or eight times with different informants. These recordings were subsequently transcribed and translated by D.W.E and literate Matses assistants. The texts were then checked with speakers other than the narrators to obtain second opinions on the validity of some of the less commonly asserted natural history details.",63533042,466,2024.0,Internet Archive,mammaliandivers466voss,American Museum of Natural History Library,English,http://biodiversitylibrary.org/permissions,In copyright. Digitized with the permission of the rights holder.
Transandinomys talamancae,"PLANT IDENTIFICATIONS: Most of the plants mentioned by the Matses in their monologs were identified by various means. Palms were collected by D.W.E in 1998 and 1999 from the area surrounding Nuevo San Juan with the help of Matses assistants, who named the palms while in the forest (before plant specimens were collected). Palm specimens were subsequently identified using published identification guides (Henderson, 1994; Henderson et al., 1995), and voucher material was deposited at the herbarium of the Museo de Historia Natural de la Universidad Nacional Mayor de San Marcos (Lima) and in the New York Botanical Garden (New York). Other plants, particularly dicotyledonous trees, were identified by D.W.F and two Matses assistants at the arboretum of the Instituto de Investigaciones de la Amazonia Peruana. This arboretum is maintained at the Centro de Investigaciones Jenaro Herrera, a forestry research station located about 80 km NW of Nuevo San Juan, where Swiss botanists had previously identified all trees 10 cm at breast height (Spichiger et al., 1989, 1990). Plants and trees in the proximity of Nuevo San Juan were also identified by D.WE. using identification keys in Gentry (1993).",63533042,466,2024.0,Internet Archive,mammaliandivers466voss,American Museum of Natural History Library,English,http://biodiversitylibrary.org/permissions,In copyright. Digitized with the permission of the rights holder.
Transandinomys talamancae,"2006 WEKSLER ET AL.: TEN NEW ORYZOMYINE GENERA 21 nomys. The accessory root(s) that are usually present on ml in Nephelomys are apparently never developed in Transandinomys. Due to morphological variation among con generic taxa (as noted above in this account and below in the account that follows), con sistent differences between Nephelomys and Transandinomys are not apparent in any other characters that we have been able to score in all member species. However, the poten tially diagnostic value of preputial morpholo gy deserves future study. Among the material dissected by Voss and Linzey (1981), a single pair of large preputial glands was found in Transandinomys talamancae (represented by their Panamanian specimens of Oryzomys capito ), but no macroscopic preputial glands were detected in Nephelomys devius (repre sented by their specimens of Oryzomys albigularis ); unfortunately, no additional species from either genus were included in that study and none have been dissected by other investigators. Remarks: All of the taxa that we refer to Nephelomys were treated as synonyms or subspecies of Oryzomys albigularis by Hershkovitz (1944: 72) and Cabrera (1961: 380-383), but subsequent karyotypic and morphological research has shown that most of these are valid species (Gardner and Patton, 1976; Patton et al., 1990; Aguilera et al., 1995; Marquez et al., 2000; Percequillo, 2003). Of the characters that Weksler (2006) identified as unambiguous synapomorphies of O. albigularis O. levipes, only the divided anterocone of Ml seems to be exhibited consistently by other species of Nephelomys. Although no additional analytic results are currently available to support generic monophyly, we are not aware of any evidence that contradicts this hypothesis. Etymology: From nephele (Greek for clouds or mist), in reference to the cloudforest habitat of these montane species. Oreoryzomys, new genus Type Species: Oryzomys balneator Thomas, 1900. Contents: balneator Thomas, 1900 (in cluding hesperus Anthony, 1924). Distribution: In humid montane ( cloud ) forest on the Andean slopes of southern Ecuador and northern Peru. Morphological Diagnosis: Dorsal pelage dark olive-brown; ventral pelage abruptly paler (superficially whitish or yellowish), but ventral hairs mostly gray-based (a few specimens have irregular gular and or pectoral patches of selfwhitish fur). Pinnae small, not reaching eye when laid forward. Mystacial vibrissae extend ing posteriorly beyond caudal margins of pinnae when laid back against cheeks; super ciliary vibrissae shorter, not extending to caudal margins of pinnae when laid back. Pes with conspicuous tufts of long ungual hairs at bases of claws on dll-dV; plantar surface covered with distinct squamae distal to thenar pad; hypothenar pad present and distinct; claw of dl extends to middle of phalange 1 of dll; claw of dV extends to first interphalangeal joint of dIV. Tail unicolored (all-dark) or indistinctly bicolored basally, much longer than combined length of head and body. Skull with short, narrow rostrum flanked by shallow zygomatic notches; interorbital region hourglass shaped, with rounded supraorbital margins; braincase rounded and globose, without temporal, lambdoidal, or nuchal crests. Posterior margin of zygomatic plate usually anterior to Ml alveolus. Jugal absent (maxillary and squamosal zygomatic processes in contact). Nasals extending posteriorly beyond lacrimals; lacrimals small, equally sutured to maxillary and frontal bones. Frontosquamosal suture usually colinear with frontoparietal suture. Parietals with or with out small lateral expansions. Incisive foramina short, sometimes extending posteriorly to but not between Ml alveoli, and widest posteri orly (with anteriorly convergent lateral mar gins). Posterolateral palatal pits large and recessed in shallow fossae; mesopterygoid fossa extending anteriorly between maxillae but not between molar rows; bony roof of mesopterygoid fossa usually perforated by narrow sphenopalatine vacuities (the type of balneator has a completely ossified mesopter ygoid roof). Alisphenoid strut absent (bucci nator-masticatory foramen and accessory foramen ovale confluent). Stapedial foramen, squamosal-alisphenoid groove and spheno frontal foramen present ( carotid circulatory",59816725,,,Internet Archive,tennewgeneraory00weks,American Museum of Natural History Library,English,http://biodiversitylibrary.org/permissions,In copyright. Digitized with the permission of the rights holder.
Transandinomys talamancae,"Identification. Dorsal fur short (8-10 mm) and thick, orange-brown . Ventral coat whitish but with gray base. Tail slender and bicolored, dark above and whitish below. Tail equal to or slightly longer (119325 mm) than the length of the head-body (120-132 mm), bare in appearance but finely covered with small hairs. Cranium has narrow interorbitals and poorly developed supraorbital ridges, short incisive foramina. Zygomatic plate wide and excavated. Deep zygomatic notch.",64171121,72,2023.0,Internet Archive,bonnzoologicalbv72izoola,Smithsonian Libraries and Archives,English,https://biodiversitylibrary.org/permissions,In copyright. Digitized with the permission of the rights holder.
Transandinomys talamancae,"Identification. Length of head and body 276 mm and the length of the tail (205 mm). Length of hind legs 65 mm: length of ears 25 mm; weight 450 g. Dorsal color dark reddish brown , splashed with black, and sides only slightly paler to contrast with uniformly white belly. Tail dark brown above and pale below. Tail lined with sparse, elongated hairs. Dorsal coat stiff to the touch. Spines long (21 mm), wide (0.9). Each aristiform ends in an elongated and filamentous tip. Skull large (greatest skull length 65.8 mm). Species uniquely characterized among spiny rats by their well-developed temporal ridges extending from supraorbital ledge across length of parietals.",64171121,72,2023.0,Internet Archive,bonnzoologicalbv72izoola,Smithsonian Libraries and Archives,English,https://biodiversitylibrary.org/permissions,In copyright. Digitized with the permission of the rights holder.
Transandinomys talamancae,"Identification. Small, head-body length 107 mm. Hair smooth and long (9 mm). Back orange, with gray base. Belly white, contrasting with back . Tail not so long (125 mm) in comparison to head-body length (116 ), and with a small 6 mm brush at its tip. Skull with short rostrum, narrow interorbital with finely beaded supraorbital ledges . Temporal ridges weakly defined. Zygomatic plates narrow and dorsal notches shallow. Incisive foramina relatively short and wide, their posterior margins do not reach the anterior margin of the first molars. Alisphenoid strut present, and wide. Ectotympanic bulla small, exposing much of the medial periotic. Dentary with small incisor tubercle.",64171116,72,2023.0,Internet Archive,bonnzoologicalbv72izoola,Smithsonian Libraries and Archives,English,https://biodiversitylibrary.org/permissions,In copyright. Digitized with the permission of the rights holder.
Tanyuromys aphrastus,"The diploid number of D. albimaculatus corroborates the pattern found for the majority of the Oryzomyini species, in which karyotypes present relatively high chromosome number and predominantly acrocentric pairs. The typical heterochromatic pattern of sex chromosomes is also found in most of the oryzomyine species and it is an essential condition for the recognition of the Y .",64283743,303,2013.0,Virtual Item,vi210914v303201320250323010419,Pensoft Publishers,English,https://biodiversitylibrary.org/permissions,In copyright. Digitized with the permission of the rights holder.
Tanyuromys aphrastus,"A compilation of karyological studies in representative species of clade D is presented in Table 1. Notably, cytogenetic data in Oryzomyini has increased considerably in the last decades, mainly because the karyotype has become a valid tool for identifying species of this group. Although several species still remain without karyotypic information (e.g., Eremoryzomys polius, Tanyuromys aphrastus, Nesoryzomys swarthy), the diploid number within clade D varies from 16 in Nectomys palmipes (Barros et al. 1992) to 62 in D. albimaculatus. As D. albimaculatus exhibited the highest diploid number reported hitherto and diverged early in clade D, karyotype evolution in this clade based on the phylogeny , apparently exhibits a trend toward a decrease in the diploid number. This hypothesis could imply chromosomal plasticity in low 2n ratios as suggested by Gardner and Patton (1976). In this sense, tandem fusions have perhaps played significant role in clade D, resulting in the lower diploid numbers. Robersonian rearrangements could have occurred in this group as well, since some species of clade",64283743,303,2013.0,Virtual Item,vi210914v303201320250323010419,Pensoft Publishers,English,https://biodiversitylibrary.org/permissions,In copyright. Digitized with the permission of the rights holder.
Leptotrygon veraguensis,"Daniel M. Brooks 232 Bull. B.O.C. 2014 134(3) Courtship display of Rufous-breasted (Chiriqui) Quail-Dove Zentrygon chiriquensis by Daniel M. Brooks Received 3 December 2013 Rufous-breasted (Chiriqui) Quail-Dove Zentrygon chiriquensis is endemic to the highlands (300-3,100 m) of Costa Rica and western Panama (Kirwan 2010). It is a relatively little-known species, with natural history accounts containing large gaps in knowledge (e.g., Baptista et al. 1997, Gibbs et al. 2001, Kirwan 2010, BirdLife International 2013). Similarly, little (Gibbs et al. 2001) to no information (Baptista et al. 1997) exists in general Columbidae synopses regarding components of the courtship display in Geotrygon and Zentrygon. Banks et al. (2013) split the genus Geotrygon into three groups based on genetic data. These are: (1) the nine species of Geotrygon (Indigo-crowned purpurata, Sapphire saphirina, Crested versicolor, Ruddy montana, Violaceous violacea, Grey-fronted caniceps, White-fronted leucometopia, Key West chrysia and Bridled Quail-Doves mystacea), (2) Olive-backed QuailDove Leptotrygon veraguensis, and (3) eight species in the newly proposed Zentrygon (Tuxtla carrikeri, Buff-fronted costaricensis, Purplish-backed lawrencii, White-faced albifacies, Whitethroated frenata, Lined linearis, Russet-backed chiriquensis and Russet-crowned Quail-Doves goldmani). However, no information was provided on how these species are related morphologically or behaviourally. Behavioural characters comprising innate fixed-action patterns can be used to help elucidate avian phylogenies. Studies utilising behavioural characters to elucidate relationships among birds have been undertaken at specific (Gaucher et al. 1996), generic (Garcia Brooks 2007), familial (Archibald 1976, Hughes 1996) and ordinal (Kennedy 1996) levels. The purpose of this note is to describe the heretofore unknown courtship display of Z. chiriquensis, and to determine its phylogenetic context in light of recent data (Banks et al. 2013). Data were collected anecdotally from observations of a male housed outdoors in the subtropical climate of Houston, Texas (housing and feeding described in Brooks 2010). The bird (banded DWA 515 right leg) was on loan for two years (29 September 2010-24 September 2012) from the Dallas World Aquarium (DWA), Texas. The male cohabited with a female conspecific from its arrival until 18 November 2010, and again from 26 February 2011 until both were returned to DWA. Birds were recently descended from stock imported Fi g ure 1Courtship display of Rufous-breasted . . , (Chiriqui) Quail-Dove Zentrygon chiriquensis. Solid from Chiriqui province (Panama), and were line normal position dashed ine courting position naturally reared by, and with, conspecifics with head bobbing downwards as tail is raised to ensure natural behaviour. (drawing by Beverly Garland) 2014 The Authors; Journal compilation 2014 British Ornithologists' Club",56214037,134,2014.0,Internet Archive,bulletinofbritis1343unse,"Natural History Museum Library, London",English,http://biodiversitylibrary.org/permissions,In copyright. Digitized with the permission of the rights holder.
Dermanura watsoni,"The fifth study site (10 01'N, 84 07'W), at 2,050 m, was situated in an abandoned pasture 5 km east of Vara Blanca. Traps and mist nets were placed in the nearby primary forest along the main trail and along a small stream. Landslides seemed common at this elevation, probably caused by unstable soils, steep slopes, and high rainfall. Key tree species at this elevation again included Ocotea austinii and Quercus corrugata.",45625123,,,Internet Archive,mammalsoflaselva75timm,"U.S. Department of Agriculture, National Agricultural Library",English,,Not provided. Contact Holding Institution to verify copyright status.
Dermanura watsoni,"We used a guard station located 2 km north and 0.5 km east of Sacramento for camp at 2,600 m. It is on the Pacific side of Volcan Barva, and the nearby habitats are mostly pasture and several successional stages of forest. This site is within the montane rain forest life zone. Key tree species included Drymys winterii and Quercus costaricensis. Traps and mist nets were set along the road and in pastures found between forest patches.",45625123,,,Internet Archive,mammalsoflaselva75timm,"U.S. Department of Agriculture, National Agricultural Library",English,,Not provided. Contact Holding Institution to verify copyright status.
Dermanura watsoni,"The La Selva Biological Station is the field station of the Organization for Tropical Studies located 3 km south of Puerto Viejo de Sarapiqui (10 27'N, 84 00'W); elevation ranges from 35 to 135 m. Mean annual rainfall is 3,990 mm, with the wettest months being November, December, and February; mean monthly temperatures range from 24.5 C (December) to 26.1 C (April). La Selva lies within the tropical wet forest zone and grades into tropical premontane wet forest, with lowland evergreen forest the dominant forest type. Vegetation and habitat types of La Selva have been described by Slud (1960), Holdridge et al. (1971), Sawyer and Lindsey (1971), Hartshorn (1983), D. Lieberman et al. (1985), and M. Lieberman et al. (1985). One unusual feature of the subcanopy of the La Selva forest is the diversity and abundance of dwarf palms (Hartshorn 1983), especially the broad-leaved species, Geonoma congesta and Asterogyne martiana. The fruits and seeds of these palms serve as food for small mammals and the leaves are used by Dermanura watsoni for tent construction. The forest at La Selva is complex with perhaps as many as 400 species of trees; however, Pentaclethra macroloba (Mimosaceae) is the dominant tree species. Because of possible errors in identification by untrained observers, logbook notations from La Selva were screened by us. We have included only those reports that we believe to be reliable, unless otherwise discussed in the species accounts.",45625123,,,Internet Archive,mammalsoflaselva75timm,"U.S. Department of Agriculture, National Agricultural Library",English,,Not provided. Contact Holding Institution to verify copyright status.
Dermanura watsoni,"The common name is something of a misnomer, as these bats are more frequently caught at middle elevations than in the lowlands. A variety of forested habitats are inhabited, including dry forest. Known roosts include caves, tunnels, buildings, and foliage (Tuttle 1976). Dinerstein (1986) listed the fruit of 17 species of plants in the diet of this species at Monteverde, Costa Rica. Births are spread through much of the year in Mexico, and the usual bimodal polyestrous pattern was confirmed by Dinerstein (1986). Biology of this bat was summarized by Webster and Jones (1982b).",45359304,,,Internet Archive,northamer737519811983unit,Smithsonian Libraries and Archives,English,,Public domain.. The BHL considers that this work is no longer under copyright protection.
Dermanura watsoni,"Although common in a variety of habitats, this species normally is restricted to forested areas. It seems to be absent from the drier parts of Costa Rica and of Central America in general. This is another species of tent-making bat, modifying large leaves to provide roosting sites (Timm 1987). They are primarily frugivorous (Gardner 1977). The reproductive pattern is bimodal polyestry (Fleming et al. 1972).",45359304,,,Internet Archive,northamer737519811983unit,Smithsonian Libraries and Archives,English,,Public domain.. The BHL considers that this work is no longer under copyright protection.
Dermanura watsoni,"well-conserved areas in the sites in which they forage and live, maintaining themselves fragile to the changes of their habitats (Emmons and Feer 1997). In accordance with Vela-Vargas and Pérez-Torres (2012), we identified that the Tropical Dry Forest in Ceguaca is undergoing deforestation, as well as in Dry Forests of Colombia, due to two main reasons: (1) fragmentation of the forest for crops of Zea mays, and (2) extensive livestock around remnants of Tropical Dry Forests.",64473665,30,2019.0,Virtual Item,vi211047v30201920250323011001,Pensoft Publishers,English,https://biodiversitylibrary.org/permissions,In copyright. Digitized with the permission of the rights holder.
Dermanura watsoni,"Little fruit-eating bats are known from Jalisco and Tamaulipas, Mexico, to Bolivia . Dermanura hartii is a monotypic species exhibiting little geographic variation throughout its extensive range. The generic placement, however, has been the subject of much debate. This species has been considered to be the sole member of the genus Enchisthenes, a member of the overly inclusive genus Artibeus, and most recently a member of the genus Dermanura (Owen 1987).",45359302,,,Internet Archive,northamer737519811983unit,Smithsonian Libraries and Archives,English,,Public domain.. The BHL considers that this work is no longer under copyright protection.
Dermanura watsoni,"Pygmy fruit-eating bats are found from Sinaloa and Veracruz, Mexico, south throughout Central America and much of northern South America to Peru . Two subspecies are known from Costa Rica, the nominate form from the Caribbean versant, and Dermanura phaeotis palatina from northwestern Costa Rica. This is an abundant species in Costa Rica and at La Selva, although probably not as abundant there and in many other areas as is D. watsoni. These two species are similar in appearance and are often misidentified, both in the field and in museum collections.",45359302,,,Internet Archive,northamer737519811983unit,Smithsonian Libraries and Archives,English,,Public domain.. The BHL considers that this work is no longer under copyright protection.
Dermanura watsoni,"Pygmy fruit-eating bats are found in lowland forested areas, both wet and dry (Timm 1985). They modify both banana and Heliconia leaves to form tents for roosting sites (Timm 1987). Primarily frugivorous, they occasionally take pollen as well, and have been reported to feed on 11 different species of plants in Costa Rica (Heithaus et al. 1975). The reproductive pattern is one of bimodal polyestry (Timm 1985).",45359302,,,Internet Archive,northamer737519811983unit,Smithsonian Libraries and Archives,English,,Public domain.. The BHL considers that this work is no longer under copyright protection.
Dermanura watsoni,"Although Dermanura phaeotis are common in Costa Rica, specimens have been confused under a variety of names in the past. LaVal and Fitch (1977) reported that this was one of the most common species of bats they captured at La Selva. We caught only two individuals in Parque Nacional Braulio Carrillo.",45359302,,,Internet Archive,northamer737519811983unit,Smithsonian Libraries and Archives,English,,Public domain.. The BHL considers that this work is no longer under copyright protection.
Dermanura watsoni,"OWEN-PHYLOGENETIC ANALYSES OF STENODERMATINAE 47 A. jamaicensis, A. lituratus, and A. toltecus in the form of a chromosomal sex-determining mechanism. Straney et al. (1979) presented electrophoretic analyses of several phyllostomid bats that suggested Artibeus might be polyphyletic. Koop and Baker (1983), analyzing 22 electrophoretic loci, found apparent diphyly in Artibeus, with A. concolor and A. jamaicensis separate from the four small Artibeus species examined in the study. They also noted that A. concolor and A. jamaicensis were separated by relatively large genetic distance. The results of my morphologic analyses strongly indicate that Artibeus, as presently understood, is a polyphyletic assemblage . The large species constitute a natural group, which includes the populations recognized under the names A. inopinatus, A. hirsutus, A. jamaicensis, A. planirostris, A. fraterculus, A. intermedius (and presumably A. lituratus), as well as the Paraguayan taxon referred to in this study as A. fimbriatus. These bats should continue to be referred to under the generic name Artibeus. The second natural group of Artibeus bats includes the species now recognized under the names A. watsoni, A. glaucus, A. toltecus, A. cinereus, A. phaeotis, A. aztecus, and A. anderseni, and possibly also Enchisthenes hartii and A. concolor. The oldest available generic name for this group is Dermanura Gervais 1855, and I recommend this name be applied to these bats at the generic level. Specific names ending in us would be changed to agree: D. glauca, D. tolteca, D. cinerea, and D. azteca. As pointed out above, the relationships of A. ( Enchisthenes ) hartii and A. concolor to the Dermanura bats are yet unclear. Koop and Baker (1983) and Tandler et al. (1986), for instance, noted that A. concolor is unlike the other species of Artibeus used in their studies. The generic validity of Enchisthenes has been in dispute since Andersen (1906) removed if from Artibeus, under which it was originally described. In the interest of stability I follow recent authors (for example, Koopman 1978; Jones and Carter, 1979; Anderson et al., 1982), who have not recognized Enchisthenes at the generic level. Thus, until additional evidence is available, I suggest applying the name Dermanura to both hartii and concolor, as well as the other species listed above. The name combinations for the affected species thus would be Dermanura hartii, Dermanura concolor, Dermanura watsoni, Dermanura glauca, Dermanura tolteca, Dermanura cinerea, Dermanura phaeotis, Dermanura azteca, and Dermanura anderseni. See Appendix V for additional nomenclatorial comments concerning taxa referable to Demanura. Within the reduced genus Artibeus, the question remains of the relationships and possible conspecific status of the South American taxa. My results suggest, but do not confirm, that neither A. planirostris nor A. fraterculus is conspecific with A. jamaicensis, and that A. hirsutus and A. inopinatus are not conspecific, as has been suggested (Honacki et al., 1982). My results strongly indicate that A. fuliginosus is specifically",55010698,26,1987.0,Internet Archive,phylogeneticana26owen,Museum of Texas Tech University,English,http://biodiversitylibrary.org/permissions,In copyright. Digitized with the permission of the rights holder.
Dermanura watsoni,"This species occurs primarily in highlands, although there are scattered records from the lowlands. It occurs in a variety of types of forests ranging from dry to quite humid (Handley 1976). Roosting sites have not been reported. Gardner (1977) summarized the feeding habits and suggested figs were an important component of the diet. The few data available on reproduction suggest a bimodal pattern (Wilson 1979).",45625181,,,Internet Archive,mammalsoflaselva75timm,"U.S. Department of Agriculture, National Agricultural Library",English,,Not provided. Contact Holding Institution to verify copyright status.
Dermanura watsoni,"Engilis et al.-Mammals of Maya Mountains, Belize 9 Diagnosis. -This specimen was identified to D. tolteca due to its deeply incised interfemoral mem brane, coupled with a forearm of 40 mm and maxillary tooth row of 6.69 mm (Hall 1981). Cranial and tooth row measurements of this specimen also align well with those reported from Honduras and Guatemala (Davis 1969). We include this species in the genus Dermanura following genetic relationships separat ing small Artibeus bats from larger species (Redondo et al. 2008). Dermanura watsoni Thomas 1901 Thomas s Fruit-eating Bat Specimens examined. -One adult female (WFB 4244) and one adult male (WFB 4275) were captured and kept as voucher specimens. WFB 4244 contained one embryo. WFB 4244 was captured in forest edge near the Las Cuevas Research Station and WFB 4275 was netted at the edge of a primary rainforest pool. Diagnosis. -This is a small bat with a broad, continuous uropatagia encompassing both legs and the terminal edge hairless (unlike D. tolteca). Both specimens lacked a third molar on the maxillary tooth row. Facial stripes were evident on fresh animals; these were somewhat obscured after the specimens dried. We include this species in the genus Dermanura following genetic relationships separating small Artibeus bats from larger species (Redondo et al. 2008). Centurio senex Gray 1842 Wrinkle-faced Bat Specimen examined. -One adult female was collected (WFB 4273). No embryos or placental scars noted. This specimen was captured one meter above the ground in a mist net set at the edge of a rainforest pool. The characteristic facial pattern and folds quickly disappeared after the specimen dried. ORDER RODENTIA Family Heteromyidae Heteromys desmarestianus Gray 1868 Desmarest s Spiny Pocket Mouse Specimens examined. -Fifty-three individuals were captured of which 18 (7 males and 11 females) were kept as voucher specimens (Appendix). All of the adults were determined to be reproductively active. The males all had scrotal testes and the females were lactating. Two of these females contained embryos. Several exhibited sharply defined molt lines. Diagnosis. -Two species of Heteromys are re ported from Belize, H. desmarestianus and H. gaumeri (Kirkpatrick and Cartwright 2006). The latter is a smaller, lowland species restricted to northern Belize and associated with Yucatan semi-evergreen forest (Schmidt et al. 1989; Bersot 2003). Our specimens were assigned to H. desmarestianus based on two key external characters, lacking hair on the posterior portion of the sole of the hind foot, and possessing a sparsely haired tail lacking a penicillate tail tip (Schmidt et al. 1989). Our measurements, external and cranial, fall within the range reported by Rogers and Schmidly (1982). Remarks. -This species was the most abundant rodent of the forest floor. It was not captured in open habitats, but preferred forest interior. Typical localities included tree falls or debris piles shaded by an over story. We captured higher numbers in closed forest tracts (Aguada site) than recovering logged sites or edge (Millionario and Monkey Tail) (Fig. 1; Table 1). We had no captures at the more recently logged San Pastor site. These findings might suggest that this species may be susceptible to logging activities. One specimen was obtained in the kitchen of the research station. Another partial specimen was found in regurgitation from a jaguar ( Panthera onca) (fresh tracks were associated with the regurgitated rodent). Family Cricetidae Oligoryzomys fulvescens (Saussure 1860) Fulvous Colilargo Specimens examined. -One adult male was captured in a pitfall trap along Aguada Creek and vouchered (WFB 4230). The animal had scrotal testes indicating it was reproductively active. Handleyomys alfaroi (J.A. Allen 1891) Alfaro s Rice Rat Specimens examined. -Nine males and five females were captured and kept as voucher specimens (Appendix). Three were taken from pitfall traps along",57759782,308,2012.0,Internet Archive,smallmammalsurv308engi,Museum of Texas Tech University,English,http://biodiversitylibrary.org/permissions,In copyright. Digitized with the permission of the rights holder.
Vampyriscus nymphaea,"2014 TAVARES ET AL.: SYSTEMATICS OF VAMPYRESSA 3 TABLE 1. Historical taxonomy and contents of Vampyressa and Vampyriscus departing from the split into three subgenera proposed by Peterson (1968). Peterson (1968) a Davis (1975) a Lim et al. (2003) e Arroyo-Cabrales (2008a, b) f Vampyressa b melissa Vampyressa b melissa Vampyressa b melissa Vampyressa melissa Vampyressa b pusilla pusilla c Vampyressa b pusilla Vampyressa b p us m a Vampyressa pusilla Synonym: Synonym: Synonym: natteri d nattereri nattereri thyone? Vampyressab thy 0ne Vampyressa thyone Synonyms: Synonyms: Synonyms: minuta minuta minuta venilla venilla venilla Metavampyressa b brocki Vampyriscus b brocki Vampyriscus b brocki Vampyriscus brocki Metavampyressa b nymphaea Vampyriscus b nymphaea Vampyriscus b nymphaea Vampyriscus nymphaea Vampyriscus b bidens Vampyriscus b Jjid ens Vampyriscus b yi ens Vampyriscus bidens a Classification based on morphology. b Subgenus of Vampyressa. c Subspecies of V. pusilla. d Incorrect spelling of Vampyressa nattereri Goodwin (1963: 16). e Classification based on morphology and mtDNA data. f The classification followed by this paper; supported by the molecular studies of Baker et al. (2003), Hoofer and Baker (2006), and Hoofer et al. (2008). Herein, we report on our systematic study of these specimens previously identified as melissa. In addition, we provide a restricted diagnosis of the genus Vampyressa , a diagnosis and revised description of melissa, and descriptions of two previously undescribed species of Vampyressa. MATERIAL AND METHODS External and craniodental characters are based mainly on, but not restricted to, those defined by Tavares (2008) and Wetterer et al. (2000). Other anatomical features are derived from Giannini et al. (2006) and Giannini and Simmons (2007), or are described as follows: Accessory cusp near apex of upper canine. A small cusp at the apex of the mediolateral ridge forming the lingual border of the longitudinal sulcus on posterior crown of upper canines. In most stenodermatines, the mediolateral ridge is complete to the tip of the canine. In Vampy ressa (and Mesophylla) the mediolateral ridge is incomplete and terminates as a small subapical step on the posterointernal crown of the canine. Ectophylla has a similar accessory subapical cusp, which differs in that it is thicker and is at the apex of both the mediolateral and a second ary ridge along the lingual surface of the upper canine (Tavares, 2008: chars. 191 and 192). Accessory medial foramen. A small foramen located either in the septum (medial flange of the palatine process of the premaxilla) separating incisive foramina, or located in the midline between premaxillae anterior to the incisive foramina. In all Vampyressa examined, this fora men is in the septum (illustrated herein).",58828860,,,Internet Archive,systematicsvamp00tava,American Museum of Natural History Library,English,http://biodiversitylibrary.org/permissions,In copyright. Digitized with the permission of the rights holder.
Vampyriscus nymphaea,"2014 TAVARES ET AL.: SYSTEMATICS OF VAMPYRESSA 15 TABLE 4. External and craniodental measurements of the type series of Vampyressa sinchi, sp. nov. Measure ments are in millimeters, except weight, in grams. Character Holotype FMNH 114028 Paratype MHNUC 1514 Paratype IAvH 22826 Weight 16 g TL 70 70 68 HF 13 11 11.6 E 17 18 FA 40.5 41.5 39.1 METIII 40.0 38.0 39.0 METIV 38.2 38.6 37.9 METV 38.9 40.3 38.8 TiL 15.0 15.9 15.1 GLS 23.7 23.6 23.3 CIL 22.7 22.3 21.9 CCL 22.0 21.6 21.3 PB 5.3 5.3 5.5 IB 6.3 5.6 6.0 MB 11.2 11.4 10.8 ZB 14.2 14.8 13.9 MTRL 7.6 7.5 7.7 MANDL OO bo 8.7 8.7 canine (c) has a well-developed posterior cingulum; p2 strongly resembles the lower canine, although less than half its size; p4 has a ridge along the posterior crown of the major cusp that extends across the heel of the tooth to the posterior cingulum, but lacks a discrete posterolabial cuspulid (figs. 6B, 7A). The first upper molar (Ml) has a relatively well-developed protocone, paracone, and smaller metacone. The second upper molar (M2) has a rudimentary protocone, a muchreduced metacone, and a small protoconule behind the large paracone. The first lower molar (ml) is quadrate in occlusal outline, with a large protoconid and a small blunt hypoconid. The second lower molar (m2) has a long metaconid that is twice the size of the protoconid and a large, L-shaped (bladelike) entoconid approximately the same size as the metaconid. Thomas (1926: 1) commented on the lower molars of V. melissa : Its ... peculiarly shaped ml, and the unusual development of the characteristic cusps on m2 all readily distinguish it from the other species of the genus . A small peglike m3 is present. Comparisons: Previously, V. melissa was compared with presumed congeners Vampyriscus bidens and V. nymphaea. Goodwin (1963: 23), for example, briefly redescribed the holotype of V. melissa and commented that the skull was about like that of Vampyriscus nymphaea but more robust. However, these two taxa along with Vampyriscus brocki are not species of Vampy ressa and need not be compared herein (see diagnosis for Vampyressa ).",58828848,,,Internet Archive,systematicsvamp00tava,American Museum of Natural History Library,English,http://biodiversitylibrary.org/permissions,In copyright. Digitized with the permission of the rights holder.
Vampyriscus nymphaea,"2 Special Publications, Museum of Texas Tech University Introduction The tropical forests of the western versant of the Ecuadorian Andes are remarkably important for issues pertaining to biodiversity and conservation (Myers et al. 2000). The western versant includes tropical rain forests of the Choco-Darien humid ecosystem and a deciduous northern extension of the Peruvian-Chilean coastal dry forest (Hershkovitz 1958; Baker 1967; Gentry 1986, 1992; Marquet 1994). These forests are bordered on the west by the Pacific Ocean and on the east by the Andes Mountains (Ceron et al. 1999). The combination of these geographic features has produced multiple unique ecological formations in western Ecua dor that support many endemic species (Gentry 1986; Parker and Carr 1992; Lynch and Duellman 1997; Sierra 1999; Gardner 2008 ). Western Ecuador has been categorized as a hotspot for conservation activities because risk of extinction is high for many endemic species (Dodson and Gentry 1991; Myers et al. 2000; Schipper et al. 2008). The tropical region of northwestern Ecuador has one of the highest rates of deforestation, at -4.0 per annum, and thousands of hectares of primary for est have been destroyed for use by timber and oil palm industries in the last 50 years (Dodson and Gentry 1991; Myers 1993; Sierra-Maldonado 1996; Rudel 1999). Only fragments of pristine tropical rain forest near southern Colombia remain unaltered. Several surveys have focused on the richness and endemism for groups such as plants, birds, frogs, and mammals in northwestern Ecuador (i.e., Dodson and Gentry 1991; Parker and Carr 1992; Lynch and Duellman 1997; Jarrin-V. and Fonseca-N. 2001; Ander son and Jarrin-V. 2002; Albuja and Mena-Valenzuela 2004). The reports published by Allen (1916), Brosset (1965), Albuja (1999), and Albuja and MenaValenzuela (2004) provide a baseline of information on diversity, distribution, taxonomy, and systematics of bats occurring west of the Ecuadorian Andes. The most recent revisions recognized the presence of seven families, 53 genera, and 95 species of bats (Albuja and Arcos 2007; Tirira 2007). Recently, several new species of bats have been described from western Ecuador including Lophostoma aequatorialis (Baker et al. 2004), Lonchophylla chocoana (Davalos 2004), Anourafistulata (Much ha la et al. 2005) , Lonchophylla orcesi (Albuja and Gardner 2005), Platyrrhinus albericoi, P. ismaeli , and P. matapalensis (Velazco 2005), Sturnira koopmanhilli (McCarthy et al. 2006), Lonchophylla cadenai (Woodman and Timm 2006) , Micronycteris giovanniae (Fonseca et al. 2007), Lonchophylla fornicata (Woodman 2007), Eumops wilsoni (Baker et al. 2009), and Platyrrhinus nitelinea (Velazco and Gardner 2009). Furthermore, Balantioptetyx infusca (Emballonuridae), Artibeus fraterculus, Choeroniscns periosus , Platyrrhinus chocoensis, Rhinophylla alethina, Vampyriscus nymphaea (Phyllostomidae), Amorphochilus schnablii (Furipteridae), Eptesicus innoxius, and Rhogeessa el ill a (Vespertilionidae) are endemic to the region (Handley 1966; Baker 1967; Koopman 1982; Baud 1982; Alberico and Velasco 1991a; McCarthy et al. 2000; Baird et al. 2008). The number of newly described species and the endemic nature of the bat fauna of the western Andes document the significance of this region s biodiversity and the urgency for appropriate conservation measures in this region. Herein, the results of the Sowell Expeditions con ducted in Ecuador during 2001 and 2004 by researchers (page ') from the Museum of Texas Tech University and the Museo de Zoologia (QCAZ) of the Pontificia Universidad Catolica del Ecuador are reported. In cluded is information on species diversity, taxonomy, and distribution of the bat fauna of western Ecuador. Materials and Methods Study site. -Two fieldtrips (2001 and 2004) were conducted to sample bat faunas in the provinces of Esmeraldas, Guay as, and El Oro. The first survey was conducted from 1 to 8 August of2001, and the second from 26 June to 12 August of 2004. Sixteen sites were sampled at localities between 10 and 1100 m in",55062915,57,2010.0,Internet Archive,batstropicallow57carr,Museum of Texas Tech University,English,http://biodiversitylibrary.org/permissions,In copyright. Digitized with the permission of the rights holder.
Dermanura tolteca,"Miller apparently laid much stress on the pale colour of A. t. ravus, and the four specimens sent from the Washington Museum are, in fact, all light-coloured; but the British Museum series shows that also a dark phase occurs in perfectly adult individuals. Of twelve skins examined, three must be put aside as being either immature or young adults; of the remaining nine, one represents the dark phase, eight the light. Taking in consideration that the specimens were obtained in three different places in N. Keuador (between August 10th and October 26th), viz., San Javier, Corondelet, and Pambilar, there seems to be some reason for supposing that this strong preponderance of light-coloured individuals is not quite accidental; it may be that a majority of adult individuals of this form are light-coloured. It has been mentioned above (p. 299) that so far as the development of the facial stripes is concerned, there is much the same difference between the northern 4. . tolfecws and the southern 4A. . ravus as between the northern and southern races of A. jamaicensis ; if it proves true that a majority of individuals of A. . ravus are light-coloured, there is another parallelism to 4. jamaicensis ; as pointed out above (p. 256) 77 p.ct. of individuals of the southern races of jamaicensis are light coloured, as against only",31209840,,1908.0,Internet Archive,proceedingsofzoo19081430zool,Smithsonian Libraries and Archives,English,,Public domain. The BHL considers that this work is no longer under copyright protection.
Dermanura tolteca,"TEXAS TECH UNIVERSITY Natural Science Research Laboratory Occasional Papers Museum of Texas Tech University Number 308 31 May 2012 Small Mammal Survey of Chiquibul Forest Reserve, Maya Mountains, Belize, 2001 AndrewEngilis, Jr., Ronald E. Cole, and Tim Caro Abstract The Chiquibul Forest Reserve is located in western Belize in the Maya Mountains and protects one of the largest patches of rainforest remaining in Central America. We conducted inventories of small mammals in the forest reserve from 4 July through 8 August 2001. Our five trapping sites were centered within a few kilometers of the Las Cuevas Field Station. In total, we ran 3,686 trap-nights capturing 154 specimens (4.2 trap success) representing 15 species of small mammals. We ran mist nets for ten nights capturing 39 phyllostomid bats representing six species. Heteromys desmarestianus was the most abundant mammal trapped; it was captured at a rate four times more frequently than all other species. Ototylomysphyllotis and Handleyomys alfaroi were next in abundance. Almost all species of rodents and bats were in a high state of reproductive activity. Our efforts confirmed an additional eleven species to the Chiquibul Forest Reserve, five non-volant: Cryptotis mayensis, Oligoryzomys fulvescens , Handleyomys rostratus, Sigmodon toltecus, Nyctomys sumichrasti , and six volant: Carollia sowelli, Sturnira lilium , Artibeus jamaicensis, Dermanura toltecus , D. watsoni, Centurio senex. The biogeographic affinities of small mammals of the Maya Mountains lay more nested within the Central American faunal group less so than the Yucatan faunal region. The discovery of Cryptotis mayensis in the Maya Mountains provided a significant range and ecological extension. We present preliminary character traits to separate Sigmodon toletcus from S. hispidus. Key words: Belize, Chiroptera, Cryptotis , Maya Mountains, Museum of Wildlife and Fish Biology, node trapping, Rodentia, Sigmodon , small mammals Introduction The Chiquibul Forest Reserve is located in the Maya Mountains of western Belize and protects one of the largest patches of rainforest remaining in Central America (Harcourt 1996). Limited inventories of small mammals in this region (at least those that included voucher specimens) have focused primarily on the pine forests associated with the granitic soils north of the Maya Mountains (Murie 1935) and lowlands of Belize and the Yucatan Peninsula (Herskovitz 1951; Disney 1968; Bersot 2003). Few researchers have undertaken inventories in rainforest habitat associated with lime stone soils further to the south (but see Rabinowitz and",57759774,308,2012.0,Internet Archive,smallmammalsurv308engi,Museum of Texas Tech University,English,http://biodiversitylibrary.org/permissions,In copyright. Digitized with the permission of the rights holder.
Dermanura tolteca,"The common name is something of a misnomer, as these bats are more frequently caught at middle elevations than in the lowlands. A variety of forested habitats are inhabited, including dry forest. Known roosts include caves, tunnels, buildings, and foliage (Tuttle 1976). Dinerstein (1986) listed the fruit of 17 species of plants in the diet of this species at Monteverde, Costa Rica. Births are spread through much of the year in Mexico, and the usual bimodal polyestrous pattern was confirmed by Dinerstein (1986). Biology of this bat was summarized by Webster and Jones (1982b).",45359304,,,Internet Archive,northamer737519811983unit,Smithsonian Libraries and Archives,English,,Public domain.. The BHL considers that this work is no longer under copyright protection.
Dermanura tolteca,"Although common in a variety of habitats, this species normally is restricted to forested areas. It seems to be absent from the drier parts of Costa Rica and of Central America in general. This is another species of tent-making bat, modifying large leaves to provide roosting sites (Timm 1987). They are primarily frugivorous (Gardner 1977). The reproductive pattern is bimodal polyestry (Fleming et al. 1972).",45359304,,,Internet Archive,northamer737519811983unit,Smithsonian Libraries and Archives,English,,Public domain.. The BHL considers that this work is no longer under copyright protection.
Dermanura tolteca,"well-conserved areas in the sites in which they forage and live, maintaining themselves fragile to the changes of their habitats (Emmons and Feer 1997). In accordance with Vela-Vargas and Pérez-Torres (2012), we identified that the Tropical Dry Forest in Ceguaca is undergoing deforestation, as well as in Dry Forests of Colombia, due to two main reasons: (1) fragmentation of the forest for crops of Zea mays, and (2) extensive livestock around remnants of Tropical Dry Forests.",64473665,30,2019.0,Virtual Item,vi211047v30201920250323011001,Pensoft Publishers,English,https://biodiversitylibrary.org/permissions,In copyright. Digitized with the permission of the rights holder.
Dermanura tolteca,"The series includes about an equal number of males and females. There is apparently no sexual difference in either size or coloration. The species is slightly dimorphic, with a yellowish brown phase and a darker, somewhat dusky brown phase. According to the collector s measurements the alar expanse averages about 368 mm. (352-381), with very few specimens below 362 or above 374; the length averages about 64, ranging from 60 to 7o.",26889299,,,Internet Archive,bulletinamerican22ameruoft,University of Toronto - Gerstein Science Information Centre,English,,Not provided. Contact Holding Institution to verify copyright status.
Dermanura tolteca,"Elliot is of no importance as a specific character ; it only means. that the supraorbital stripes are fused together in front; the same is often the case in other species, whenever these stripes are strongly developed. The fur is described as dusky brown, whereas the type specimen of pheotis, according to Miller, does not differ in colour from his series of A. . ravus, and therefore probably is pale-coloured ; but also this proves nothing about the distinctness of D. jucunda; dichromatism is the rule in the species of Artibeus.",31209845,,1908.0,Internet Archive,proceedingsofzoo19081430zool,Smithsonian Libraries and Archives,English,,Public domain. The BHL considers that this work is no longer under copyright protection.
Dermanura tolteca,"OWEN-PHYLOGENETIC ANALYSES OF STENODERMATINAE 47 A. jamaicensis, A. lituratus, and A. toltecus in the form of a chromosomal sex-determining mechanism. Straney et al. (1979) presented electrophoretic analyses of several phyllostomid bats that suggested Artibeus might be polyphyletic. Koop and Baker (1983), analyzing 22 electrophoretic loci, found apparent diphyly in Artibeus, with A. concolor and A. jamaicensis separate from the four small Artibeus species examined in the study. They also noted that A. concolor and A. jamaicensis were separated by relatively large genetic distance. The results of my morphologic analyses strongly indicate that Artibeus, as presently understood, is a polyphyletic assemblage . The large species constitute a natural group, which includes the populations recognized under the names A. inopinatus, A. hirsutus, A. jamaicensis, A. planirostris, A. fraterculus, A. intermedius (and presumably A. lituratus), as well as the Paraguayan taxon referred to in this study as A. fimbriatus. These bats should continue to be referred to under the generic name Artibeus. The second natural group of Artibeus bats includes the species now recognized under the names A. watsoni, A. glaucus, A. toltecus, A. cinereus, A. phaeotis, A. aztecus, and A. anderseni, and possibly also Enchisthenes hartii and A. concolor. The oldest available generic name for this group is Dermanura Gervais 1855, and I recommend this name be applied to these bats at the generic level. Specific names ending in us would be changed to agree: D. glauca, D. tolteca, D. cinerea, and D. azteca. As pointed out above, the relationships of A. ( Enchisthenes ) hartii and A. concolor to the Dermanura bats are yet unclear. Koop and Baker (1983) and Tandler et al. (1986), for instance, noted that A. concolor is unlike the other species of Artibeus used in their studies. The generic validity of Enchisthenes has been in dispute since Andersen (1906) removed if from Artibeus, under which it was originally described. In the interest of stability I follow recent authors (for example, Koopman 1978; Jones and Carter, 1979; Anderson et al., 1982), who have not recognized Enchisthenes at the generic level. Thus, until additional evidence is available, I suggest applying the name Dermanura to both hartii and concolor, as well as the other species listed above. The name combinations for the affected species thus would be Dermanura hartii, Dermanura concolor, Dermanura watsoni, Dermanura glauca, Dermanura tolteca, Dermanura cinerea, Dermanura phaeotis, Dermanura azteca, and Dermanura anderseni. See Appendix V for additional nomenclatorial comments concerning taxa referable to Demanura. Within the reduced genus Artibeus, the question remains of the relationships and possible conspecific status of the South American taxa. My results suggest, but do not confirm, that neither A. planirostris nor A. fraterculus is conspecific with A. jamaicensis, and that A. hirsutus and A. inopinatus are not conspecific, as has been suggested (Honacki et al., 1982). My results strongly indicate that A. fuliginosus is specifically",55010698,26,1987.0,Internet Archive,phylogeneticana26owen,Museum of Texas Tech University,English,http://biodiversitylibrary.org/permissions,In copyright. Digitized with the permission of the rights holder.
Dermanura tolteca,"Engilis et al.-Mammals of Maya Mountains, Belize 13 growth forest, with some breaks in canopy cover. This species was second to Heteromys in abundance. Tylomys nudicaudatus (Peters 1868) Peter s Climbing Rat Specimens examined. -Three individuals were captured, of which two (WFB 4237 and 4290) were kept as voucher specimens. Both were subadult males with abdominal testes. The third animal was represented by a tail only (which is characteristically white tipped). The tail was sheared off by a museum special. All three were captured by snap traps set ap proximately two meters above the ground on lianas paralleling tree trunks. ORDER CARNIVORA Family Felidae Leopardus pardalis (Linnaeus 1758) Ocelot Remarks. -One adult male was captured in a large Tomahawk trap and released without measure ments. The ocelot completely filled the trap. Despite being cramped into such a small place, it was quite nimble inside the trap and was formidable to remove. Without the availability of tranquilizing drugs, we re leased the cat without taking measurements or assessing its reproductive condition. Discussion At our study site we found relative abundance dominated by two species, Heteromys desmarestianus and Ototylomys phyllotis ; they accounted for 56 of total captures. This species pair, or congeners from lower altitudes, account for the highest capture rates across numerous studies in Central America (Disney 1968; Rabinowitz and Nottingham 1989; Caro et al. 2001a, b; Bersot 2003; Klinger 2006). Short-term in ventories of small mammals in Central America have characteristically shown that in tropical forest habitats, total number of captures is often dominated by two spe cies (Fleming 1975; Rabinowitz and Nottingham 1989; Bersot 2003). Biogeographic affinities as documented by the dominance of two typical Central American rainforest species, coupled with other small mammals ( Handleyomys, Tylomys, Nyctomys) and observations of Dasyproctapunctata and Mazama temama, indicates that the mammalian affinities of the Maya Mountains lay nested within Central American faunal group. The only Yucatan endemic found in our study site, Cryptotis mayensis, may not be endemic to the Yucatan, as our record infers a more widespread geographic and ecological distribution than previously thought. Caro et al. (2001a) report on previous grid trapping efforts from the same study site. Using research station records, visual reports and trapping results, they documented 42 species of mammals from the region. They did not take voucher specimens to confirm identification of small mammals. Our efforts add an additional eleven species to the Chiquibul Forest Reserve checklist, five non-volant: Cryptotis mayensis, Oligoryzomys fulvescens, Handleyomys rostratus, Sigmodon toltecus, Nyctomys sumicrasti, and six volant: Carollia sowelli, Sturnira lilium, Artibeus jamaicensis, Dermanura toltecus, D. watsoni, Centurio senex. We believe that two species from previous efforts have been erroneously reported from the Chiquabul. Caro et al. (2001b) document two species of Heteromys from the Chiquibul Forest Reserve, H. desmarestianus and H. gaumeri. Our trapping efforts did not yield any specimens of the latter. In Belize, H. gaumeri is relatively common at Shipstern Natural Reserve (200 km to the north in Corozal District) (Bersot 2003). It is likely that in Belize, H. desmarastinus replaces H. gaumeri in the south and at higher elevations. It is unlikely that these species occur sympatrically in the Chiquibul Forest Reserve; confirmation through vouch ers should be obtained in order to confirm the presence of H. gaumeri in Chiquibul. We recorded two species of Handleyomys from the Chiquibul ( H. alfaroi and H. rostratus). The former is a rodent of primary forest, the latter of forest edge and clearings. Caro et al. (2001a) also reported two species with similar ecological distribution, H. alfaroi from pri mary forests and Oryzomys couesi from forest edge. It",57759786,308,2012.0,Internet Archive,smallmammalsurv308engi,Museum of Texas Tech University,English,http://biodiversitylibrary.org/permissions,In copyright. Digitized with the permission of the rights holder.
Cyerce orteai,"Radulae of many species have been illustrated (O Donoghue, 1924; Hand Steinberg, 1955; Gonor, 1961; Lance, 1962; Marcus Marcus, 1970b; Ferreira Bertsch, 1975; Gascoigne, 1975; Farmer, 1980; Bleakney, 1989, 1990; Behrens, 1991b; Valdés Camacho-Garcia, 2000). Jensen (1980, 1993, 1996, 1997) hypothesized that tooth shape is directly related to food type. Jensen s results may assist in determining the diets of the poorly studied species; such extrapolation would be a useful tool for future study of uncommon sacoglossans. Furthermore, Bleakney (1989, 1990) and Jensen (1996, 1997) have reported intraspecific variation in radular tooth morphology in two species on different diets; it would be intriguing to know whether this phenomenon also occurs in Aplysiopsis enteromorphae, Elysia hedgpethi, and other northeastern Pacific species that feed on two or more genera of algae.",42496152,45,2002.0,Internet Archive,veliger452002cali,Smithsonian Libraries and Archives,English,https://www.biodiversitylibrary.org/permissions/,In Copyright. Digitized with the permission of the rights holder.
Galictis vittata,"The extreme dryness of the air, which imparts so sterile a character to the country, favors the formation of guano deposits on the naked islands along the coast, which are frequented by sea-birds. Protracted droughts are essential to the accumulation of this manure, for repeated showers of rain would wash it into the sea, and for this reason no guano deposits are found on the populous bird-mountains of the north. A similar dryness of the atmosphere favors the deposit at Ichaboe on the African coast,at the Kooria Nooria Islands in the Indian Ocean, and at the Chincha Islands on the Peruvian coast ; and this kind of climate appears also to be particularly agreeable to the seabirds.",63797845,,,Internet Archive,31383026631955,Vancouver Public Library,English,No Known Copyright,Not provided. Contact Holding Institution to verify copyright status.
Galictis vittata,"88 THE WILSON JOURNAL OF ORNITHOLOGY Vol. 118, No. 1, March 2006 coincided with the fruiting period of exotic Gramineae species, seeds of which are fed to nestlings. Entire seeds of Brachiaria sp. were observed in the crops of nestlings. Other seedeaters found in the study region, such as S. lineola and S. leucoptera, shared the same breeding period (MRF pers. obs.). The nests were similar to those described for other Sporophila species (e.g., S. collaris, S. ruficollis, S. albogularis, S. nigricollis, and S. lineola; Alderton 1961; ffrench 1965; De La Pena 1981; Marcondes-Machado 1982, 1997), and the cup shape and thin walls were typical of those constructed by congeners (Sick 1997). The use of spiderwebs in nest construction has also been recorded for S. ruficollis (De La Pena 1981) and S. nigricollis (ffrench 1965). Nests were not reused, as previously reported for S. nigricollis (Alderton 1961), S. albogularis , and S. lineola (Marcondes-Machado 1982, 1997), but females reused the material of old nests to build new nests. The incubation period of 12 days was similar to that of S. nigricollis and S. americana (it lasts 13 days for S. torqueola). For S. caerulescens, Pereyra (1956) reported a nestling period of 13-14 days, and I observed a mean of 13.25 days. The nestling period is 8-9 days for S. nigricollis, 11-13 days for S. americana, 1 1 days for S. torqueola , and 9 days for S. lineola (Skutch 1945, Gross 1952, Alderton 1961, Marcondes-Machado 1997). Overall, both the incubation and nestling periods reported for the Sporophila species are among the shortest of Neotropical, open-cup nesting Passeriformes. Although some nests of S. americana, S. lineola (Skutch 1945, Gross 1952, Marcondes-Machado 1997), and S. caerulescens (De La Pena 1981), have been found containing three eggs or young, two seems to be the usual brood size for Sporophila species. Predation was by far the major factor limiting nesting success in S. caerulescens, similar to reports for many other open-cup nesting Neotropical passerines (Skutch 1949, 1985; Snow 1976; Oniki 1979; Roper and Goldstein 1997; Martin et al. 2000; Mezquida and Marone 2000). My data support the hypothesis that parental activity may increase the risk of nest predation (Skutch 1949, 1985). The number of adult departures from, and arrivals to. nests were much greater, and daily survival was lower during the nestling stage. Skutch s hypothesis predicts that the primary predators should be diurnal and visually oriented. However, in addition to parental activities, nests containing nestlings may be more conspicuous due to the noise (Haskell 1994, 1999; Dearborn 1999) and odor of the young, which would attract nocturnal mammalian predators that use olfaction. Nestlings vocalized only when parents were feeding them, and the begging calls were audible from 15 m when broods were 7-8 days old, and from about 20 m when young were in the late nestling stage. Although little is known about nest predators in the Neotropics, preliminary observations and video data have shown diurnal birds to be the most important predators in environments other than wet forests (Martin et al. 2000, Mezquida and Marone 2002). Potential predators in the study area included Burrowing Owl Athene cunicularia; Mezquida and Marone 2000), Guira Cuckoo Guira guira; Mason 1985), Squirrel Cuckoo Piaya cayana), and anis Crotophaga spp.; Telleria and Diaz 1995). During my study, I observed a Great Kiskadee Pitangus sulphuratus ) preying upon a Double-collared Seedeater nest. I have also observed Plush-crested Jays ( Cyan ocorax chrysops) feeding on Common Quail Coturnix coturnix) eggs placed in artificial cup-shaped nests (MRF unpubl. data), which suggests their potential as a predator of seedeaters, as well. Potential nocturnal mammalian predators occurring in the study area included white-eared opossum ( Didelphis albiventris), crab-eating raccoon Procyon cancrivorus), grison (Galictis vittata ), striped hog-nosed skunk ( Conepatus semistriatus), tayra ( Eira barbara), jaguarundi ( Herpailurus yaguarondi ), and house cats ( Felis catus ). Studies conducted in disturbed areas can reveal greater rates of nest predation than those in undisturbed areas due to the increased abundance of mesopredators in disturbed areas (Martin 1996, Martin et al. 2000). However, some Sporophila species seem to benefit from habitat disturbance. Before its expansion into anthropogenic habitats, the niche occupied by the Double-collared Seedeater was probably limited to non-forested areas, such as forest borders, cerrados, and wetlands where native grasses occurred. Today, the in-",52200139,,,Internet Archive,wilsonjournalofo1182wils,"Harvard University, Museum of Comparative Zoology, Ernst Mayr Library",English,https://biodiversitylibrary.org/permissions,In copyright. Digitized with the permission of the rights holder.
Galictis vittata,"404 CRYPTOPROCTA CHAP. native of Madagascar, where all the most peculiar Viverridae live. Sub-Fam. 2. Galidictiinae.-Mivart has placed in this subfamily the three Mascarene genera, Galidia, Hemigalidia, and Galidictis. In them the orbit is not enclosed by bone; there is no alisphenoid canal, and there are five toes and fingers. Galidia consists of but one species, G. elegans, of a chestnut brown colour, with a tail ringed with black. The claws are not retractile. The scent gland is absent. There are five digits upon both hand and foot. There are three premolars and two molars on each side of each jaw. The caecum is (for an Aeluroid) long, and pointed at the apex; it is quite twice the length of that of Genetta. Closely alhed to Galidia is the genus Hemigalidia, of which there are two species. It is distinguished from the last genus by the non-annulated tail. It also differs in the dental formula, which is for the molars Pm 4M. This animal is termed by Buffon the Vansire. He correctly enumerates its grinders, and distinguishes it from the Ferret! Galidictis is a third genus from Madagascar containing two species, one of which has been unfortunately named G. vittata, leading perhaps to some confusion with the totally distinct Galictis vittata. As in the last two genera the digits are five. The dental formula is that of Galidia. It is distinguished from the other two genera of its sub-family by the longitudinal brown striping of the upper part of the greyish body. Sub-Fam. 3. Cryptoproctinae.-Cryptoprocta ' represents a special sub-family, Cryptoproctinae, and includes only a single species, the Fossa (C. feror) of Madagascar. It is the largest Carnivore of Madagascar, being about twice the size of a Cat, but with an elongated body; the colour is a tawny brown with no striping. The animal is active and lithe in its motions, and is said to be of almost unexampled ferocity in disposition. Its exact systematic position has been much discussed. By Zittel it is placed in a sub-family (including the extinct Proaelurus and Pseudaelurus) of the Felidae. Mivart and Lydekker, on the other hand, regard it as a genus of the Viverridae. The dental formula of the molars, Pm? M , is 1 Beddard in Proc. Zool. Soc. 1895, p. 430.",16829821,10.0,1902.0,Internet Archive,cambridgenatural10harmuoft,University of Toronto - Earth Sciences Library (Noranda),English,,NOT_IN_COPYRIGHT
Galictis vittata,"Extensor brevis digitorum.-tThis muscle rises from the anterior part of the dorsal surface of the caleaneum and divides into tendons which join those of the extensor longus. Asa rule tendons pass to the four inner toes, but occasionally a slender slip runs to the fifth also. In the Felide, where the hallux is aborted, there are only three tendons for the 2nd, 3rd, and 4th toes ; this is the case in Felis leo (1, 2), F. tagris (4), and F. catus (9). Among the Viverride, tendons are given off to the four inner toes in Cryptoprocta (13), Vwerra (16), and Grenetta (22, 23, 24). The specimen of Herpestes griseus (30) which we dissected was remarkable for having slips of the extensor brevis to all five toes (see fig. 3). Proteles (32), on the other hand, has only tendons to the second and third toes. Among the Hyznid there are always tendons to the 2nd, 3rd, and 4th toes (33, 34, 35, 36, 37), and, in addition, a feeble slip went to the fifth in two specimens of Hyena striata (33, 36). The Canidz resemble the Hyzenidw in the absence of the ballux ; consequently we find tendons running to the 2nd, 3rd, and 4th toes in Canis familiaris (48), C. aureus (50 a), and C. mesomelas (51). In one Dog (39) a small slip went to the fifth toe in addition.",30952496,1898.0,1898.0,Internet Archive,proceedingsofgen98scie,"Natural History Museum Library, London",English,,Public domain. The BHL considers that this work is no longer under copyright protection.
Galictis vittata,"Peroneus longus.-This muscle rises from the head and upper part of the shaft of the fibula, occasionally encroaching on the adjacent portion of the tibia. Some of the fibres of the external lateral ligament of the knee are continuous with its origin. The tendon of insertion runs in a separate groove on the outer side of the external malleolus, turns round the cuboid, and passes across the sole of the foot to be inserted into the base of the first or, when that is absent, the second metatarsal bone. With regard to the origin, Ruge (XLVIIL.) states that in Hyena, Nasua, and Meles it comes from the external condyle of the femur. We have failed to find any confirmation of this by other authors, and in our own specimen of Hycna (36) the muscle certainly rose from the fibula. As the tendon passes round the cuboid, a slip is sometimes given to the base of the 5th metatarsal bone: this was noticed by Young and Macalister in Viverra (16, 17), and by Mivart in Genetta (20). In our own specimen of Grenetta (23) we paid special attention to this point, and satisfied ourselves that the apparent attachment to the base of the fifth metatarsal belonged to the sheath of the tendon, and not to the tendon itself. In Proteles (32) and Hycna crocuta (37), Watson found the tendon ending in the base of the fifth",30952496,1898.0,1898.0,Internet Archive,proceedingsofgen98scie,"Natural History Museum Library, London",English,,Public domain. The BHL considers that this work is no longer under copyright protection.
Galictis vittata,"Many broad fiat vales transsect the plains, and in these the vegetation is somewhat better. The streams of former ages have no doubt hollowed them out, for the rivers of the present day are utterly inadequate to the task. On account of the dryness of the atmosphere, the traveller may journey for days in these Patagonian plains without finding a drop of water. Springs are rare, and even when found are generally brackish and unrefreshing. While the Beagle was anchoring in the spacious harbor of Port St. Julian, a party one day accompanied Captain Fitzroy on a long walk round the head of the harbor. They were eleven hours without tasting any water, and some of the party were. quite exhausted. From the summit of a hill, to which the appropriate name of Thirsty Hill was given, a fine lake was spied, and two of the party pro: ceeded, with concerted signals, to show whether it was fresh water. The dis: appointment may be imagined when the supposed lake was found to be a snow-white expanse of salt, crystallized in great cubes.",46455668,,1875.0,Internet Archive,polartropicalwo00hart,Smithsonian Libraries and Archives,English,,Not in copyright. The BHL knows of no copyright restrictions on this item.
Galictis vittata,"The extreme dryness of the air, which imparts so sterile a character to the country, favors the formation of guano deposits on the naked islands along the coast, which are frequented by sea-birds. Protracted droughts are essential to the accumulation of this manure, for repeated showers of rain would wash it into the sea, and for this reason no guano deposits are found on the populous bird-mountains of the north. A similar dryness of the atmosphere favors the deposit at Ichaboe on the African coast, at the Kooria Nooria Islands in the Indian Ocean, and at the Chincha Islands on the Peruvian coast; and this kind of climate appears also to be particularly agreeable to the seabirds.",46455668,,1875.0,Internet Archive,polartropicalwo00hart,Smithsonian Libraries and Archives,English,,Not in copyright. The BHL knows of no copyright restrictions on this item.
Galictis vittata,"94 Annals of Carnegie Museum VOL. 50 Fig. 10. A planted agricultural field dominates the foreground, with characteristic Caatinga vegetation occupying steep slopes on the sides of hills (seen in the background). Municipio de Senhor do Bom Fim, Bahia. range of sizes whose upper limit includes extensive formations best measured in hectares. Complex lajeiros greatly enhance the horizontal and vertical complexity of the Caatingas. Mammals frequenting lajeiros include the following: Monodelphis domestica (A) Didelphis albiventris (A) Peropteryx macrotis (R) Micronycteris sp. (R) Glossophaga soricina (C) Carollia perspicillata (C-A) V ampyrops lineatus (C) Molossops temminckii (R) Neoplatymops mattogrossensis (C) Kerodon rupestris (A) Galea spixii (C) Trichomys apereoides (A) Cerdocyon thous (C) Galictis vittata (C) Areas dominated by human activity. Agricultural practices have greatly altered the natural state of the (Ilaatingas . Fruit orchards may predominate in the more mesic areas, especially along streams, where a wide variety of fruits such as oranges, papayas, bananas, and mangos are cultivated. The standard procedure for establishing an agricultural field entails clear-cutting sections of Low or High Caatinga, removing the large pieces of wood for fuel, and burning the remaining material on the site. Subsequent utilization varies, depending upon both the site and crop planted. Corn and beans are the most common and transient crops grown in Low Caatinga habitats, whereas cotton and Opuntia plantings may persist for years. Grass pastures also last for many years, due in part to occasional burning and constant grazing by cattle and horses, which prevent the reestablishment of Caatingas vegetation.",52334840,50.0,1981.0,Internet Archive,annalsofcarnegi501981carn,Smithsonian Libraries and Archives,English,https://www.biodiversitylibrary.org/permissions/,In Copyright. Digitized with the permission of the rights holder
Galictis vittata,"THE GlilSON. 191 The Polecat is found throughout Northern Europe, not extending southwards into the warmer parts of the Continent, but being quite at home in snow-covered regions. It is essentially, like the Marten, a sub-arctic and temperate animal. THE FERRET. This is a domesticated variety of the genus Putorius, of African origin. It shows its Southern nature by being, unlike the Polecat, unable to endure great cold ; even an English winter is enough to kill it if not properly housed. It is an interesting animal, zoologically, from the fact that it is a true-breeding Albino, having the white fur and pink eyes of that peculiar sport. It is a little smaller than the Polecat, with which it will breed with perfect readiness, producing hybrids intermediate in character between the two parent species. Perrets are much used, both in this country and America, chiefly for killing Rats and for driving Rabbits out of their burrows. For the latter function the Ferret is muzzled, to prevent its killing the Rabbit in the burrow ; the latter is either netted or killed immediately, as soon as it is driven out. The Ferret is also frequently employed to kill fowls for the table. Its particularly neat method of slaughtering by one bite in the neck is much admired by Ferret-fanciers, who make quite a pet of the animal. It, however, never shows the slightest affection for its master, and has usually to be confined : the necessity of this is shown in an instance, quoted by Eell, in which a child was attacked in its cradle, and only rescued after the veins of its neck had been severed, its face, neck, and arms lacerated, and its eyes so injured that the sight of one of them was permanently lost. THE MINIv.f This important fur-producing animal is found in the northern parts of both hemispheres under various specific forms, the most important of which are the European Mink (P. lutreola) and the American Mink (P. vison). Although most nearly allied to the Stoats and Weasels, it shows a certain resemblance to the Martens in its larger and stouter body, which attains a length of from fifteen to eighteen inches, the tail being about seven or eight inches long, and bushy at the tip. Like most of its allies, it has two kinds of fur a soft, matted, under fur, mixed with long, stiff, lustrous hairs. The colour varies from dull yellowish-brown to dark chocolate-brown ; the upper lip is usually white in the European, dark in the American species. The scent-glands are well developed, and their seci etion is second only in offensiveness to that of the Skunk. The habits of the Mink differ altogether from those of the other species of the genus. As Dr. Coues observes, It is to the water what the other Weasels are to the land, or the Martens to the trees. It is as essentially aquatic in its habits as the Otter, Beaver, or Musk Rat, and spends, perhaps, more of its time in the water than it does on land. In adaptation to this mode of life, the pelage has that peculiar glossiness of the longer bristly hairs and felting of the close under fur which best resists the water. It feeds chiefly upon aquatic or amphibious animals, such as fish, frogs, crayfish, molluscs, and the like, but also preys largely upon the smaller Mammals. It is stated that it is not an indiscriminate slaughterer, but kills only what is necessary for its actual wants. In America the Mink has been regularly domesticated and trained as a Rat-catcher, like the Ferret. Minkeries have been established in connection with farm-yards, and have proved in more than one instance eminently successful. The animals soon allow themselves to be handled, and besides becoming good Ratters, bring their owner a very considerable profit by their fur, for which alone it is well worth while to breed them, as the expense of keeping them is trifling. THE GRISON.J This is a Weasel-like animal, found only in South America, and distinguished from its nearest relations, the Martens and Weasels, by the fact that the colour of the upper is lighter than that of the lower surface of its body, the former being grey, the latter dark brown. Its whole length is rather Putorius furo. f Putorius lutreola and P. vison . Galictes villata.",53952487,,,Internet Archive,cassellsnaturalh02dunc,University of Toronto - Thomas Fisher Rare Book Library,English,,Not provided. Contact Holding Institution to verify copyright status.
Galictis vittata,"The calcaneum of Martes zibellina also is larger than that of M. americana but more specimens perhaps would overlap in size. Martes zibellina has a large cuboid surface causing a prominent uplift of the distal edge of the dorsal table and a rapid drop towards the posterior articular surface, such an expansion is absent in M. americana. A large pit is present distal to the medial articular surface at the base of the sustentaculum in M. zibellina; no obvious pit is present in M. americana but minute pits may be present. Other than these characteristics, the calcanea of these two species are similar.",34211962,,,Internet Archive,bulletin7477sout,"New York Botanical Garden, LuEsther T. Mertz Library",English,https://biodiversitylibrary.org/permissions,In copyright. Digitized with the permission of the rights holder.
Galictis vittata,"First, every feeding guild includes members of each class of predators (a feeding guild is a cluster of predators that overlap signficantly in their use of prey species; see Appendix Note ). Among the bird and bat eaters at La Selva are the bat falcon (Falco rufigularis) and several other raptors, several species of colubrid and viperid snakes, and perhaps one or more of the small cats (Felis wiedii, F. yagouaroundi). A guild of snake eaters contains several diurnal raptors, such as the white hawk (Leucopternis albicollis) and semiplumbeous hawk (L. semiplumbea); several species of snakes, including the mussarana (Clelia clelia) and three coral snakes (Micrurus spp.); and one or more mammalian carnivores (e.g. the grison, Galictis vittata). Predators on large birds and mammals at La Selva include boa constrictors (Boa constrictor) and fer-de-lance (Bothrops asper), both large snakes; hawk-eagles (Spizaetus spp.), spectacled owls (Pulsatrix perspicillata), and other large raptors; and the three largest cats, mountain lion (Felis concolor), ocelot (F. pardalis ), and jaguar. Clearly an attempt to study potential interspecific phenomena, such as exploitative competition for prey and food web structure, might be seriously inadequate if only a single group (e.g. diurnal birds of prey) were studied. This finding echoes the situation in a simpler predator assemblage in temperate Chile (Jaksic et al. 1981).",15727279,,1988.0,Internet Archive,memoirsofcalifor121988cali,Smithsonian Libraries and Archives,English,https://biodiversitylibrary.org/permissions,In copyright. Digitized with the permission of the rights holder.
Galictis vittata,"It is interesting to note that these Mustelide in which the gap between the occipital and cervical portions of the rhomboid sheet is so constant are equally remarkable for the constant presence of the rhomboideus profundus muscle. This muscle, as has already been stated, is fused with the rhomboid at its insertion, and by many authors is described as part of the rhomboid. We cannot help throwing out the suggestion, though we have no direct proof, that the gap in these animals between the occipital and nuchal portions of the muscle is caused by a sinking down of some of the fibres to acquire a new origin from the transverse process of the atlas, so that the rhomboideus profundus is a displaced portion of the rhomboid sheet.",30987564,1897.0,1897.0,Internet Archive,proceedingsofgen97scie,"Natural History Museum Library, London",English,,Public domain. The BHL considers that this work is no longer under copyright protection.
