Species,Text,Page_id,Volume,Year,Source,Source_ID,Institution,Language,Rights,Copyright,Cleaned_Text
Aechmea magdalenae,"This study was undertaken in two indigenous Chinantec communities located in the Papaloapan river basin, on the Atlantic side of the Sierra Norte, in the state of Oaxaca, Mexico (Figure 3.15). The communities are more than 200 km from Oaxaca city, accessible via a new paved highway. The Chinantla region is one of the most forested regions of Mexico and is characterized by extremely species-rich ecosystems of tropical rain and humid montane forests.",31171598,,,Internet Archive,commercializatio06mars,"UNEP-WCMC, Cambridge",English,,Copyright owner: UNEP-WCMC,"This study was conducted in two indigenous Chinantec communities located in the Papaloapan River basin on the Atlantic side of the Sierra Norte in the state of Oaxaca, Mexico. The communities are more than 200 km from Oaxaca City and are accessible via a new paved highway. The Chinantla region is one of the most forested areas in Mexico and is characterized by highly diverse ecosystems of tropical rainforests and humid montane forests."
Aechmea magdalenae,"San Rafael Agua de Pescadito (Pescadito) is located at 580 metres in the municipality of Valle Nacional. The com munity's 170 families have access to 5 800 ha of land, are largely dedicated to the commercial production of coffee and are involved to a much lesser extent in maize cultivation. There is no traditional use of pita.",31171598,,,Internet Archive,commercializatio06mars,"UNEP-WCMC, Cambridge",English,,Copyright owner: UNEP-WCMC,"San Rafael Agua de Pescadito (Pescadito) is located at 580 meters in the municipality of Valle Nacional. The community's 170 families have access to 5,800 hectares of land, primarily engaged in the commercial production of coffee and to a lesser extent in maize cultivation. There is no traditional use of pita."
Aechmea magdalenae,"André was quickly adjusted to this new mode of travel and even the toboggan tactics of the mules on wet clay slopes soon failed to dis tract his attention from the spectacle about him. The trail rose, the temperature dropt, and soon Spanish moss, Tillandsia usneoides, and stunted vegetation marked the beginning of the ''tierra fria'' or cool upland where gaudy Hricaceae predominate.",63533987,1,1945,Internet Archive,plantlife1amer,Smithsonian Libraries and Archives,English,http://biodiversitylibrary.org/permissions,In copyright. Digitized with the permission of the rights holder.,"André quickly adjusted to this new mode of travel, and even the toboggan tactics of the mules on wet clay slopes soon failed to distract his attention from the spectacle around him. The trail rose, the temperature dropped, and soon Spanish moss, Tillandsia usneoides, and stunted vegetation marked the beginning of the ""tierra fría,"" or cool upland, where gaudy Hricaceae predominate."
Catopsis sessiliflora,"The ship had to stop at intervals for fuel and André seized each such opportunity to rush ashore and collect. At Isla Brava, one of these stops along the torrid lower reaches of the Magdalena, he collected his first new species of bromeliad, Aechmea pendulifiora with its delicate nodding inflorescence. Evidently it did not make much impression on him at the time, for Isla Brava is not mentioned in his narrative. Understandably the ereat heat (sand up to 127° F.), the poisonous : snakes and the vara santa tree with hollow branches full of vicious ants, all had greater impact at the moment.",63533987,1,1945,Internet Archive,plantlife1amer,Smithsonian Libraries and Archives,English,http://biodiversitylibrary.org/permissions,In copyright. Digitized with the permission of the rights holder.,"The ship had to stop at intervals for fuel, and André seized each opportunity to rush ashore and collect. At Isla Brava, one of these stops along the torrid lower reaches of the Magdalena, he collected his first new species of bromeliad, Aechmea pendulifiora, with its delicate nodding inflorescence. Evidently, it did not make much impression on him at the time, as Isla Brava is not mentioned in his narrative. Understandably, the great heat—sand reaching up to 127°F—the poisonous snakes, and the vara santa tree with hollow branches full of vicious ants—all had a greater impact at the moment."
Catopsis sessiliflora,"After a short stop in Bogoté where he made some very helpful acquaintances, he continued across the remainder of the Andean chain to Villavicencio on the western edge of the great llanos or prairie country of the Orinoco Basin. Crossing the Andes he began to pick up new bromeliads in earnest: Tillandsia heterandra, Pitcairna guaritermae and brachysperma, and Aechmea servitensis, a8 well as a number of older species. However, in the bromeliad-poor Ilanos, André found only Aechmea angustifolia, a characteristic species of the Amazon Basin.",63533987,1,1945,Internet Archive,plantlife1amer,Smithsonian Libraries and Archives,English,http://biodiversitylibrary.org/permissions,In copyright. Digitized with the permission of the rights holder.,"After a short stop in Bogotá, where he made some very helpful acquaintances, he continued across the remainder of the Andean chain to Villavicencio on the western edge of the great llanos or prairie country of the Orinoco Basin. Crossing the Andes, he began to collect new bromeliads in earnest: Tillandsia heterandra, Pitcairnia guaritermae, Brachysperma, and Aechmea servitensis, as well as a number of older species. However, in the bromeliad-poor llanos, André found only Aechmea angustifolia, a characteristic species of the Amazon Basin."
Swietenia humilis,"124 Journal of the Botanical Research Institute of Texas 6(1) has proven to be controversial, the oldest proposal being 45-30 mybp, based on coccoliths (C6pek in Schlee 1999) and the youngest being 20-15 mybp, based on foraminifera (Iturralde-Vinent & MacPhee 1996). The amber is principally deposited in turbiditic sandstones of the Upper Eocene to Lower Miocene Mamey Group (Draper etal. 1994). Swietenia dominicensis K.L. Chambers & Poinar, sp. nov. (Figjs. 1-3). Type: HISPANIOLA. Dominican Republic: amber mine in the northern mountain range (Cordillera Septentrional), 1995, unknown amber miner s.n. (holotype: catalogue number Sd 9-7, deposited in the Poinar amber collection maintained at Oregon State University, Corvallis, Oregon 97331, U.S.A.). Flower putatively staminate, total length (pedicel apex to tip of filament tube appendages) 3.85 mm, calyx shal lowly cupulate (Fig. 2), ca. 1.0 mm long, fused portion 0.54 mm long, lobes 0.45 mm long, broadly rounded, spreading, margins ciliolate, petals 5, free, ca. 4.5 mm long, 2.2 mm at widest part, spreading or reflexed, some what contorted, elliptic to oblanceolate, obtuse, glabrous (including margins), filament tube urceolate (Fig. 1), glabrous, 2.9 mm long excluding appendages, 2.9 mm wide, appendages 10, deltoid-acuminate, ca. 0.8 mm long, slighdy spreading, anthers 10, sessile, alternating with appendages, ca. 0.6 mm long (only a few visible for measurement), dehisced, hypothesized to be fertile, pistil present, ovary not visible, style exserted from fila ment tube, barely exceeding appendages, stigma enlarged, disc-shaped, 1.3 mm in diameter, densely minutely pitted, obscurely marked into 5-6 fused segments (Fig. 3). Etymology. From the amber's source in the Dominican Republic. We hypothesize that the flower is staminate in function, although its anthers are dehisced and are not well enough displayed to be sure that pollen was produced. The flower's overall shape, including the position and morphology of the stigma, matches well the excellent drawings of staminate flowers of Swietenia mahagoni pub lished by Miller (1990, p. 478). We also compared it with illustrations of the other modem species, S. humilis and S. macrophylla, in Styles (1981) and with the description and photographs of the Mexican fossil species, S. mio cenica, in Castaiieda-Posadas and Cevallos-Ferriz (2007). Together with the examination of herbarium material of S. mahagoni, these references support our judgment that the Dominican fossil is best placed in Swietenia. As noted by Styles (1981) and other authors (e.g. Helgason et al. 1996), the 3 modem species of the genus are ""poorly defined biologically,"" are largely allopatric at the present time, and are ""reasonably distinct mor phologically"" (Styles 1981). Putative hybrids, from the natural zones of contact in Costa Rica and Guatemala involving S. humilis and S. macrophylla, are intermediate for both ecological tolerance and morphological char acters such as rachis length and leaflet size (Whitmore & Hinojosa 1977; Helgason et al. 1996). An extensive polyploid series of chromosome numbers is reported for the genus (Khosla & Styles 1975; Helgason et al. 1996). A further complication is that S. mahagoni, in particular, has been widely planted outside its original range in southern Florida and the larger Caribbean islands, thereby increasing the occurrences of species sym patry. The key distinction that we relied on to separate the present fossil from all other species is its combina tion of a ciliolate calyx with glabrous-margined petals. Swietenia mahagoni is described as having glabrous ca lyx lobes and petals, while the other 2 species under discussion have ciliolate petals and calyx (Styles 1981) Miller's remark (1990, p. 479) that ""this distinction was not apparent in numerous specimens . . . that I studied' is offset by his statement, perhaps in error, that the calyx and corolla are ciliolate in S. mahagoni and smooth margined in the other 2 species. Nonetheless, the differences in perianth pubescence described by Styles (of* cit.) have held true in practice (Pennington, pers. obs.). Castafleda-Posadas and Cevallos-Ferriz (2007) differentiated Swietenia miocenica from this Dominican fossil, which they saw illustrated, but not described, in Poinar and Poinar (1999), by differences in the shape of the filament tube and petals. In addition, they described S. miocenica as having ""a free calyx composed of five . . rounded lobes . ..,'' which would differentiate it from all other known species of the genus. To their species characterization we have added the lack of petal ciliolation in S. dominicensis versus its presence in S. mioceni ca. The age of S. miocenica given by these authors (Late OUgocene-Early Miocene, 26.0-22.3 mybp ) appn*i'",48810068,6,2012,Internet Archive,mobot31753003798938,"Missouri Botanical Garden, Peter H. Raven Library",English,https://www.biodiversitylibrary.org/permissions,In copyright. Digitized with the permission of the rights holder.,"Here is the cleaned and corrected version of your text:

---

The oldest proposal for the divergence has been 45-30 million years before present (mybp), based on coccoliths, and the youngest has been 20-15 mybp, based on foraminifera. The amber is principally deposited in turbiditic sandstones of the Upper Eocene to Lower Miocene Mamey Group.

Swietenia dominicensis K.L. Chambers & Poinar, sp. nov. (Type: HISPANIOLA. Dominican Republic: amber mine in the northern mountain range, 1995, unknown amber miner s.n. (holotype: catalogue number Sd 9-7, deposited in the Poinar amber collection maintained at Oregon State University, Corvallis, Oregon, U.S.A.). Flower putatively staminate, total length (pedicel apex to tip of filament tube appendages) 3.85 mm. The calyx is shallowly cupulate, approximately 1.0 mm long, with a fused portion of 0.54 mm and lobes 0.45 mm long, broadly rounded, spreading, with ciliolate margins. There are five free petals, approximately 4.5 mm long and 2.2 mm at the widest part, spreading or reflexed, somewhat contorted, elliptic to oblanceolate, obtuse, glabrous (including margins). The filament tube is urceolate, glabrous, 2.9 mm long excluding appendages, and 2.9 mm wide. There are ten deltoid-acuminate appendages, about 0.8 mm long, slightly spreading. The ten sessile anthers, alternating with the appendages, are approximately 0.6 mm long, dehisced, and hypothesized to be fertile. The pistil is present; the ovary is not visible. The style is exserted from the filament tube, barely exceeding the appendages. The stigma is enlarged, disc-shaped, 1.3 mm in diameter, densely minutely pitted, and obscurely marked into five to six fused segments.

Etymology: Named after the amber's source in the Dominican Republic. We hypothesize that the flower is staminate in function, although its anthers are dehisced and not well enough displayed to confirm pollen production. The overall shape of the flower, including the position and morphology of the stigma, closely matches the excellent drawings of staminate flowers of Swietenia mahagoni published by Miller (1990). We also compared it with illustrations of other modern species, S. humilis and S. macrophylla, in Styles (1981), and with the description and photographs of the Mexican fossil species, S. miocenica, in Castaneda-Posadas and Cevallos-Ferriz (2007). Examination of herbarium material of S. mahagoni supports our judgment that the Dominican fossil is best placed in Swietenia.

As noted by Styles (1981) and other authors (e.g., Helgason et al. 1996), the three modern species of the genus are ""poorly defined biologically,"" largely allopatric today, and ""reasonably distinct morphologically."" Putative hybrids from the natural zones of contact in Costa Rica and Guatemala involving S. humilis and S. macrophylla are intermediate in ecological tolerance and morphological characters such as rachis length and leaflet size. An extensive polyploid series of chromosome numbers is reported for the genus. A further complication is that S. mahagoni, in particular, has been widely planted outside its original range in southern Florida and the larger Caribbean islands, increasing occurrences of species sympatry.

The key distinction used to differentiate this fossil from all other species is its combination of a ciliolate calyx with glabrous-margined petals. S. mahagoni is described as having glabrous calyx lobes and petals, while the other two species have ciliolate petals and calyx. Miller (1990) noted that ""this distinction was not apparent in numerous specimens... that I studied,"" but this is offset by his statement, perhaps in error, that the calyx and corolla are ciliolate in S. mahagoni and smooth-margined in the other two species. Nonetheless, the differences in perianth pubescence described by Styles have generally held true in practice.

Castaneda-Posadas and Cevallos-Ferriz (2007) distinguished S. miocenica from this Dominican fossil, which they saw illustrated but not described in Poinar and Poinar (1999), based on differences in the shape of the filament tube and petals. They described S. miocenica as having ""a free calyx composed of five rounded lobes,"" which would differentiate it from all other known species of the genus. We have added that S. miocenica has petal ciliolation, whereas S. dominicensis does not.

The age of S. miocenica, as given by these authors, is Late Oligocene to Early Miocene (26.0–22.3 mybp).

---

Let me know if you'd like further revisions or additional assistance."
Swietenia humilis,"6 plants died. A possible solution of the problem of root attack is to graft the edible figs on to local wild species; this has been tried without success. A variety of Tecoma starts, introduced in 1933 from the United States Department of Agriculture, was planted out beside the lower Ring Road, and flowered exceptionally well towards the end of the year; it is a finer form of the species than that hitherto in local cultivation. A row of plants of the Cannon-ball tree (Couroupita guyanensis), the seeds of which were obtained from Peradeniya, were planted along the border of lawn R. The only mature tree at present in the Gardens is in a position in which its beautiful flowers are not seen by the public. Bauhinia yunnanensis has flowered frequently during the last year or two. It was introduced from Bangkok in 1929. The flowers are not very striking, but it is interesting as the only small-leaved Bauhinia which has flowered in the Gardens. There are at least two others which never flower. The Bandstand Hill. -Towards the end of the year, the large Oleander bed on the terrace above the plant-house entrance was closed, and a series of smaller beds made to accomodate all the species and varieties of Zephyranthes and Cooperanthes. The three Cooperanthes hybrids were raised by Mr. J. N. Milsum at Kuala Lumpur, and presented by him a few years ago. Of Zephyranthes, there are at present five species and one hybrid. A new introduction, Daedalacanthus purpurascens (native of India, introduced from Dehra Dun) promises to be a useful small bedding shrub. It has violet-blue flowers, fading with age, and young plants have flowered freely and con¬ tinuously. A white Lantana, introduced from Penang, has flowered well but is badly attacked by scale insects. Plants of Vitex agnus-castus , planted in 1933, grew quite well, but flowered very poorly. The small flowers were quite inconspicuous, so that this shrub, which is said to be very beautiful in cooler and drier climates, is not likely to be of much use in Singapore, though it might be tried at Malayan hill stations. Bauhinia Galpinii, which has a deep orange-red flower, grew strongly during the year, and flowered a little m the dry weather in December. It is a south African species, in habit a scandent shrub; the indications are that it will not flower very freely in Singapore. New Planting. -Additions were made to the collection of Hibiscus varieties by the Main Gate Road, a plant of Lonehocarpus cyanescens , which was too spreading, being removed to accomodate some of them; the Lonehocarpus was removed to lawn H. About 50 varieties of Hibiscus are now planted out. New plants of Arenga saccharifera (Kabong) were planted to replace the avenue leading down to Tyersall Gate. The following recently introduced plants were planted; the names in brackets indicate the origin of the seeds. Trees. Antiaris africana (Gold Coast), Albizzia ferruginea (Gold Coast), Bumelia buxifolia (Honolulu), Ceiba pentandra (Gold Coast), Cratoxylon Maingayi (Penang), Cassia grandis, Casuarina, various (additions to former planting), Couroupita guyanensis (Peradeniya) Erythrina sp. (Washington), Erythrina speciosa (Cuba), Ficus bengalensis, Khaya grandiflora (African mahogany, from the Gold Coast), Licania arborea (Mexico), Lecythis sp. (Panama), Pometia alnifolia, Pentaclethra filamentosa (from Raffles College), Ricinodendron africanum (Gold Coast), Sarcocephalus cordatus (Burma), Swietenia humilis (Mexico ), Sterculia Kunstleri (?), Tectona Hamiltoniana (Denra Dun). Palms. Aceoloraphe Mayana (British Honduras), A. arborescens (British Guiana), Adonidia Merrillii (Philippines), Attalea spectablis (from Capt. Johnstone), Chamaerops humilis (Portu¬ gal), Cocos flexuosa (Cuba), Copemicia cerifera (Brazil), Corypha taliera (Calcutta), Livistona australis (Calcutta), Livistona decipiens (from Capt. H. JOHNSTONE), Pritchardia pacifica (Florida), Sabal Blackburnianum (Bermuda), Scheelia Urbaniana (from Capt. H. Johnstone). Shrubs. Acacia glomerosa (British Honduras), Acacia Hindsii (Br. Honduras), Acacia podalyriifolia (from Dr. Quaife), Daedalacan¬ thus purpurascens (Dehra Dun), Crescentia alata (Mexico), Saraca triandra, Unona laevigata (Bombay). Losses. -In September, during a violent storm, the very large liane of Entada spiralis hanging between two trees near the Director's house, was broken, falling in several pieces. During the same storm a tree of the local oak Pasania conocarpa in the jungle beside Maranta Avenue, was struck by lightning and killed. The same flash also killed branches of neighbouring trees, and shrubs on the ground. This leaves a gap in the small area of jungle to the south of Maranta Avenue. A fine tree of Palaquim sp. fell down in another",57736478,,,Internet Archive,annualreportdir00strab,"Singapore Botanic Gardens, National Parks Board Singapore",English,,Public domain. The BHL considers that this work is no longer under copyright protection.,"Six plants died. A possible solution to the problem of root attack is to graft edible figs onto local wild species; this has been tried without success. A variety of Tecoma starts, introduced in 1933 from the United States Department of Agriculture, was planted beside the lower Ring Road and flowered exceptionally well towards the end of the year. It is a finer form of the species than those previously cultivated locally. A row of Cannon-ball tree (Couroupita guyanensis) plants, with seeds obtained from Peradeniya, was planted along the border of lawn R. The only mature tree in the Gardens is located where its beautiful flowers are not visible to the public. Bauhinia yunnanensis has flowered frequently during the past year or two. It was introduced from Bangkok in 1929. The flowers are not very striking, but it is interesting as the only small-leaved Bauhinia that has flowered in the Gardens. At least two other small-leaved Bauhinia species have never flowered.

Regarding Bandstand Hill, towards the end of the year, the large oleander bed on the terrace above the plant-house entrance was closed, and a series of smaller beds was created to accommodate all species and varieties of Zephyranthes and Cooperanthes. The three Cooperanthes hybrids were raised by Mr. J. N. Milsum at Kuala Lumpur and presented by him a few years ago. Currently, there are five Zephyranthes species and one hybrid. A new introduction, Daedalacanthus purpurascens (native to India, introduced from Dehra Dun), shows promise as a useful small bedding shrub. It has violet-blue flowers that fade with age, and young plants have flowered freely and continuously. A white Lantana, introduced from Penang, has flowered well but is badly affected by scale insects. Plants of Vitex agnus-castus, planted in 1933, grew quite well but flowered very poorly. Its small flowers are inconspicuous, so although it is said to be very beautiful in cooler, drier climates, it is unlikely to be of much use in Singapore, though it might be tried at Malayan hill stations. Bauhinia galpinii, which has deep orange-red flowers, grew strongly during the year and flowered slightly during the dry weather in December. It is a South African species, habitually a scandent shrub; indications suggest it will not flower very freely in Singapore.

In terms of new plantings, the collection of Hibiscus varieties near the Main Gate Road was expanded. A plant of Lonehocarpus cyanescens, which was too spreading, was removed to accommodate some of the Hibiscus varieties; the Lonehocarpus was relocated to lawn H. Currently, about 50 Hibiscus varieties are planted. New plants of Arenga saccharifera (Kabong) were planted to replace the avenue leading down to Tyersall Gate. Recently introduced plants include trees such as Antiaris africana (Gold Coast), Albizzia ferruginea (Gold Coast), Bumelia buxifolia (Honolulu), Ceiba pentandra (Gold Coast), Cratoxylon maingayi (Penang), Cassia grandis, various Casuarina species (additions to previous plantings), Couroupita guyanensis (Peradeniya), Erythrina species (Washington), Erythrina speciosa (Cuba), Ficus bengalensis, Khaya grandiflora (African mahogany, from the Gold Coast), Licania arborea (Mexico), Lecythis species (Panama), Pometia alnifolia, Pentaclethra filamentosa (from Raffles College), Ricinodendron africanum (Gold Coast), Sarcocephalus cordatus (Burma), Swietenia humilis (Mexico), Sterculia kunstleri, and Tectona hamiltoniana (Dehra Dun).

Palms introduced include Aceorhaphe mayana (British Honduras), A. arborescens (British Guiana), Adonidia merrillii (Philippines), Attalea spectabilis (from Captain Johnstone), Chamaerops humilis (Portugal), Cocos flexuosa (Cuba), Copemicia cerifera (Brazil), Corypha taliera (Calcutta), Livistona australis (Calcutta), Livistona decipiens (from Captain H. Johnstone), Pritchardia pacifica (Florida), Sabal Blackburniana (Bermuda), and Scheelea urbaniana (from Captain H. Johnstone).

Shrubs added include Acacia glomerosa (British Honduras), Acacia hindsii (British Honduras), Acacia podalyriifolia (from Dr. Quaife), Daedalacanthus purpurascens (Dehra Dun), Crescentia alata (Mexico), Saraca triandra, and Unona laevigata (Bombay).

Regarding losses, in September, during a violent storm, the large liana of Entada spiralis hanging between two trees near the Director's house was broken and fell in several pieces. During the same storm, a tree of the local oak Pasania conocarpa in the jungle beside Maranta Avenue was struck by lightning and killed. The lightning also damaged branches of neighboring trees and shrubs on the ground, creating a gap in the small jungle area south of Maranta Avenue. Additionally, a fine tree of Palaquium species fell."
Swietenia humilis,"Acalypha phleoides (?) Cav. YERBA DEL CANCER. The leaves and stems of this plant are made up into small bundles and dried, The leaves and flowers are crushed into a powder and applied to sores, ete. A tea is made from it and taken to cure itch. My specimens were purchased on the plaza at Colotlan, September, 1897, (EB No, 26.) Euphorbia sp. YERBA DE COYOTE, A tea is made from the dried plant which is supposed to relieve rheu matic pains. My specimen was purchased on the plaza at Colotlan, September, 1897. (EB No, 25.) Euphorbia sp. YERBA DE GOLONDRINA. This plant is a sinall Euphorbia said to have come from the high mountains east of Acaponeta. (Herb. No. 1520 and EB No, 122.) It is boiled and used as a poultice to reduce swellings and cure sores, Jatropha curcas L. SANGRE GRADO. The plant is found in great quantities about fields. It is said to be used as a purgative, the seeds (physic nuts) being doubtless, as else where, the part used. . RHAMNACEAE. Karwinskia humboldtiana Zucc. MARGARITA,",365035,5,1897-1901,Internet Archive,mobot39088011696697,Smithsonian Libraries and Archives,English,,Public domain.  The BHL considers that this work is no longer under copyright protection.,"Acalypha phleoides (?). YERBA DEL CÁNCER. The leaves and stems of this plant are made into small bundles and dried. The leaves and flowers are crushed into a powder and applied to sores, etc. A tea is made from it and taken to cure itching. My specimens were purchased at the plaza in Colotlán, September 1897. (EB No. 26.) Euphorbia sp. YERBA DE COYOTE. A tea is made from the dried plant, which is supposed to relieve rheumatic pains. My specimen was purchased at the plaza in Colotlán, September 1897. (EB No. 25.) Euphorbia sp. YERBA DE GOLONDRINA. This plant is a small Euphorbia said to have come from the high mountains east of Acaponeta. (Herbarium No. 1520 and EB No. 122.) It is boiled and used as a poultice to reduce swellings and cure sores. Jatropha curcas L. SANGRE GRADO. The plant is found in great quantities around fields. It is said to be used as a purgative, with the seeds (physic nuts) being doubtless the part used. RHAMNACEAE. Karwinskia humboldtiana Zucc. MARGARITA."
Swietenia humilis,"FOLIAGE DISEASES Cephaleurous virescens Kunze Red rust A parasitic alga reported on Swietenia mahagoni from India (Bengal) and Sudan (as C. mycoidea, presumably identical with C. virescens). Damage not known. A similar alga, C. mycoidea Karst., parasitises many hosts and causes serious injury to tea and mango plants, particularly when it attacks young woody shoots. Cercospora subsessilis Sydow leaf spot Reported in India, Peru and Puerto Rico on Swietenia mahagoni and S. macrophylla. Spots 2-5mm. in diameter, zonate, tan, pale brown or gray. No additional information available. Colletotrichum gloeosporioides Penz. Anthracnose Associated with leaf spots and twig blights throughout tropics on mahogany and innumerable other species. Meliola swietenia Cif. Black mildew Reported in Dominican Republic on Swietenia mahagoni. Causes black patches on upper surface of leaves. Pestalotia swieteniae Gonz., Frag. & Cif. leaf spot Reported in Dominican Republic and United States (Florida) on Swietenia mahagoni. Causes large, irregular, marginal or apical, reddish later gray lesions. Conidia subfusoid, 22 x 5-7.5 microns, with 5-6 cells and the middle ones with 3 setae up to 17 microns long. Phyllachora balansae Speg. Leaf spot Reported in Dominican Republic on Swietenia humilis. Phyllachora swieteniae Petr. & Cif. Tar spot Reported in Dominican Republic and United States (Florida). Numerous black fruiting bodies in groups distort and disfig ure the leaves. Thread blight (cause unknown) Cobweb disease Reported in Java on 22-year-old Swietenia mahagoni. Attacks branches on underside. Affected parts covered with strong white mycelial cord which occasionally divides to form a network in creasing in density towards top. Mycelial cord attacks petioles a onoke",60897109,,,Internet Archive,CAT70295845,"U.S. Department of Agriculture, National Agricultural Library",English,The contributing institution believes that this item is not in copyright,Not provided. Contact Holding Institution to verify copyright status.,"Foliage Diseases

Cephaleuros virescens Kunze (Red rust): A parasitic alga reported on Swietenia mahagoni from India (Bengal) and Sudan (as C. mycoidea, presumably identical with C. virescens). Damage not known. A similar alga, C. mycoidea Karst., parasitizes many hosts and causes serious injury to tea and mango plants, particularly when it attacks young woody shoots.

Cercospora subsessilis Sydow (Leaf spot): Reported in India, Peru, and Puerto Rico on Swietenia mahagoni and S. macrophylla. Spots are 2-5 mm in diameter, zonate, tan, pale brown, or gray. No additional information available.

Colletotrichum gloeosporioides Penz. (Anthracnose): Associated with leaf spots and twig blights throughout the tropics on mahogany and numerous other species.

Meliola swietenia Cif. (Black mildew): Reported in the Dominican Republic on Swietenia mahagoni. Causes black patches on the upper surface of leaves.

Pestalotia swieteniae Gonz., Frag. & Cif. (Leaf spot): Reported in the Dominican Republic and the United States (Florida) on Swietenia mahagoni. Causes large, irregular, marginal or apical, reddish or gray lesions. Conidia are subfusoid, 22 x 5-7.5 microns, with 5-6 cells, and the middle ones have 3 setae up to 17 microns long.

Phyllachora balansae Speg. (Leaf spot): Reported in the Dominican Republic on Swietenia humilis.

Phyllachora swieteniae Petr. & Cif. (Tar spot): Reported in the Dominican Republic and the United States (Florida). Numerous black fruiting bodies in groups distort and disfigure the leaves.

Thread blight (cause unknown): Cobweb disease reported in Java on 22-year-old Swietenia mahagoni. Attacks branches on the underside. Affected parts are covered with a strong white mycelial cord, which occasionally divides to form a network increasing in density toward the top. The mycelial cord attacks petioles."
Swietenia humilis,"Meliaceae 607 Bosque seco y húmedo, 0-600+ m; NO vert. Carib., Lla¬ nura de Los Guatusos, vert. Pac. Cord. de Tilarán, llanuras de Guanacaste al S hasta vecindad de Esparza, Pens. de Santa Elena y de Nicoya, Isla San Lucas, región de Turrubares (Cerro Rayos), PN. Carara, región de Puriscal (PN. La Can¬ greja), cuenca del Río Grande de Candelaria, vecindad de Parrita, S Valle de General (Paso Real). Fl. ene.-mar. S Méx.-Bol. y Ven., Guyana Fr., Bras. (/. F. Morales 6043 ; CR, INB, MO) Esta sp. se distingue de Swietenia humilis por su tamaño generalmente más grande y hojas más grandes, con los folío¬ los agudos a cortamente acuminados en el ápice. Estas dife¬ rencias son poco confiables, por lo tanto posiblemente en un futuro y a raíz de estudios de ADN que se realizan en la ac¬ tualidad, ambas entidades puedan ser unidas en una sola sp. Además, al parecer se hibridizan naturalmente en los bosques secos de Guanacaste (ver bajo S. humilis). Swietenia macrophylla es una sp. maderable de gran im¬ portancia y sus poblaciones indígenas se han extirpado en muchas localidades. Sin embargo, se cultiva en plantaciones en las regiones trops. de todo el mundo. Swietenia macrophylla Trichilia Ca. 105 spp., Méx.-Bol. y Ven., Trin. & Tob., Guayanas, Bras., Par., Arg., Antillas, África trop. (14 spp.), Indomalasia (2 spp.); 13 spp. en CR. Árboles (raramente arbustos), dioicos o (menos frecuente) polígamos. Hojas usualmente imparipinnadas, menos frecuente trifolioladas o unifolioladas; folíolos opuestos, subopuestos o alternos, glabros o variadamente pubescentes, a veces glandular-punteados. Infls. axilares, usualmente tirsoides o paniculadas (menos frecuente cimosas, corimbosas, subumbeladas o de 1 fl. solitaria o pocas fls. fasciculadas). Fls. usualmente unisexuales (menos frecuente bisexuales); sépalos (3)4-6, connatos en un cáliz (3)4-6-lobulado; pétalos (3)4 ó 5(6), sepa¬ rados o parcialmente connatos, imbricados o valvados; estambres (4)5-10(11), separados o con los filamentos parcial o completamente connatos en un tubo cortamente cilindrico; anteras insertas apicalmente en los fila¬ mentos o en el margen del tubo estaminal; ovario 2 ó 3(4)-locular; óvulos 1 ó 2 por lóculo; estilo usualmente capitado, menos frecuente cónico o columnar. Frs. de forma variada, coriáceos y leñosos, loculicidas, dehis¬ centes por 2 ó 3(4) valvas; semillas 1 ó 2 por lóculo, completamente rodeadas por un arilo carnoso y delgado. Trichilia se distingue de los otros géneros de Meliaceae en CR por sus hojas usualmente impa¬ ripinnadas, con ca. 5-7 folíolos (raramente 1 ó 3) a menudo alternos o subopuestos y sus estambres separados o, si variadamente connatos, con las anteras insertas en el margen del tubo. Tal vez sea más probable que se confunda con una Sapindaceae (p.ej., Cupania o Matayba). 1 Hojas unifolioladas o, si trifolioladas, entonces con el raquis nulo. 2 Pecíolos sin alas; ovario con 2 óvulos por loculo; frs. con 1 ó 2 semillas en cada valva; bosque muy húmedo y pluvial, ambas verts. T. pallida T Pecíolos levemente alados; ovario con 1 óvulo por lóculo; frs. con 1 semilla en cada valva; bosque seco y húmedo, N vert. Pac. T. trifolia 1' Hojas pinnadamente compuestas, con 4-21 (-25) folíolos o, si raramente trifolioladas, entonces con el raquis desarrollado.",59947452,111,2007,Internet Archive,mobot31753003469787,"Missouri Botanical Garden, Peter H. Raven Library",Spanish,http://www.biodiversitylibrary.org/permissions,In copyright. Digitized with the permission of the rights holder.,"Aquí tienes el texto limpio y corregido, manteniendo la coherencia y eliminando las referencias a figuras o imágenes:

---

Meliaceae 607 Bosque seco y húmedo, 0-600+ m; NO vert. Carib., Llanura de Los Guatusos, vertiente Pacífica Cordillera de Tilarán, llanuras de Guanacaste al sur hasta la vecindad de Esparza, Pensiones de Santa Elena y de Nicoya, Isla San Lucas, región de Turrubares (Cerro Rayos), Parque Nacional Carara, región de Puriscal (Parque Nacional La Cangreja), cuenca del Río Grande de Candelaria, vecindad de Parrita, sur del Valle de General (Paso Real). Florece de enero a marzo. Distribución en México, Bolivia, Venezuela, Guyana Francesa, Brasil. (Referencia: F. Morales 6043; CR, INB, MO). Esta especie se distingue de Swietenia humilis por su tamaño generalmente mayor y hojas más grandes, con folíolos agudos o cortamente acuminados en el ápice. Estas diferencias son poco confiables, por lo que posiblemente en el futuro, y a raíz de estudios de ADN en curso, ambas entidades puedan ser unidas en una sola especie. Además, parece que se hibridan naturalmente en los bosques secos de Guanacaste. Swietenia macrophylla es una especie maderable de gran importancia, y sus poblaciones indígenas han sido extirpadas en muchas localidades. Sin embargo, se cultiva en plantaciones en regiones tropicales de todo el mundo.

Swietenia macrophylla

Trichilia Ca. 105 especies, en México, Bolivia, Venezuela, Trinidad y Tobago, Guayanas, Brasil, Paraguay, Argentina, Antillas, África tropical (14 especies), Indomalasia (2 especies); 13 especies en Costa Rica. Árboles (raramente arbustos), dioicos o (menos frecuente) polígamos. Hojas usualmente imparipinnadas, menos frecuente trifolioladas o unifolioladas; folíolos opuestos, subopuestos o alternos, glabros o pubescentes de manera variable, a veces glandular-punteados. Inflorescencias axilares, usualmente tirsoides o paniculadas (menos frecuentes cimosas, corimbosas, subumbeladas o con una flor solitaria o pocas flores fasciculadas). Flores usualmente unisexuales (menos frecuente bisexuales); sépalos (3)4-6, connatos en un cáliz (3)4-6-lobulado; pétalos (3)4 o 5(6), separados o parcialmente connatos, imbricados o valvados; estambres (4)5-10(11), separados o con los filamentos parcialmente o completamente connatos en un tubo cortamente cilíndrico; anteras insertas apicalmente en los filamentos o en el margen del tubo estaminal; ovario 2 o 3(4)-locular; óvulos 1 o 2 por lóculo; estilo usualmente capitado, menos frecuente cónico o columnar. Frutos de forma variada, coriáceos y leñosos, loculicidas, dehiscentes por 2 o 3(4) valvas; semillas 1 o 2 por lóculo, completamente rodeadas por un arilo carnoso y delgado. Trichilia se distingue de otros géneros de Meliaceae en Costa Rica por sus hojas usualmente imparipinnadas, con aproximadamente 5-7 folíolos (raramente 1 o 3), a menudo alternos o subopuestos, y sus estambres separados o, si están parcialmente connatos, con las anteras insertas en el margen del tubo. Es probable que se confunda más fácilmente con una especie de Sapindaceae (por ejemplo, Cupania o Matayba).

1. Hojas unifolioladas o, si trifolioladas, entonces con el raquis nulo.  
2. Pecíolos sin alas; ovario con 2 óvulos por lóculo; frutos con 1 o 2 semillas en cada valva; bosque muy húmedo y pluvial, en ambas vertientes.  
T. pallida

Pecíolos levemente alados; ovario con 1 óvulo por lóculo; frutos con 1 semilla en cada valva; bosque seco y húmedo, en la vertiente del Pacífico norte.  
T. trifolia

3. Hojas pinnadamente compuestas, con 4-21 (hasta 25) folíolos, o si son trifolioladas, entonces con el raquis desarrollado.

---

¿Quieres que continúe con alguna otra parte del texto o alguna otra instrucción?"
Swietenia humilis,"Abies guatemalensis C. America (high mountains) Batocar pus costaricensis Costa Rica, possibly Panama Caryocar costaricense Costa Rica, Panama Cynometra hemitomophylla Costa Rica Engelhardtia pterocarpa Costa Rica Guarea longipetiola Costa Rica, Panama, Honduras Platymiscium pleiostachyum Costa Rica Podocar pus costalis Philippines, Taiwan Podocar pus parlatorei Argentina, Bolivia, Peru Tachigalia versicolor Panama, Costa Rica, Colombia Vantanea barbourii Costa Rica, possibly Panama",31592922,,,Internet Archive,raretropicaltimb88oldf,"UNEP-WCMC, Cambridge",English,,Not provided. Contact Holding Institution to verify copyright status.,"Abies guatemalensis is found in Central America, particularly in high mountains. Batocarpus costaricensis is located in Costa Rica and possibly Panama. Caryocar costaricense is present in Costa Rica and Panama. Cynometra hemitomophylla is found in Costa Rica. Engelhardtia pterocarpa occurs in Costa Rica. Guarea longipetiola is found in Costa Rica, Panama, and Honduras. Platymiscium pleiostachyum is present in Costa Rica. Podocarpus costalis is found in the Philippines and Taiwan. Podocarpus parlatorei is located in Argentina, Bolivia, and Peru. Tachigalia versicolor is present in Panama, Costa Rica, and Colombia. Vantanea barbourii is found in Costa Rica and possibly Panama."
Swietenia humilis,"Cruz-Durán, Ramiro; García-Granados, María Elena / Amherstieae (Caesalpiniaceae) 9 aspecto de pulvínulo; folíolos oblongos, (0.8)1 a 1.5(1.7) crn de largo, 0.3 a 0.5(0.6) cm de ancho, opuestos, ápice obtuso a truncado, margen entero, haz y envés glabros, con venación reticulada evidente. Inflorescencias 5.5 a 11 cm de largo; pedúnculo ausente; raquis glabro; pedicelos 5 a 9 mm de largo, glabros; bractéolas 7 a 8 mm de largo, ca. 4 mm de ancho, elípticas, con margen ciliado, deciduas. Flores 1.5 a 2 cm de largo, hipando ca. 6 mm de largo; cáliz 1 cm de largo, lóbulos 7 a 9 mm de largo, 3 a 5 mm de ancho, oblongos; corolas amarillas, amarillo-anaranjadas, pétalos lanceolados, 9 a 11 mm de largo, 3 a 5 mm de ancho, con venación anaranjada, reticulada, evidente, estandarte ligeramente más corto; androceo 7 a 13 mm de largo, parte libre de los filamentos 5 a 6 mm de largo; gineceo 13 a 17 mm de largo, ovario glabro, estilo curvo. Frutos drupáceos, indehiscentes, péndulos, pardos, oblongos, subteretes, curvados, 6.5 a 12 cm de largo, 2 a 2.8 cm de ancho, puberulentos, suaves al tacto. Semillas hasta 10 por fruto, pardas, 1.8 a 2 cm de largo, 1.2 a 1.3 cm de ancho. Distribución: África, introducida en Asia, cultivada en América tropical, México (Baja California, Chiapas, Guerrero, Jalisco, México, Michoacán, Morelos, Oaxaca, Sonora, Tamaulipas, Veracruz). Ejemplares examinados: Municipio Acapulco de Juárez: Parque Papagayo, J.L Calzad®. & J.L.V Salinas 17648 (MEXU). Municipio Ahuacuotzingo: Trapiche Viejo, M.G. Covarrubias 15305 (FCME, UG). Municipio CMpancingo de los Bravo: Acahuizotla, J.L. Contreras 2033 (FCME). Municipio Coyuca de Benitez: Isla de Los Tamarindos, L. Lozada 836 (FCME). Coyuca de Benitez, A Madrigal2122 (MEXU). Municipio Cutzamala de Pinzón: Cutzamala, J.C. Soto 6091 (MEXU). Municipio Eduardo Neri: Xochipala, A. Gómez 1261 (FCME). Municipio Huamuxtitlán: 5 km al S de Fluamuxtitlán, por la carretera a Tlapa, J.L. Contreras 1984 (FCME, MEXU). Municipio Iguala de la Independencia: cruce de ferrocarril con la carretera a Ciudad Altamirano, J.L. Contreras 2558 (FCME). Iguala, J.F. Bruff 1510 (MEXU); S. Fuentes s.n. 6 enero 1955 (MEXU); D. Guzmán 6340 (FCME). Municipio Leonardo Bravo: Chichihualco, N. Moriega s.n. 19 noviembre 1981 (FCME). Municipio Ometepec: a 4 km de Ometepec, camino a La Soledad, G. Gaxiola 384 (FCME). Municipio Tlalchapa: Tlalchapa, N. Orozco 4 (MEXU). Municipio Zihuatanejo de Azueta: 12 km de Zihuatanejo, M.T. Germán et al. 260 (FCME, MEXU). Vallecitos de Zaragoza, 0.5 km al NE de entronque carretera Zihuatanejo-Lázaro Cárdenas, J.C. Soto 18102 (MEXU). Altitud: 1 a 1250 m. Tipos de vegetación: se conoce de sitios cercanos a los asentamientos humanos. Fenología: florece de abril a septiembre, raramente en enero y fructifica todo el año. Usos: los frutos son comestibles, la pulpa se utiliza para preparar agua fresca, para lavado de estómago y elaboración de conservas. También como árbol ornamental y para sombra en plazas o huertos familiares. Discusión: se le encuentra en suelos de ceniza arcillosa, aluviales, arcillosos, arenosos, calizos, someros y negro-rocosos. Es frecuente su asociación con Swietenia humilis Zuce., Byrsonima crassifolia (L.) Kunth y Enterolobium cyclocarpum (Jacq.) Griseb.",59489024,fasc.(80) 2017,2017,Internet Archive,floradeguerrerofascbu,"Facultad de Ciencias, UNAM",Spanish,http://biodiversitylibrary.org/permissions,In copyright. Digitized with the permission of the rights holder.,"Cruz-Durán, Ramiro; García-Granados, María Elena / Amherstieae (Caesalpiniaceae)

Aspecto de pulvínulo; folíolos oblongos, de 0.8 a 1.5 (hasta 1.7) cm de largo, y de 0.3 a 0.5 (hasta 0.6) cm de ancho, opuestos, con ápice obtuso a truncado, margen entero, con haz y envés glabros, y venación reticulada evidente. Las inflorescencias miden de 5.5 a 11 cm de largo; el pedúnculo está ausente; la raquis es glabra; los pedicelos miden de 5 a 9 mm de largo y son glabros; las bractéolas tienen de 7 a 8 mm de largo, aproximadamente 4 mm de ancho, son elípticas, con margen ciliado y deciduas. Las flores miden de 1.5 a 2 cm de largo, con un cáliz de aproximadamente 1 cm de largo; los lóbulos del cáliz son de 7 a 9 mm de largo y de 3 a 5 mm de ancho, oblongos. La corola es amarilla o amarillo-anaranjada, con pétalos lanceolados de 9 a 11 mm de largo y de 3 a 5 mm de ancho, con venación anaranjada reticulada y evidente, y el estandarte es ligeramente más corto. El androceo mide de 7 a 13 mm de largo, con la parte libre de los filamentos de 5 a 6 mm. El gineceo tiene de 13 a 17 mm de largo, con ovario glabro y estilo curvo. Los frutos son drupáceos, indehiscentes, péndulos, pardos, oblongos, subteretes, curvados, de 6.5 a 12 cm de largo y de 2 a 2.8 cm de ancho, puberulentos y suaves al tacto. Hasta 10 semillas pueden encontrarse por fruto, pardas, de 1.8 a 2 cm de largo y de 1.2 a 1.3 cm de ancho.

Distribución: en África, introducida en Asia, cultivada en América tropical, incluyendo México (Baja California, Chiapas, Guerrero, Jalisco, México, Michoacán, Morelos, Oaxaca, Sonora, Tamaulipas, Veracruz).

Ejemplares examinados: en el municipio de Acapulco de Juárez, en el Parque Papagayo, por J.L. Calzadá y J.L.V. Salinas, con número de colección 17648 (MEXU); en Ahuacuotzingo, en Trapiche Viejo, por M.G. Covarrubias, con número 15305 (FCME, UG); en Chilpancingo de los Bravo, en Acahuizotla, por J.L. Contreras, con número 2033 (FCME); en Coyuca de Benítez, en Isla de Los Tamarindos, por L. Lozada, con número 836 (FCME); en Coyuca de Benítez, por A. Madrigal, con número 2122 (MEXU); en Cutzamala de Pinzón, en Cutzamala, por J.C. Soto, con número 6091 (MEXU); en Eduardo Neri, en Xochipala, por A. Gómez, con número 1261 (FCME); en Huamuxtitlán, a 5 km al sur de Fluamuxtitlán, por J.L. Contreras, con número 1984 (FCME, MEXU); en Iguala de la Independencia, en el cruce de ferrocarril con la carretera a Ciudad Altamirano, por J.L. Contreras, con número 2558 (FCME); en Iguala, por J.F. Bruff, con número 1510 (MEXU); en Zihuatanejo de Azueta, a 12 km de Zihuatanejo, por M.T. Germán y otros, con número 260 (FCME, MEXU); en Vallecitos de Zaragoza, a 0.5 km al noreste del entronque de la carretera Zihuatanejo-Lázaro Cárdenas, por J.C. Soto, con número 18102 (MEXU).

Altitud: de 1 a 1250 m.

Tipos de vegetación: se encuentra en sitios cercanos a asentamientos humanos.

Fenología: florece de abril a septiembre, raramente en enero, y fructifica durante todo el año.

Usos: los frutos son comestibles; la pulpa se utiliza para preparar agua fresca, lavado de estómago y elaboración de conservas. También se emplea como árbol ornamental y para sombra en plazas o huertos familiares.

Discusión: se encuentra en suelos de ceniza arcillosa, aluviales, arcillosos, arenosos, calizos, someros y negro-rocosos. Es frecuente su asociación con Swietenia humilis, Byrsonima crassifolia y Enterolobium cyclocarpum."
Swietenia humilis,"A very large timber tree which has an extensive natural distribution in various forest types. This species is the most commercially important of the mahoganies. The level of exploitation has led to the exhaustion of supplies particularly in the northern parts of its range. The ecology of northern populations is relatively well understood whereas virtually nothing is known about Amazonian populations. Basic inventories are lacking for most of its range. Good stands apparently still remain in parts of Brazil and Bolivia. Regeneration of the species is stochastic, depending in nature on large-scale disturbance. This ecological strategy makes mahogany vulnerable to logging regimes. Harvesting and processing are generally only 50 percent efficient. There is, at present, little economic incentive to manage natural stands sustainably. International trade in timber of the species is subject to the provisions of Appendix III of *CITES.",31558187,,,Internet Archive,worldlistofthrea98oldf,"UNEP-WCMC, Cambridge",English,,"Copyright owner: WCMC, IUCN","A very large timber tree with an extensive natural distribution across various forest types. This species is the most commercially important of the mahoganies. The level of exploitation has led to the depletion of supplies, particularly in the northern parts of its range. The ecology of northern populations is relatively well understood, whereas virtually nothing is known about Amazonian populations. Basic inventories are lacking for most of its range. Good stands apparently still remain in parts of Brazil and Bolivia. Regeneration of the species is stochastic and largely depends on large-scale disturbances. This ecological strategy makes mahogany vulnerable to logging regimes. Harvesting and processing are generally only 50 percent efficient. Currently, there is little economic incentive to manage natural stands sustainably. International trade in the timber of this species is subject to the provisions of Appendix III of *CITES*."
Swietenia humilis,"Brazil (Minas Gerais) A small palm tree of *cerrado and *campo rupestre on rocky outcrops, confined to Serra da Diamantina of Minas Gerais. Population numbers are declining at an alarming rate. Only a few small trees remain and mature individuals are almost completely absent from certain rocky areas. There is evidence that adult palms have been collected, possibly transplanted into cultivation. Assessor: Noblick, L.",31558187,,,Internet Archive,worldlistofthrea98oldf,"UNEP-WCMC, Cambridge",English,,"Copyright owner: WCMC, IUCN","Brazil (Minas Gerais): A small palm tree found in the cerrado and campo rupestre on rocky outcrops, confined to Serra da Diamantina in Minas Gerais. Population numbers are declining at an alarming rate. Only a few small trees remain, and mature individuals are almost completely absent from certain rocky areas. There is evidence that adult palms have been collected, possibly transplanted into cultivation. Assessor: Noblick, L."
Swietenia humilis,"An eight-foot length of the trunk of a Guatemalan cow-tree, sent to the Museum by the United Fruit Company at the request of Professor Record, was installed as an exhibit in a special case in Hall 27, together with a jar of the latex or ""milk,'""' a sample of the wood, and photographs showing the tree in its natural habitat. The cow-tree was discovered only a few years ago, and it is con fined to a small region near the coast of Guatemala. The ""milk"" looks exactly like cow's milk. Being of agreeable flavor, it is some times drunk by natives as a beverage.",4352350,,,Internet Archive,annualreportofdi81fiel,"University Library, University of Illinois Urbana Champaign",English,,In copyright. Digitized with the permission of the Chicago Field Museum.  For information contact dcc@library.uiuc.edu.,"An eight-foot length of the trunk of a Guatemalan cow-tree, sent to the Museum by the United Fruit Company at the request of Professor Record, was installed as an exhibit in a special case in Hall 27, along with a jar of the latex or ""milk,"" a sample of the wood, and photographs showing the tree in its natural habitat. The cow-tree was discovered only a few years ago and is confined to a small region near the coast of Guatemala. The ""milk"" looks exactly like cow's milk. Being of an agreeable flavor, it is sometimes drunk by natives as a beverage."
Galictis vittata,"the strong smelling fluid, the meat is considered by the natives to be excellent food."" These observations agree for the most part with those of Catesby, who says :-"" When one of them is attacked by a dog, to appear formidable it so changes its usual form, by bristling up its hairs and contracting its length into a round form, that it makes a very terrible appearance. This menacing behaviour, however insufficient to deter its enemy, is seconded by a repulse far more prevail ing; for from some secret duct it emits such fetid effluvia that the atmosphere, for a large space around, shall be so infected with it that men and other animals are impatient till they are quit of it. The stench is insupportable to some dogs, and necessitates them to let their game escape ; others, by thrusting their noses into the earth, renew their attacks till they have killed it; but rarely care to have more to do with such noisome game, which for four or five hours distracts them. The Indians, notwithstanding, esteem their flesh a dainty, of which I have eaten and found it well tasted. I have known them brought up young, made domestic, and prove tame and very active, without exercising that faculty which fear and self-preservation perhaps only prompt them to."" Like its congeners, the skunk does not entirely confine itself to an animal diet, vegetable matters, especially fruit, being sought in the absence of small quadrupeds, frogs, and insects. The female produces from six to ten young at a birth. In the Catalogue of Mammalia preserved in the British Museum, this species is called by Dr. Gray Mephitis varians.",28264300,2,,Internet Archive,museumofnaturalh21869rich,Smithsonian Libraries and Archives,English,,Public domain. The BHL considers that this work is no longer under copyright protection.,"The strong-smelling fluid and the meat are considered by the natives to be excellent food. These observations largely agree with those of Catesby, who states: ""When one of them is attacked by a dog, to appear formidable, it so changes its usual form by bristling up its hairs and contracting its length into a round shape that it makes a very terrible appearance. This menacing behavior, however, is insufficient to deter its enemy and is complemented by a far more effective repulsion; from a secret duct, it emits such fetid effluvia that the atmosphere for a large surrounding area becomes so infected that men and other animals are eager to escape it. The stench is insupportable to some dogs, forcing them to let their prey escape; others, by thrusting their noses into the earth, renew their attacks until they have killed it. However, they rarely wish to continue dealing with such noisome game, which distracts them for four or five hours. Despite this, the Indians esteem their flesh a delicacy, and I have eaten it and found it to be well tasted. I have known them to be raised from a young age, made domestic, and become tame and very active, without exercising the faculties that fear and self-preservation might prompt."" 

Like its relatives, the skunk does not solely rely on an animal diet; it also seeks vegetable matter, especially fruit, when small quadrupeds, frogs, and insects are scarce. The female produces from six to ten young at a time. In the Catalogue of Mammalia preserved in the British Museum, this species is called Mephitis varians by Dr. Gray."
Galictis vittata,"alligators, which in general were stupidly tame. On gomug into the room in the morning, I found the grison at large, and one of the alligators dead, with a hole eaten under the fore-leg, where the great nerves and bloodvessels were torn through ; and the other alligator began snapping furiously at every one who attempted to approach it."" The same eminent naturalist else-",28264301,2,,Internet Archive,museumofnaturalh21869rich,Smithsonian Libraries and Archives,English,,Public domain. The BHL considers that this work is no longer under copyright protection.,"Alligators, which in general were surprisingly tame. When I went into the room in the morning, I found the grison at large and one of the alligators dead, with a hole eaten under the foreleg where the great nerves and blood vessels were torn through. The other alligator began snapping furiously at anyone who attempted to approach it."
Galictis vittata,"ALLAMAND'S GRISON ((Galictis Allamandi), ap pears to be a well-marked form. Mr. Bell has given a beautiful figure of it, accompanied with another of the above, in the second volume of the Transactions of the Zoological Society. According to his description, ""this species, though evidently distinct from the former, exhibits the same general character of colour and marking, with some remarkable differences, however, which, though not easily expressed in a specific phrase, are tangible and important. The whole of those parts",28264301,2,,Internet Archive,museumofnaturalh21869rich,Smithsonian Libraries and Archives,English,,Public domain. The BHL considers that this work is no longer under copyright protection.,"Allamand's grison (Galictis allamandi) appears to be a well-marked form. Mr. Bell has provided a detailed illustration of it, along with another of the same species, in the second volume of the Transactions of the Zoological Society. According to his description, ""this species, though evidently distinct from the former, exhibits the same general character of color and marking, with some remarkable differences, which, though not easily expressed in a specific phrase, are tangible and important."""
Lonchophylla robusta,"Parasites from Louisiana crayfishes, by Franklin Sogandares-Bemal, pp. 79-85 (June 23, 1965) A new subspecies of the crawfish Orconectes leptogonopodus from the Ouachita River drain age in Arkansas, by J. F. Fitzpatrick, Jr., pp. S(-Ol y(junew23se1 965). es eee Ecological distribution and activity periods of bats of the Mogollon Mountains area of New Mexico and adjacent Arizona, by Clyde Jones, pp. 93-100 (October 11, 1965)",4305452,17,,Internet Archive,tulanestudiesinz17tula,"Harvard University, Museum of Comparative Zoology, Ernst Mayr Library",English,https://biodiversitylibrary.org/permissions,In copyright. Digitized with the permission of the rights holder.,"Parasites from Louisiana crayfishes, by Franklin Sogandares-Bemal, pp. 79-85 (June 23, 1965). A new subspecies of the crawfish Orconectes leptogonopodus from the Ouachita River drainage in Arkansas, by J. F. Fitzpatrick, Jr., pp. 85-91 (June 23, 1965). Ecological distribution and activity periods of bats of the Mogollon Mountains area of New Mexico and adjacent Arizona, by Clyde Jones, pp. 93-100 (October 11, 1965)."
Lonchophylla robusta,"Two new species of the Genus Cambarus from Arkansas (Decapoda, Astacidae), by Rollin DeWayne Reimer, pp. 9-15 (March 17, 1966) Speocirolana thermydronis, a new species of cirolanid isopod crustacean from _ central Coahuila, Mexico, by Gerald A. Cole and W. L. Minckley, pp. 17-22 (March 17, 1966) Social organization of the South American monkey, Callicebus moloch: a _ preliminary report, by William A. Mason, pp. 23-28 (March 17, 1966)",4305452,17,,Internet Archive,tulanestudiesinz17tula,"Harvard University, Museum of Comparative Zoology, Ernst Mayr Library",English,https://biodiversitylibrary.org/permissions,In copyright. Digitized with the permission of the rights holder.,"Two new species of the genus Cambarus from Arkansas (Decapoda, Astacidae), by Rollin DeWayne Reimer, pp. 9-15 (March 17, 1966).  
Speocirolana thermydronis, a new species of cirolanid isopod crustacean from central Coahuila, Mexico, by Gerald A. Cole and W. L. Minckley, pp. 17-22 (March 17, 1966).  
Social organization of the South American monkey, Callicebus moloch: a preliminary report, by William A. Mason, pp. 23-28 (March 17, 1966)."
Lonchophylla robusta,"CADENA ET AL.COLOMBIAN MAMMALS 7 Anoura geoffroyi Gray, 1838 This species exhibits narrow lower second and third prernolars in contrast to the thick ones of latidens, the other Anoura without a tail (Handley, 1984). Habitat. We netted this bat in a disturbed forest in La Guaraperia. Remarks. This individual lacked first and sec¬ ond upper and lower molars. Phillips et al. (1969) docu¬ mented a similar phenomenon in Leptonycteris nivalis and showed macronyssid mites to have caused the ab¬ normality. Specimen examined (1).NARINO, Mpio. Barbacoas, Corr. Altaquer: ca. 2 km NW Junin, La Guaraperia, 900 m, 1 (subadult ? ICN 13640, TOT 56, TAIL 0, TIB-FT 23, EAR 14.1, FA 36.3, WHT12). Subfamily LONCHOPHYLLINAE Lonchophylla mordax Thomas, 1908 Lonchophylla mordax and L. thomasi represent the two smaller species of the genus present in Colom¬ bia. The measurements for this individual match those of mordax (Taddei et ah, 1983) and agree with previ¬ ously verified specimens of mordax in the ICN collec¬ tion. Habitat. -This specimen was captured near ba¬ nana plantings in rural vegetation. Reproduction .The individual displayed scrotal testes. Specimen examined (1).NARINO, Mpio. Barbacoas, Corr. Altaquer: town of Altaquer, 1400 m, 1 (dTCN 13647, TOT 68, TAIL 12, TIB-FT 23,5, EAR 14.8, FA 34.3, WHT 10). Lonchophylla robusta Miller, 1912 Alberico and Orejuela (1982) reported L. handleyi for Colombia based on a robustalike specimen near Junin in Narino at 870 m, and subsequently Alberico (1987) noted the collection of another from the Departmento del Valle at 480 m. Those identifications were based on measurements that were larger than those for robusta from western areas of the country. Our speci¬ mens (Table 3) also generally fall in the ranges of handleyi from Ecuador (Hill, 1980) as well as in the key to the genus (Taddei etal., 1983). However, a well developed basal internal cusp on the upper premolar, which characterizes robusta (Hill, 1980; Taddei ct al., 1983), is present in ICN 13648, and to a lesser degree in ICN 13649. These specimens also lack the fringe of hairs on the posterior of the uropatagium which charac¬ terizes L. handleyi (Hill, 1980). Thus, we place more Table 3. Selected measurements 0 / LonchophyllaTram middle elevations in western Narino, Colombia (present study) and Ecuador (Hill, 1980). Protocols are according to Hill (1980), and measurements are given as the mean, range, and sample size. L. handleyi (Ecuador) L. robusta (Narino) L. robusta (Ecuador) Length of palate 16.8(16.1 -17.5), 15 15.5(15.515.5), 2 13.9(13.6-14.4),9 Greatest length of skull 28.5(27,5-29.2), 16 27.8 (27.2-28.3), 2 25.9 (25.3-26.2), 9 Mastoid breadth 11.4 (10.912.0), 16 11.6(11.4-11.7), 2 10.5 (10.2-10.8), 9 CM 3 (upper tooth row) 10.6(10.2-11.0), 16 10.4(10.2-10.5), 2 9.4 (9.1 -9.6), 9 cm 3 (lower tooth row) 10.9(10.5-11.4), 16 10.6(10.5-10.6), 2 9.8 (9.5-10.0), 9 Length complete mandible from condyles 19.8(19.1 -20.3), 14 19.3(19.1 -19.4), 2 17.3(17.0-17.6), 8 Tibia 18.0(17.0-18.5), 18 17.2(16.0 18.4), 2 16.8(16.0-17.5),9",55100627,180,1998,Internet Archive,colombianmammal180cade,Museum of Texas Tech University,English,http://biodiversitylibrary.org/permissions,In copyright. Digitized with the permission of the rights holder.,"Here is the cleaned and corrected version of your text:

---

**Anoura geoffroyi Gray, 1838**  
This species exhibits narrow lower second and third premolars in contrast to the thick ones of latidens, the other Anoura without a tail (Handley, 1984).  

**Habitat:**  
We netted this bat in a disturbed forest in La Guaraperia.  

**Remarks:**  
This individual lacked the first and second upper and lower molars. Phillips et al. (1969) documented a similar phenomenon in *Leptonycteris nivalis* and showed that macronyssid mites caused the abnormality.  

**Specimen examined (1):**  
Nariño, municipality of Barbacoas, Altaquer corridor: approximately 2 km northwest of Junín, La Guaraperia, at 900 m elevation.  
- ICN 13640  
- Total length: 56 mm  
- Tail length: 0 mm  
- Tibia: 23 mm  
- Ear: 14.1 mm  
- Forearm: 36.3 mm  
- White hair length: 12 mm  

---

**Subfamily LONCHOPHYLLINAE**  

**Lonchophylla mordax Thomas, 1908**  
*Lonchophylla mordax* and *L. thomasi* are the two smaller species of the genus present in Colombia. The measurements for this individual match those of *mordax* (Taddei et al., 1983) and agree with previously verified specimens of *mordax* in the ICN collection.  

**Habitat:**  
This specimen was captured near banana plantings in rural vegetation.  

**Reproduction:**  
The individual displayed scrotal testes.  

**Specimen examined (1):**  
Nariño, municipality of Barbacoas, Altaquer corridor: town of Altaquer, at 1400 m elevation.  
- dTCN 13647  
- Total length: 68 mm  
- Tail length: 12 mm  
- Tibia: 23.5 mm  
- Ear: 14.8 mm  
- Forearm: 34.3 mm  
- White hair length: 10 mm  

---

**Lonchophylla robusta Miller, 1912**  
Alberico and Orejuela (1982) reported *L. handleyi* for Colombia based on a robustalike specimen near Junín in Nariño at 870 m, and subsequently Alberico (1987) noted the collection of another from the Department of Valle at 480 m. Those identifications were based on measurements larger than those for *robusta* from western areas of the country.  

Our specimens (Table 3) generally fall within the ranges of *handleyi* from Ecuador (Hill, 1980) as well as in the key to the genus (Taddei et al., 1983). However, a well-developed basal internal cusp on the upper premolar, which characterizes *robusta* (Hill, 1980; Taddei et al., 1983), is present in ICN 13648, and to a lesser degree in ICN 13649.  

These specimens also lack the fringe of hairs on the posterior of the uropatagium, which characterizes *L. handleyi* (Hill, 1980).  

**Table 3. Selected measurements of *Lonchophylla* from middle elevations in western Nariño, Colombia (present study) and Ecuador (Hill, 1980).**  
Protocols follow Hill (1980), and measurements are given as the mean, range, and sample size.  

| Measurement | *L. handleyi* (Ecuador) | *L. robusta* (Nariño) | *L. robusta* (Ecuador) |  
|--------------|-------------------------|------------------------|------------------------|  
| Length of palate | 16.8 (16.1–17.5), 15 | 15.5 (15.5–15.5), 2 | 13.9 (13.6–14.4), 9 |  
| Greatest length of skull | 28.5 (27.5–29.2), 16 | 27.8 (27.2–28.3), 2 | 25.9 (25.3–26.2), 9 |  
| Mastoid breadth | 11.4 (10.9–12.0), 16 | 11.6 (11.4–11.7), 2 | 10.5 (10.2–10.8), 9 |  
| CM 3 (upper tooth row) | 10.6 (10.2–11.0), 16 | 10.4 (10.2–10.5), 2 | 9.4 (9.1–9.6), 9 |  
| CM 3 (lower tooth row) | 10.9 (10.5–11.4), 16 | 10.6 (10.5–10.6), 2 | 9.8 (9.5–10.0), 9 |  
| Length of complete mandible from condyles | 19.8 (19.1–20.3), 14 | 19.3 (19.1–19.4), 2 | 17.3 (17.0–17.6), 8 |  
| Tibia | 18.0 (17.0–18.5), 18 | 17.2 (16.0–18.4), 2 | 16.8 (16.0–17.5), 9 |  

---

Let me know if you'd like any further revisions!"
Lonchophylla robusta,"Etheostoma (Oligocephalus) mnuchale, a new darter from a limestone spring in Alabama, by William Mike Howell and Richard Dale Caldwell, pp. 101-108 (October 11, 1965) Early developmental stages of the rock shrimp, Sicyonia brevirostris Stimpson, reared in the laboratory, by Harry L. Cook and M. Alice Murphy, pp. 109-127 (October 11, 1965) Fishes taken in monthly trawl samples off shore of Pinellas County, Florida, with new additions to the fish fauna of the Tampa Bay area, by Martin A. Moe, Jr., and George T. Martin, pp. 129-151 (October 11, 1965) Complete volume, including title page, table of contents, and index (unbound)",4305476,17,,Internet Archive,tulanestudiesinz17tula,"Harvard University, Museum of Comparative Zoology, Ernst Mayr Library",English,https://biodiversitylibrary.org/permissions,In copyright. Digitized with the permission of the rights holder.,"Etheostoma (Oligocephalus) mnuchale, a new darter from a limestone spring in Alabama, by William Mike Howell and Richard Dale Caldwell, pp. 101-108 (October 11, 1965).  
Early developmental stages of the rock shrimp, Sicyonia brevirostris Stimpson, reared in the laboratory, by Harry L. Cook and M. Alice Murphy, pp. 109-127 (October 11, 1965).  
Fishes taken in monthly trawl samples offshore of Pinellas County, Florida, with new additions to the fish fauna of the Tampa Bay area, by Martin A. Moe, Jr., and George T. Martin, pp. 129-151 (October 11, 1965).  
Complete volume, including title page, table of contents, and index (unbound)."
Phyllostomus discolor,"12 Contributions in Science No. 207 Frio Cave, 17 Nov. 1956, Mormoops megalophylla senicula (3). WEST INDIES. Bahama Isl. (Brennan, 1967), New Providence: Hunt's Cave, 22 Aug. 1949, Erophylla sezekorni (1). CURACAO (Brennan, 1967): Cave of Hato, 22 Dec. 1950, Glossophaga elongata (1). TRINIDAD (Brennan and White, 1960 and/or Brennan and Jones, 1960), St. Andrew Co.: Tamana Hill Cave, 12 June 1956, 3 Chilonycteris rubiginosa rubiginosa (16), 20 Nov. 1957, Mormoops tumidiceps (5), M. megalophylla (4). Microtrombicula carmenae (Brennan and Jones) , NEW COMBINATION Figure 4 Trombicula carmenae Brennan and Jones, 1960: 512, holotype from Em peror Valley Zoo, Port of Spain, St. George Co., Trinidad, host Phyllos tomus discolor, Goodwin and Greenhall, 1961 : 204; Brennan and Yunker, 1966: 253. Eltonella {El ton ell a) carmenae, Vercammen-Grandjean, 1965 : 44. Diagnosis. Larva similar to Microtrombicula starretti new species, and M. sturnirae new species, in having coxa III unisetose, 2 pairs of sternal setae, 3 genualae I, and palpotibial claw trifurcate, and differing from M. starretti in having sensilla with 2-3 branches (M. starretti with 12 branches) and from M. sturnirae in having coxa III medial, not marginal (on or near anterodistal margin in M. sturnirae). Description of species (based on the holotype after Brennan and Jones, 1960, 1 paratype, 3 referred slides from RML and specimens examined). Body partly engorged, 465 by 300; eyes 2/2, anterior lens larger or equal in size with posterior lens, no ocular plate. Dorsal setae 2-6-6-6-4-2-2, total 28; measurements (paratype) of hu meral seta 37, anterior dorsal seta 37, posterior dorsal seta 32. Ventral setae (paratype) 2-2 (sternals) 4-2-6-6-4-4, total 30; measure ments of anterosternal seta 22, posterosternal seta 23, anterior ventral seta 22, posterior ventral seta 29. Scutum : Subpentagonal, lightly punctate; sensilla flagelliform with 2-3 long distal branches. Scutal measurements ( 1 paratype in parentheses) : AW 48 (46), PW 60 (58), SB 18 (15), ASB 26 (24), PSB 20 (21), AP 21 (21), AM 31 (28), AL 23, (21 ), PL 36 (35), S 44 (39). Scutal measurements including the mean and range of selected samples (in parentheses) : Costa Rica (11): AW 45, 42-49; PW 55, 53-57; SB 15, 15-16; ASB 23, 22-27; PSB 23, 20-24; AP 23, 21-26; AM 30, 27-32 (10); AL 22, 20-24; PL 36, 34-39. Nicaragua (11): AW 49, 46-50; PW 58, 57-59; SB 16, 15-19; ASB 26, 23-29; PSB 25.5, 24-27; AP 25, 22-27; AM 30, 24-32 (9); AL 24, 23-27; PL 40, 47-42. Oaxaca, Mexico (10): AW 49, 46-53 (8);PW 62, 56-70 (9); SB 17, 15-19 (9); ASB 26, 24-30 (9); PSB 25, 23-28 (9); AP 25, 22-28; AM 29, 24-31 (5); AL 24, 22-27; PL 39, 34-42 (6). Gnathosoma: Cheliceral blade with small tricuspid cap; cheliceral base",52096176,207,1971,Internet Archive,contributio2062181971losa,Smithsonian Libraries and Archives,English,https://www.biodiversitylibrary.org/permissions/,In Copyright. Digitized with the permission of the rights holder,"12 Contributions in Science No. 207 Frio Cave, 17 Nov. 1956, Mormoops megalophylla senicula (3). WEST INDIES. Bahama Islands (Brennan, 1967), New Providence: Hunt's Cave, 22 Aug. 1949, Erophylla sezekorni (1). CURACAO (Brennan, 1967): Cave of Hato, 22 Dec. 1950, Glossophaga elongata (1). TRINIDAD (Brennan and White, 1960, and/or Brennan and Jones, 1960), St. Andrew Co.: Tamana Hill Cave, 12 June 1956, 3 Chilonycteris rubiginosa rubiginosa (16), 20 Nov. 1957, Mormoops tumidiceps (5), M. megalophylla (4). Microtrombicula carmenae (Brennan and Jones), new combination. 

Diagnosis: Larva similar to Microtrombicula starretti and M. sturnirae, in having coxa III unisetose, two pairs of sternal setae, three genualae I, and a palpotibial claw trifurcate. It differs from M. starretti in having sensilla with 2-3 branches (M. starretti has 12 branches) and from M. sturnirae in having coxa III medial, not marginal (on or near the anterodistal margin in M. sturnirae).

Description of species (based on the holotype after Brennan and Jones, 1960, one paratype, three referred slides from RML, and examined specimens): The body is partly engorged, measuring 465 by 300 micrometers; eyes 2/2, with the anterior lens larger or equal in size to the posterior lens; no ocular plate. Dorsal setae are 2-6-6-6-4-2-2, totaling 28; measurements (paratype) of humeral seta 37, anterior dorsal seta 37, posterior dorsal seta 32. Ventral setae (paratype) are 2-2 (sternals), 4-2-6-6-4-4, totaling 30; measurements of anterosternal seta 22, posterosternal seta 23, anterior ventral seta 22, posterior ventral seta 29.

Scutum: Subpentagonal, lightly punctate; sensilla flagelliform with 2-3 long distal branches. Scutal measurements (one paratype in parentheses): AW 48 (46), PW 60 (58), SB 18 (15), ASB 26 (24), PSB 20 (21), AP 21 (21), AM 31 (28), AL 23 (21), PL 36 (35), S 44 (39). 

Additional measurements including the mean and range of selected samples (in parentheses): 

- Costa Rica (11): AW 45 (42-49), PW 55 (53-57), SB 15 (15-16), ASB 23 (22-27), PSB 23 (20-24), AP 23 (21-26), AM 30 (27-32), AL 22 (20-24), PL 36 (34-39). 

- Nicaragua (11): AW 49 (46-50), PW 58 (57-59), SB 16 (15-19), ASB 26 (23-29), PSB 25.5 (24-27), AP 25 (22-27), AM 30 (24-32), AL 24 (23-27), PL 40 (37-42). 

- Oaxaca, Mexico (10): AW 49 (46-53), PW 62 (56-70), SB 17 (15-19), ASB 26 (24-30), PSB 25 (23-28), AP 25 (22-28), AM 29 (24-31), AL 24 (22-27), PL 39 (34-42). 

Gnathosoma: Cheliceral blade with a small tricuspid cap; cheliceral base."
Phyllostomus discolor,"longirostris con abundancias relativas de 30.19% y 27.45%, respectivamente. Le siguen con valores intermedios de abundancia A. lituratus (11.57%), A. jamaicensis (7.25%) y G. soricina (5.68%) y con valores menores de 4% se encuentran C. perspicillata, L. curasoae, M. megalotis y C. brevicauda. Sólo dos de las especies de murciéla gos frugívoros son propias de zonas áridas: Glossophaga longirostris y Leptonycteris curasoae (30.39% de los individuos capturados), mientras que las especies restantes son propias de bosques húmedos.",31568813,,,Internet Archive,boletindelasocie691998soci,Smithsonian Libraries and Archives,Spanish,https://biodiversitylibrary.org/permissions,In copyright. Digitized with the permission of the rights holder.,"Longirostris con abundancias relativas del 30.19% y 27.45%, respectivamente. Le siguen con valores intermedios de abundancia A. lituratus (11.57%), A. jamaicensis (7.25%) y G. soricina (5.68%). Con valores menores al 4% se encuentran C. perspicillata, L. curasoae, M. megalotis y C. brevicauda. Solo dos de las especies de murciélagos frugívoros son propias de zonas áridas: Glossophaga longirostris y Leptonycteris curasoae, que representan el 30.39% de los individuos capturados, mientras que las especies restantes son propias de bosques húmedos."
Phyllostomus discolor,"BIOLOGY OF THE PHYLLOSTOMATIDAE 91 day but which cooled naturally to 21° during the night. The relative humidity was fairly constant at about 50 per cent. At an elevation of 2545 meters, where vampires do not normally occur in Mexico, Schmidt and Greenhall (1972:243) attempted to maintain a laboratory temperature of between 25° and 30°C and a relative humidity above 55 per cent for Desmodus . At this elevation there were problems in controlling an acceptable temperature and relative humidity. Power failures, aggravated by the lack of a standby generator for emergency use, com¬ plicated matters. We normally used thermostatically controlled electric heaters and infrared heat lamps to maintain the temperature and cool mist electric humidifiers to control relative humidity. Uwe Schmidt (personal communication) reported Desmodus thrived in his animal room in Germany, which was main¬ tained at a constant temperature of 27°C and a relative humidity of between 65 and 75 per cent. Daily fluctuation in temperature and relative humidity can be monitored with a hygrothermograph. The thermograph readings should be calibrated with an accurate minimum-maximum thermometer; the hydrograph with a wet and dry bulb hygrometer. Ventilation. -There is practically no information on the importance of ventilation and circulation of air in laboratories housing bats. Pye (1967) cautions that many bat species are sensitive to draughts and overventilation should be avoided. In my experience, bats in poorly ventilated laboratories appear restless. Light Light appears to be an important factor in regulating the daily activities of bats (DeCoursey and DeCoursey, 1964). Uwe Schmidt (personal communica¬ tion) claimed that a colleague investigating daily bat activity found that Phyl lostomus discolor , Carollia perspicillata, and Artibeus lituratus died when kept continuously in total darkness for 10 days. Illumination is automatically con¬ trolled in many laboratories and 13 hours of light and 11 hours of darkness has been found to be satisfactory for Phyllostomus discolor, Sturnira lilium , and Artibeus lituratus (Rasweiler and Ishiyama, 1973), Glossophaga soricina, Anoura caudifer, and Carollia perspicillata (Rasweiler and de Bonilla, 1972), Desmodus rotundus and Diaemus youngii (Dickson and Green, 1970), and Desmodus rotundus (Schmidt and Greenhall, 1972). Many of the same phyllostomatids, except Diaemus, have been displayed successfully in a large simulated South American cave and tropical rain forest exhibit at the New York Zoological Park where, by varying the intensities of white, blue, green, and occasionally red light, the activity patterns of the bats were reversed. Vampire bats kept by Wimsatt and Guerriere (1961) were subjected to low-intensity illumination from light entering through two glass-brick windows and glass panel in a door. The bat cage itself further reduced the light because only the front was made of trans¬ parent material. Electric lights were turned on in the bat room only briefly when the cages were cleaned or the animals were being attended. No effort was made by the investigators to control the light regime because wild vampires are found in roosts receiving varying intensities of light.",55008854,10,1976,Internet Archive,biologybatsneww10bake,Museum of Texas Tech University,English,http://biodiversitylibrary.org/permissions,In copyright. Digitized with the permission of the rights holder.,"BIOLOGY OF THE PHYLLOSTOMATIDAE

A 91-day period was observed, during which the temperature naturally cooled to 21°C at night. The relative humidity remained fairly constant at about 50 percent. At an elevation of 2,545 meters, where vampires do not normally occur in Mexico, Schmidt and Greenhall (1972:243) attempted to maintain laboratory conditions with temperatures between 25°C and 30°C and a relative humidity above 55 percent for Desmodus. Controlling an acceptable temperature and humidity at this elevation proved challenging due to power failures, which were worsened by the absence of a standby generator for emergencies. Typically, thermostatically controlled electric heaters and infrared heat lamps were used to maintain temperature, while cool mist electric humidifiers managed humidity. Uwe Schmidt (personal communication) reported that Desmodus thrived in his animal room in Germany, which was maintained at a constant temperature of 27°C and a relative humidity between 65 and 75 percent. Daily fluctuations in temperature and humidity can be monitored with a hygrothermograph, which should be calibrated with an accurate minimum-maximum thermometer, and a hydrograph, which should be calibrated with a wet and dry bulb hygrometer.

Ventilation – There is little information on the importance of ventilation and air circulation in laboratories housing bats. Pye (1967) cautions that many bat species are sensitive to drafts and over-ventilation should be avoided. In my experience, bats in poorly ventilated laboratories tend to appear restless.

Light – Light appears to be an important factor in regulating the daily activities of bats (DeCoursey and DeCoursey, 1964). Uwe Schmidt (personal communication) claimed that a colleague investigating daily bat activity found that Phyllostomus discolor, Carollia perspicillata, and Artibeus lituratus died when kept continuously in total darkness for 10 days. Illumination is often automatically controlled in many laboratories, and 13 hours of light followed by 11 hours of darkness has been found satisfactory for Phyllostomus discolor, Sturnira lilium, and Artibeus lituratus (Rasweiler and Ishiyama, 1973), Glossophaga soricina, Anoura caudifer, and Carollia perspicillata (Rasweiler and de Bonilla, 1972), Desmodus rotundus, and Diaemus youngii (Dickson and Green, 1970), as well as Desmodus rotundus (Schmidt and Greenhall, 1972). Many of the same phyllostomatids, except Diaemus, have been successfully displayed in a large simulated South American cave and tropical rainforest exhibit at the New York Zoological Park, where varying the intensities of white, blue, green, and occasionally red light reversed their activity patterns. Vampire bats maintained by Wimsatt and Guerriere (1961) were exposed to low-intensity illumination from light entering through two glass-brick windows and a glass panel in a door. The bat cage further reduced light exposure because only the front was made of transparent material. Electric lights in the bat room were turned on only briefly during cage cleaning or animal care. The researchers did not attempt to control the light regime, as wild vampires are found in roosts with varying light intensities."
Jacana spinosa,"ARIZONA BIRD COMMITTEE REPORT, 1974-1996: PART 1 reports of this species suggests that it may be almost annual in occurrence, the ABC retains the Red-shouldered Hawk on its review list because of possible confusion with similar species. BROAD-WINGED HAWK Buteo platypterus. Records accepted by the ABC are of one collected at Tucson, PIM. 7 Jan 1965 (MWh; *UA), one at Ramsey Canyon, COS, 11 April 1976 (DSz), one at Cave Creek Canyon, COS, 14 Apr 1977 (WS), one along the upper S.P.R., COS, 27 Jul 1987 (TC), one at Ramsey Canyon, COS, 19 May 1988 (GR, JK), one along the upper S.P.R., COS, 18 Sep 1988 (DKr), one below Bartlett Dam, Verde R., MAR, 13 Feb 1992 (LA), one found dead at West Turkey Cr,, Chiricahua Mts., COS, 25 Feb 1994 (NSn; *UA), and one at Barfoot Lookout, Chiricahua Mts., COS, 6 Aug 1995 (PM). There have been more 20 other reports published in Am, Birds/NASFN since 1974. Because of possible confusion between this species and similar species, the Broad-winged Hawk will remain on the ABC review list. CRESTED CARACARA Caracara plancus. Records accepted by the ABC away from known breeding areas are of one at San Bernardino Ranch, COS, 10 Nov 1979 (DDa), one at Santa Maria Valley, YAV, 7 Jan 1981 (BMi), one in the Sulphur Springs Valley near Elfrida, COS, 6 Nov 1982 (AMo), and one in n.e. Phoenix, MAR, 6-23 Dec 1991 (ph. BVP). These represent just a few of the many extralimital records of this species in southern Arizona published in Am. Birds/NASFN since 1974. Sketch details are requested for inclusion of such reports in Field Notes. BLACK RAIL Laterallus jamaicencis. One male was found dead at Mittry L., YUM, 2 May 1981 (DTo; *UA); this species is locally ""common"" in summer along a short stretch of the L.C.R.V. (Monson and Phillips 1981), with a few unsubstantiated sight records from southeastern Arizona. The Black Rail remains a review species for all reports away from the L.C.R.V. PURPLE GALLINULE Porphvrula martinica. One at Willcox, COS, 7 Aug 1975 (DP), one at Sabino Canyon, PIM, 11 Sep 1976 (PN), one at Lehner Ranch near Palominas, COS, 1 Jun 1981 (EL; ph. KVR; Am. Birds 35:967), one at Cook's L., PIN, 15 Jul 1983 (KLe; ph. MOB), one at Gila Farms Pond, MAR, 1 Aug 1991 (SM), and one at Picacho Res., PIN, 8-14 Aug 1993 (BJR). Two additional records were published in Am. Birds (Jul 1993; Sep 1993) but not reviewed by the ABC. AMERICAN GOLDEN-PLOVER Pluvialis dominica. Records accepted by the ABC as at least an unidentified golden-plover are of single birds in s.w. Phoenix, MAR, 24-25 Oct 1974 (SD), 27 Aug-7 Sep 1975 (ST), 18 Oct-15 Nov 1975 (SH), and 11-24 Oct 1982 (ph. RWz; see Am. Birds 37:209), one at Parker, LAP, 6 May 1978 (KVR), one in s.w. Phoenix, MAR, one at Willcox, COS, 23 May 1983 (ph. RT), one at Many Farms L., APA, 14 Sep 1985 (BJa), one at Tucson, PIM, 14 Oct 1986 (JP), one at Ganado L., APA, 1 Oct 1989 (JSa), and one at Willcox, COS, 10-16 Sep 1992 (PH). One specimen obtained at Kayenta, NAV, 10 May 1984 (CTL; *UA) is clearly dominica. We presume that all of the Arizona reports are more likely of dominica than fulua, but most of the details and photos submitted in the past are inadequate for positive determination. NORTHERN JACANA Jacana spinosa. Two accepted records for Arizona: one was at Kino Springs, then Guevavi Ranch, Nogales, SCR, 7 Jun 1985-3 Jan 1986 (R. & EH; ph. EHp, PL, BZ; see Am. Birds 39:946), and one was at Mittry L., L.C.R.V., YUM, 6-30 Jun 1986 (ph. CCo). SOLITARY SANDPIPER Tringa solitaria. One winter record was reviewed and accepted by the ABC, of one in s.w. Phoenix, MAR, 15 Dec 1986 (DSj). WANDERING TATTLER Heteroscelus incanus. The only accepted state record for this species is of one in s.w. Phoenix, MAR, 18 Sep-9 Oct 1971 (BB; ph. RWz; 206",51681171,29,1998,Internet Archive,westernbirds29cali,Western Field Ornithologists,English,https://biodiversitylibrary.org/permissions,In copyright. Digitized with the permission of the rights holder.,"The Arizona Bird Committee report from 1974 to 1996 provides information on various bird species observed in Arizona. 

The reports suggest that this species may be almost annual in occurrence. The ABC retains the Red-shouldered Hawk on its review list because of possible confusion with similar species.

BROAD-WINGED HAWK (Buteo platypterus): Records accepted by the ABC include one collected at Tucson, PIM, on January 7, 1965; one at Ramsey Canyon, COS, on April 11, 1976; one at Cave Creek Canyon, COS, on April 14, 1977; one along the upper S.P.R., COS, on July 27, 1987; one at Ramsey Canyon, COS, on May 19, 1988; one along the upper S.P.R., COS, on September 18, 1988; one below Bartlett Dam on the Verde River, MAR, on February 13, 1992; one found dead at West Turkey Creek in the Chiricahua Mountains, COS, on February 25, 1994; and one at Barfoot Lookout in the Chiricahua Mountains, COS, on August 6, 1995. More than 20 other reports have been published since 1974. Due to possible confusion with similar species, the Broad-winged Hawk remains on the ABC review list.

CRESTED CARACARA (Caracara plancus): Records outside known breeding areas include sightings at San Bernardino Ranch, COS, on November 10, 1979; Santa Maria Valley, YAV, on January 7, 1981; Sulphur Springs Valley near Elfrida, COS, on November 6, 1982; and in northeastern Phoenix, MAR, from December 6 to 23, 1991. These are just a few of the many extralimital records published since 1974. Sketch details are requested for inclusion in Field Notes.

BLACK RAIL (Laterallus jamaicencis): One male was found dead at Mittry Lake, YUM, on May 2, 1981. This species is locally common in summer along a short stretch of the Lower Colorado River Valley, with a few unsubstantiated sight records from southeastern Arizona. The Black Rail remains a review species for all reports outside the Lower Colorado River Valley.

PURPLE GALLINULE (Porphyrula martinica): Records include one at Willcox, COS, on August 7, 1975; one at Sabino Canyon, PIM, on September 11, 1976; one at Lehner Ranch near Palominas, COS, on June 1, 1981; one at Cook's Lake, PIN, from July 15 to 23, 1983; one at Gila Farms Pond, MAR, on August 1, 1991; and one at Picacho Reservoir, PIN, from August 8 to 14, 1993. Two additional records were published but not reviewed by the ABC.

AMERICAN GOLDEN-PLOVER (Pluvialis dominica): Records accepted by the ABC include single birds in southwest Phoenix, MAR, on October 24-25, 1974; August 27 to September 7, 1975; October 18 to November 15, 1975; and October 11-24, 1982. Other records include sightings at Parker, LAP, on May 6, 1978; southwest Phoenix, MAR; Willcox, COS, on May 23, 1983; Many Farms Lake, APA, on September 14, 1985; Tucson, PIM, on October 14, 1986; Ganado Lake, APA, on October 1, 1989; and Willcox, COS, from September 10 to 16, 1992. A specimen obtained at Kayenta, NAV, on May 10, 1984, is clearly identified as dominica. It is presumed that most Arizona reports are of this species rather than fulva, but past details and photos are often insufficient for definitive identification.

NORTHERN JACANA (Jacana spinosa): Two accepted records include one at Kino Springs and Guevavi Ranch, Nogales, SCR, from June 7, 1985, to January 3, 1986, and another at Mittry Lake, L.C.R.V., YUM, from June 6 to 30, 1986.

SOLITARY SANDPIPER (Tringa solitaria): One winter record was reviewed and accepted, of a bird in southwest Phoenix, MAR, on December 15, 1986.

WANDERING TATTLER (Heteroscelus incanus): The only accepted state record is of one in southwest Phoenix, MAR, from September 18 to October 9, 1971."
Jacana spinosa,"breeding grounds where the birds had nested the previous year and their mound-like nests were still standing. 'The birds nest in June. The number of eggs to a clutch is usually two, sometimes only one and: very rarely three. When three are found in a nest it is generally' believed that the third has been laid by another female. According to Mr. Ingraham's observations the nests in our illustration must be con sidered conventional, the attitude of the bird on the nest being correct, and as stated on page 86.",37642291,,,Internet Archive,cu31924090317730,Cornell University Library,English,,Public domain. The BHL considers that this work is no longer under copyright protection.,"Breeding grounds where the birds had nested the previous year and their mound-like nests were still standing. The birds nest in June. The number of eggs in a clutch is usually two, sometimes only one, and very rarely three. When three eggs are found in a nest, it is generally believed that the third has been laid by another female. According to Mr. Ingraham's observations, the nests in our illustration should be considered conventional, with the bird's posture on the nest being correct, as stated on page 86."
Jacana spinosa,"ASARCIA, 343 Jacane gymnostoma, Ferrari-Perez, Pr. U. S. Nat. Mus. ix. p. 177""; Ridgw. Pr. U. S. Nat. Mus. x. p. 584°""; Zeledon, An. Mus. Nac. Costa Rica, 1887, p. 131""; Stone, Pr. Acad. Philad. 1890, p. 204"". Parra cordifera, Less. Rev. Zool. 1842, p. 185 °°; Dugés, La Nat. i. p. 142"". Parra violacea, Cory, Bull. Nutt. Orn. Club, vi. p. 1380"". Jacana violacea, Cory, Auk, v. p. 51"". Jacana spinosa (nec L.), Elliot, Auk, v. p. 297""; Richm. Proc. U.S. Nat. Mus. xvi. p. 530%; Jouy, tom. cit. p. 790%; A. O. U. Check-l. N. Amer. Birds, 2nd ed. p. 105°""; Chapman, Pr. U. S. Nat. Mus. xviii. p. 628°. Supra saturate vinaceo-castanea, remigibus sulphureis apicem versus brunneo circumdatis vel fimbriatim terminatis, seeundariis intimis dorso concoloribus ; supracaudalibus et rectricibus saturatius castaneis, his medianis vix nigricantibus ; pileo colloque undique cum interscapulio, gutture et pectore summo viridi nigris; corpore reliquo subtus sordide vinaceo-castaneo, hypochondriis cum subalaribus et axillaribus paullo clarius castaneis, margine alari et primariorum tectricibus nigris : rostro cum caruncula frontali et calcario alarilete flavis ; culminis basi cyanescenti-alba, frontis basi late coccinea ; pedibus grisescentibus ; iride saturate brunnea. Long. tota circa 8°5, ale 5:3, caude 2-0, culm. 1:3, tarsi 2°3. (Descr. maris adulti ex lacu Peten. Mus. nostr.) © mari similis, vix major. Long. tota 8°5, ale 5:2. (Descr. femine adultee ex Huamachal. Mus. nostr.) Juy, av. jun. specierum. preecedenti similis. Pull. Pulchre variegata; pileo cinnamomeo, lineis paucis nigris ornato; collo postico nigricante; dorso cinnamomeo, lineis duplicis, una nigra angusta, altera latiore ochracea, utrinque instructo; facie laterali et eorpore subtus toto albis, fascia nigra supraparotica ad collum posticum nigrum extensa; ala cinna momea ad apicem alba. (Descr. pulli ex Mexico. Mus. Brit.) Hab. Norra America, Lower Rio Grande Valley, Texas ?7.-Mexico (Wagler*), Mazatlan (Kellett & Wood ?*, Forrer 2, Grayson °, Melchers*°), Manzanilla Bay, Rio Zacatula, Rio de Coahuayana (Xantus 18), Guanajuato, Guadalajara (Dugés **), Zapotlan, Jalisco, Santiago de Tepic, San Blas (ichardson*), Acapulco (Lesson °°, Markham*""), Tampico 2, Altamira, Tamaulipas (Richardson*, Armstrong 38), Lake Patzcuaro (Jouy**), Jalapa (Sallé®), Santa Ana (Ferrari-Perez*), Jonatal, Vera Cruz (Trwjillo?), Laguna de Epatlan, Puebla (Ferrari-Perez**), Oaxaca (Boucard®), Cosamaloapam and Alvarado, Vera Cruz?!, Santa Efigenia and Zonatepec, Tehuantepec 4, Tonala, Chiapas?! (Swmichrast), Teapa (Mrs. H. H. Smith""), Buctzotz 2, Yucatan 25> (Gauwmer), Shkolak (Stone & Baker ?°), Cozumel Island (Gaumer 1819); Brirish Honpuras, Orange Walk, Belize River (Blancaneaus *) ; GuaTEMALA, Santana Mixtan 1°, Huamachal 2, Lake of Peten? (0. S. & F. D. G.), Lake of Amatitlan (Wyke}°); Honpuras (Dyson *), Belize, Peten, Omoa (Ley land 91°), Traxillo (Townsend ?""), Tigré Island and Lake of Yojoa (Taylor?) ; Nicaragua, Greytown (San Juan del Norte) (Holland *, v. Frantzius , Richmond *), Escondido River 2 >, Momotombo ? (Lichardson), Sucuya, Omotépe I., Lake of Nicaragua (Nutting 3 °4); Costa Rica (Carmiol*), Las Trojas, Alajuela, Siquirries (Zeledon""*), Lake of Ochomogo, Salitral near San Antonio (v. Frantzius >), La Palma, Gulf of Nicoya (Nutting *°); Panama, Divala (Brown *),ANTILLES, Cuba 2, Puerto Rico 2, San Domingo "".",572466,3,,Internet Archive,mobotbca_03_03_00,Smithsonian Libraries and Archives,English,,Public domain.  The BHL considers that this work is no longer under copyright protection.,"Here is the cleaned and corrected version of your text:

ASARCIA, 343 Jacane gymnostoma, Ferrari-Perez, Pr. U. S. Nat. Mus. ix. p. 177; Ridgw. Pr. U. S. Nat. Mus. x. p. 584; Zeledon, An. Mus. Nac. Costa Rica, 1887, p. 131; Stone, Pr. Acad. Philad. 1890, p. 204. Parra cordifera, Less. Rev. Zool. 1842, p. 185; Dugés, La Nat. i. p. 142. Parra violacea, Cory, Bull. Nutt. Orn. Club, vi. p. 1380. Jacana violacea, Cory, Auk, v. p. 51. Jacana spinosa (nec L.), Elliot, Auk, v. p. 297; Richmond, Proc. U.S. Nat. Mus. xvi. p. 530; Jouy, tom. cit. p. 790; A. O. U. Check-list N. Amer. Birds, 2nd ed. p. 105; Chapman, Pr. U. S. Nat. Mus. xviii. p. 628. 

Supra saturate vinaceo-castanea, remigibus sulphureis apicem versus brunneo circumdatis vel fimbriatim terminatis, secundariis intimis dorso concoloribus; supracaudalibus et rectricibus saturatius castaneis, his medianis vix nigricantibus; pileo colloque undique cum interscapulio, gutture et pectore summo viridi nigris; corpore reliquo subtus sordide vinaceo-castaneo, hypochondriis cum subalaribus et axillaribus paullo clarius castaneis, margine alari et primariorum tectricibus nigris. Rostro cum caruncula frontali et calcario alare flavis; culminis basi cyanescenti-alba, frontis basi late coccinea; pedibus grisescentibus; iride saturate brunnea. Longitudo tota circa 8.5, ale 5.3, cauda 2.0, culmen 1.3, tarsi 2.3.

Descr. maris adulti ex lacu Peten. Mus. nostr.: similis mari, vix maior. Longitudo tota 8.5, ale 5.2.

Descr. feminae adultae ex Huamachal. Mus. nostr.: pulchre variegata; pileo cinnamomeo, lineis paucis nigris ornato; collo postico nigricante; dorso cinnamomeo, lineis duplicis, una nigra angusta, altera latiore ochracea, utrinque instructo; facie laterali et corpore subtus toto albis, fascia nigra supraparotica ad collum posticum nigrum extensa; ala cinnamomea ad apicem alba.

Habitat: North America, Lower Rio Grande Valley, Texas; Mexico (Wagler), Mazatlan (Kellett & Wood, Forrer, Grayson, Melchers), Manzanilla Bay, Rio Zacatula, Rio de Coahuayana (Xantus), Guanajuato, Guadalajara (Dugés), Zapotlan, Jalisco, Santiago de Tepic, San Blas (Richardson), Acapulco (Lesson), Tampico, Altamira, Tamaulipas (Richardson, Armstrong), Lake Patzcuaro (Jouy), Jalapa (Sallé), Santa Ana (Ferrari-Perez), Jonatal, Veracruz (Trujillo), Laguna de Epatlan, Puebla (Ferrari-Perez), Oaxaca (Boucard), Cosamaloapan and Alvarado, Veracruz; Santa Efigenia and Zonatepec, Tehuantepec, Tonala, Chiapas (Swmichrast), Teapa (Mrs. H. H. Smith), Buctzotz, Yucatán (Gauwmer), Shkolak (Stone & Baker), Cozumel Island (Gaumer). 

In Belize: Orange Walk, Belize River (Blancaneaus). In Guatemala: Santana Mixtan, Huamachal, Lake of Peten (O. S. & F. D. G.), Lake of Amatitlán (Wyke). In Honduras: Traxillo (Townsend), Tigré Island and Lake of Yojoa (Taylor). In Nicaragua: Greytown (San Juan del Norte) (Holland, v. Frantzius, Richmond), Escondido River, Momotombo, Sucuya, Omotépe, Lake of Nicaragua (Nutting). In Costa Rica: Las Trojas, Alajuela, Siquirres (Zeledon), Lake of Ochomogo, Salitral near San Antonio (v. Frantzius), La Palma, Gulf of Nicoya (Nutting). In Panama: Divala (Brown). 

In the Antilles: Cuba, Puerto Rico, Santo Domingo."
Jacana spinosa,"28. gialitis nivosa. Snowy PLover.Two flocks were found on the sandy beach between San Blas and the banana ranch and were very tame, allowing me to come within two or three feet before running off to hide. The beach was an ideal spot for breeding, and they probably remained and bred there.",16018908,23,1906,Internet Archive,auk231906amer,Smithsonian Libraries and Archives,English,,Public domain. The BHL considers that this work is no longer under copyright protection.,"28. Gialitis nivosa. Snowy Plover. Two flocks were observed on the sandy beach between San Blas and the Banana Ranch. They were very tame, allowing me to approach within two or three feet before they ran off to hide. The beach was an ideal breeding site, and they probably remained and bred there."
Jacana spinosa,"American Avocet and American Three-toed Woodpecker at Toronto. -An Avocet (Recurvirostra americana) was shot on the eastern sand bar, Toronto, by Mr. C. K. Rogers, September 19, 1901. The bird was noticed feeding among a flock of plovers. It proved to be a male, and is the second Toronto record, the first being of a bird taken about fifteen years ago.",15932458,19,1902,Internet Archive,auk191902amer,Smithsonian Libraries and Archives,English,,Public domain. The BHL considers that this work is no longer under copyright protection.,"American Avocet and American Three-toed Woodpecker in Toronto. An Avocet (Recurvirostra americana) was observed on the eastern sandbar in Toronto by Mr. C. K. Rogers on September 19, 1901. The bird was seen feeding among a flock of plovers. It was identified as a male and represents the second record of this species in Toronto, the first being a bird captured approximately fifteen years earlier."
Jacana spinosa,"Adult: Head, neck, chest, and upper back uniform greenish black; quills and secondaries pale yellowish green, bordered at tips with dusky; rest of plumage uniform rich purplish chestnut. Young: Top of head grayish brown, bordered along each side by a broad superciliary stripe of buffy white; a dusky streak be hind eye extending to hind-neck, which is also dusky or dull brownish; rest of head and neck, with whole lower parts, except sides, buffy white; upper parts grayish brown, the feathers more or less distinctly tipped with rusty buff (obsolete in older specimens), the quills pale greenish, as in adult. Length about 8.50, wing 4.50-5.40, culmen 1.15-1.40, tarsus 1.90-2.35, middle toe 1.85-2.25. Hggs 1.22 x .94, olive-tawny or tawny olive, marked all over with confused "" pen-lines"" of black, and occasional ""blots"" of same. Hab. Whole of Middle America, from northern Mexico (including the lower Rio Grande Valley in Texas) to Colombia; Cuba; Haiti.",12196628,,1896,Internet Archive,manualofnortha00ridg,American Museum of Natural History Library,English,https://www.biodiversitylibrary.org/permissions/,NOT_IN_COPYRIGHT,"Adult: Head, neck, chest, and upper back uniform greenish black; quills and secondaries pale yellowish green, bordered at tips with dusky; rest of plumage uniform rich purplish chestnut.  
Young: Top of head grayish brown, bordered along each side by a broad superciliary stripe of buffy white; a dusky streak behind the eye extending to the hind-neck, which is also dusky or dull brownish; rest of head and neck, with the whole lower parts, except sides, buffy white.  
Upper parts grayish brown, with the feathers more or less distinctly tipped with rusty buff (obsolete in older specimens); the quills pale greenish, as in adults.  
Length about 8.50 inches; wing 4.50-5.40 inches; culmen 1.15-1.40 inches; tarsus 1.90-2.35 inches; middle toe 1.85-2.25 inches.  
Eggs measure 1.22 x 0.94 inches, olive-tawny or tawny olive, marked all over with confused ""pen-lines"" of black and occasional ""blots"" of the same.  
Habitat: Whole of Middle America, from northern Mexico (including the lower Rio Grande Valley in Texas) to Colombia; Cuba; Haiti."
Jacana spinosa,"In contrast to invertebrates, fish, and amphibians, nearly all bird species care for their young. (Exceptions are brood parasites such as the brown headed cowbird and European cuckoo, which lay their eggs in other species' nests so their young can be raised by the host species, and some megapodes, turkey-like birds such as the Australian mallee fowl, which lays its eggs in large mounds of decaying vegetation that pro duce heat and incubate the eggs without further parental in volvement.) Birds are the only group in which it is most com mon for both parents to pitch in texcare for-their young. While females usually are re sponsible for most of the care, there are some species in which the males single-handedly incu bate the eggs and care for the hatchlings.",64057453,23,1995,Internet Archive,zoogoerv24nfriee,Smithsonian Libraries and Archives,English,https://biodiversitylibrary.org/permissions,In copyright. Digitized with the permission of the rights holder.,"In contrast to invertebrates, fish, and amphibians, nearly all bird species care for their young. Exceptions include brood parasites such as the brown-headed cowbird and European cuckoo, which lay their eggs in other species' nests so their young can be raised by the host species. Additionally, some megapodes, turkey-like birds such as the Australian mallee fowl, lay their eggs in large mounds of decaying vegetation that produce heat and incubate the eggs without further parental involvement. Birds are the only group in which it is most common for both parents to participate in caring for their young. While females usually are responsible for most of the care, there are some species in which males single-handedly incubate the eggs and care for the hatchlings."
Jacana spinosa,"The male midwife toad (top) carries around twisted strings of eggs on his hindlegs, depositing young as they hatch at different ponds. Ratites like the emu (left) are among the bird species in which males care for eggs and young. Male gray meerkats (right) babysit their young while females gout out to hunt.",64057453,23,1995,Internet Archive,zoogoerv24nfriee,Smithsonian Libraries and Archives,English,https://biodiversitylibrary.org/permissions,In copyright. Digitized with the permission of the rights holder.,"The male midwife toad carries twisted strings of eggs on his hind legs, depositing the young as they hatch at different ponds. Ratites, such as the emu, are among the bird species in which males care for eggs and young. Male gray meerkats babysit their young while females go out to hunt."
Jacana spinosa,"In Wilson's phalarope (Steganopus tricolor), males in cubate several eggs for about three weeks in grass-lined scrapes and them ean their brood. Phalarope females are larger and more colorful than the males, and court them ag gressively, often chasing them through the air or swimming near them while puffing out their neck feathers and making a repeated ""chugging"" call. This nearly complete sex-role reversal (the females still lay the eggs) confused early biologists and led John James Audubon to mislabel the males and females in all his phalarope plates.",64057453,23,1995,Internet Archive,zoogoerv24nfriee,Smithsonian Libraries and Archives,English,https://biodiversitylibrary.org/permissions,In copyright. Digitized with the permission of the rights holder.,"In Wilson's phalarope (Steganopus tricolor), males incubate several eggs for about three weeks in grass-lined scrapes and then care for the brood. Phalarope females are larger and more colorful than the males and court them aggressively, often chasing them through the air or swimming near them while puffing out their neck feathers and making a repeated ""chugging"" call. This nearly complete sex-role reversal, with females still laying the eggs, confused early biologists and led John James Audubon to mislabel the males and females in all his phalarope illustrations."
Jacana spinosa,"Mr. Todd's careful study of the material before him brings out many interesting points, among others the fact that Sturnella magna hippocre pis is nearest to S. m. argutula and not to S. neglecta as stated by Ridgway, while Seiwrus noveboracensis notabilis is the form occurring on the Isle of Pines in spite of Prof. Cooke's reference of all West Indian records to typical noveboracensis.",15982799,33,1916,Internet Archive,auk331916amer,Smithsonian Libraries and Archives,English,,Public domain. The BHL considers that this work is no longer under copyright protection.,"Mr.. Todd's careful study of the material before him highlights many interesting points, including the fact that Sturnella magna hippocrepis is closest to S. m. argutula and not to S. neglecta, as stated by Ridgway. Additionally, Seiurus noveboracensis notabilis is the form found on the Isle of Pines, despite Professor Cooke's reference of all West Indian records to the typical noveboracensis."
Jacana spinosa,"The pathology hypothesis is generally refuted because it cannot explain why infanticide is observed regularly in some taxa even with low densities and little human disturbance (¢.g., primates; Hiraiwa-Hasegawa 1988). Rare occur rences of infanticide, however, might be caused by misdirected aggressive behavior in extreme circumstances (Hrdy 1979). The cannibalism hypothesis is not well supported outside of gulls and skuas because usually the victims are not eaten by the attacker (Mock 1984). Brood reduction often explains parental infanticide and has been reported in several bird species (€.g., Urrutia and Drummond 1990, Klosowski et al. 2002). Nonparental infanticide in birds often is explained by the sexual selection, resource competition, and parental investment hypotheses.",64747524,126,2014,Internet Archive,wilsonjournalorv126wils,"Academy of Natural Sciences of Drexel University, Library and Archives",English,https://biodiversitylibrary.org/permissions,In copyright. Digitized with the permission of the rights holder.,"The pathology hypothesis is generally refuted because it cannot explain why infanticide is observed regularly in some taxa even with low densities and little human disturbance. Rare occurrences of infanticide, however, might be caused by misdirected aggressive behavior in extreme circumstances. The cannibalism hypothesis is not well supported outside of gulls and skuas because usually the victims are not eaten by the attacker. Brood reduction often explains parental infanticide and has been reported in several bird species. Nonparental infanticide in birds is often explained by the sexual selection, resource competition, and parental investment hypotheses."
Jacana spinosa,"The resource competition hypothesis is support ed by evidence of infanticide at nests of widowed female Tree Swallows by males that subsequently breed in the nest, a limited resource, either with the widowed female or another female (Robertson and Stutchbury 1988). Lee et al. (2011) also hypothe sized that infanticide by a Black-billed Magpie (Pica pica) in Korea was driven by potential expansion of the breeding territory by the individ ual that was killing nestlings.",64747524,126,2014,Internet Archive,wilsonjournalorv126wils,"Academy of Natural Sciences of Drexel University, Library and Archives",English,https://biodiversitylibrary.org/permissions,In copyright. Digitized with the permission of the rights holder.,"The resource competition hypothesis is supported by evidence of infanticide at nests of widowed female Tree Swallows by males that subsequently breed in the nest, a limited resource, either with the widowed female or another female (Robertson and Stutchbury 1988). Lee et al. (2011) also hypothesized that infanticide by a Black-billed Magpie (Pica pica) in Korea was driven by the potential expansion of the breeding territory by the individual that was killing nestlings."
Jacana spinosa,"Evidence of infanticide has been reported for a limited number of bird species, but infanticide might be misclassified as predation if infanticide is not observed directly. Here, I describe video evidence of the first reported occurrence of infanticide by an icterid, a female Red-winged Blackbird (Agelaius phoeniceus), and discuss potential hypotheses for infanticide within the species.",64747524,126,2014,Internet Archive,wilsonjournalorv126wils,"Academy of Natural Sciences of Drexel University, Library and Archives",English,https://biodiversitylibrary.org/permissions,In copyright. Digitized with the permission of the rights holder.,"Evidence of infanticide has been reported in a limited number of bird species, but it may be misclassified as predation if not observed directly. Here, I describe video evidence of the first reported occurrence of infanticide by an icterid, a female Red-winged Blackbird (Agelaius phoeniceus), and discuss potential hypotheses for infanticide within the species."
Jacana spinosa,A nest of Red-winged Blackbirds with two 2 day old nestlings was found on 5 June 2012 in a meadow at Valley Forge National Historical Park in Pennsylvania. The nest was 25 cm above ground in an area dominated by fescue grass (Festuca spp.) The nesting area was about 300 m from a small area (<1 ha) dominated by broadleaf cattails (Typha latifolia) with a high density of breeding Red-winged Blackbirds. Another nest of Red-winged Blackbirds was located 62 m northwest of the described nest; it was active at the time of the infanticide and fledged at least two young on 14 June.,64747524,126,2014,Internet Archive,wilsonjournalorv126wils,"Academy of Natural Sciences of Drexel University, Library and Archives",English,https://biodiversitylibrary.org/permissions,In copyright. Digitized with the permission of the rights holder.,"A nest of Red-winged Blackbirds with two two-day-old nestlings was found on June 5, 2012, in a meadow at Valley Forge National Historical Park in Pennsylvania. The nest was 25 cm above ground in an area dominated by fescue grass (Festuca spp.). The nesting area was about 300 meters from a small area (less than 1 hectare) dominated by broadleaf cattails (Typha latifolia), which had a high density of breeding Red-winged Blackbirds. Another Red-winged Blackbird nest was located 62 meters northwest of the described nest; it was active at the time of the infanticide and fledged at least two young on June 14."
Dermanura watsoni,"158 La biodiversidad en Chiapas Apéndice VIII. 20. Continuación. Taxa Nombre común Nombre local Categoría riesgo Uso local Subfamilia Carollinae Carollia perspicillata murciélago cola corta de Seba murciélago, chinaco, chinaca, vampiro Carollia sowelli murciélago cola corta sedosa murciélago, chinaco, chinaca, vampiro Carollia subrufa murciélago cola corta de Hahn murciélago, chinaco, chinaca, vampiro Subfamilia Stenodermatinae Sturnira lilium murciélago de charreteras menor murciélago, chinaco, chinaca, vampiro Sturnira ludovici murciélago de charreteras mayor murciélago, chinaco, chinaca, vampiro Chiroderma salvini murciélago ojón de Salvini murciélago, chinaco, chinaca, vampiro Chiroderma villosum murciélago ojón áspero murciélago, chinaco, chinaca, vampiro Uroderma bilobatum murciélago acampador obscuro murciélago, chinaco, chinaca, vampiro Platyrrhinus helleri murciélago listado de Heller murciélago, chinaco, chinaca, vampiro Enchisthenes hartii murciélago frutero obscuro murciélago, chinaco, chinaca, vampiro Pr Artibeus intermedius murciélago frutero de Alien murciélago, chinaco, chinaca, vampiro Artibeus jamaicensis murciélago frutero de Jamaica murciélago, chinaco, chinaca, vampiro Artibeus llturatus murciélago frutero gigante murciélago, chinaco, chinaca, vampiro Dermanura azteca murciélago frutero azteca murciélago, chinaco, chinaca, vampiro Dermanura phaeotis murciélago frutero pigmeo murciélago, chinaco, chinaca, vampiro Dermanura tolteca murciélago frutero tolteca murciélago, chinaco, chinaca, vampiro Dermanura watsoni murciélago frutero de Thomas murciélago, chinaco, chinaca, vampiro Pr Centurio senex murciélago cara arrugada murciélago, chinaco, chinaca, vampiro Familia Molossidae Subfamilia Molossinae Eumops glaucinus murciélago con bonete de Wagner murciélago, chinaco, chinaca, vampiro Eumops hansae murciélago con bonete de pigmeo murciélago, chinaco, chinaca, vampiro Eumops underwoodi murciélago con bonete de Underwood murciélago, chinaco, chinaca, vampiro Molossus rufus murciélago mastín negro murciélago, chinaco, chinaca, vampiro",50746615,Apéndices (2013),2013,Internet Archive,biodiversidadenApndCruz,Comisión Nacional para el Conocimiento y Uso de la Biodiversidad (CONABIO),Spanish,https://biodiversitylibrary.org/permissions,In copyright. Digitized with the permission of the rights holder.,"La biodiversidad en Chiapas Apéndice VIII. 20. Continuación.

Taxa, Nombre común, Nombre local, Categoría de riesgo, Uso local

Subfamilia Carollinae
- Carollia perspicillata, murciélago cola corta de Seba, murciélago, chinaco, chinaca, vampiro
- Carollia sowelli, murciélago cola corta sedosa, murciélago, chinaco, chinaca, vampiro
- Carollia subrufa, murciélago cola corta de Hahn, murciélago, chinaco, chinaca, vampiro

Subfamilia Stenodermatinae
- Sturnira lilium, murciélago de charreteras menor, murciélago, chinaco, chinaca, vampiro
- Sturnira ludovici, murciélago de charreteras mayor, murciélago, chinaco, chinaca, vampiro
- Chiroderma salvini, murciélago ojón de Salvini, murciélago, chinaco, chinaca, vampiro
- Chiroderma villosum, murciélago ojón áspero, murciélago, chinaco, chinaca, vampiro
- Uroderma bilobatum, murciélago acampador oscuro, murciélago, chinaco, chinaca, vampiro
- Platyrrhinus helleri, murciélago listado de Heller, murciélago, chinaco, chinaca, vampiro
- Enchisthenes hartii, murciélago frutero oscuro, murciélago, chinaco, chinaca, vampiro
- Artibeus intermedius, murciélago frutero de Alien, murciélago, chinaco, chinaca, vampiro
- Artibeus jamaicensis, murciélago frutero de Jamaica, murciélago, chinaco, chinaca, vampiro
- Artibeus llturatus, murciélago frutero gigante, murciélago, chinaco, chinaca, vampiro
- Dermanura azteca, murciélago frutero azteca, murciélago, chinaco, chinaca, vampiro
- Dermanura phaeotis, murciélago frutero pigmeo, murciélago, chinaco, chinaca, vampiro
- Dermanura tolteca, murciélago frutero tolteca, murciélago, chinaco, chinaca, vampiro
- Dermanura watsoni, murciélago frutero de Thomas, murciélago, chinaco, chinaca, vampiro

Familia Molossidae
- Subfamilia Molossinae
  - Eumops glaucinus, murciélago con bonete de Wagner, murciélago, chinaco, chinaca, vampiro
  - Eumops hansae, murciélago con bonete de pigmeo, murciélago, chinaco, chinaca, vampiro
  - Eumops underwoodi, murciélago con bonete de Underwood, murciélago, chinaco, chinaca, vampiro
  - Molossus rufus, murciélago mastín negro, murciélago, chinaco, chinaca, vampiro"
Dermanura tolteca,Apéndice 9. Lista de especies de mamíferos presentes en los pastizales. Orden Familia Subfamilia Género Especie Infraespecie Didelphimorphia Didelphidae Didelphinae Didelphis virginiana Subtotal 1 1 1 1 Soricomorpha Soricidae Soricinae Notiosorex crawfordi Sor ex arizonae Sor ex monticolus Subtotal 1 1 2 3 Chiroptera Emballonuridae Emballonurinae Balantiopteryx plicata Mormoopidae Mormoops megalophylla Pteronotus parnellii Phyllostomidae Macrotinae Macrotus californicus Desmodontinae Desmodus rotundus Phillostominae Choeronycteris mexicana Glossophaga soricina Leptonycteris nivalis Artibeus hirsutas Chiroderma salvini Dermanura azteca Dermanura tolteca Sturnira lilium Natalidae Natalus lanatus Natalus mexicanas Vespertilionidae Myotinae Myotis aurículas Myotis californicus Myotis fortidens Myotis melanorhinus Myotis ocultas Myotis thy sano des Myotis velifer Myotis volans Myotis yumanensis Vespertilioninae Corynorhinus mexicanus,49785002,,2014,Internet Archive,biodiversidaden00Bara,Comisión Nacional para el Conocimiento y Uso de la Biodiversidad (CONABIO),Spanish,https://biodiversitylibrary.org/permissions,In copyright. Digitized with the permission of the rights holder.,"Apéndice 9. Lista de especies de mamíferos presentes en los pastizales.

Orden: Didelphimorphia
Familia: Didelphidae
Subfamilia: Didelphinae
Especie: Didelphis virginiana
Subtotal: 1

Orden: Soricomorpha
Familia: Soricidae
Subfamilia: Soricinae
Especie: Notiosorex crawfordi
Especie: Soriculus arizonae
Especie: Soriculus monticolus
Subtotal: 1, 1, 2

Orden: Chiroptera
Familia: Emballonuridae
Subfamilia: Emballonurinae
Especie: Balantiopteryx plicata

Familia: Mormoopidae
Especie: Mormoops megalophylla
Especie: Pteronotus parnellii

Familia: Phyllostomidae
Subfamilia: Macrotinae
Especie: Macrotus californicus
Subfamilia: Desmodontinae
Especie: Desmodus rotundus
Subfamilia: Phillostominae
Especie: Choeronycteris mexicana
Especie: Glossophaga soricina
Especie: Leptonycteris nivalis
Especie: Artibeus hirsutas
Especie: Chiroderma salvini
Especie: Dermanura azteca
Especie: Dermanura tolteca
Especie: Sturnira lilium

Familia: Natalidae
Especie: Natalus lanatus
Especie: Natalus mexicanas

Familia: Vespertilionidae
Subfamilia: Myotinae
Especie: Myotis aurículas
Especie: Myotis californicus
Especie: Myotis fortidens
Especie: Myotis melanorhinus
Especie: Myotis ocultas
Especie: Myotis thysanodes
Especie: Myotis velifer
Especie: Myotis volans
Especie: Myotis yumanensis

Subfamilia: Vespertilioninae
Especie: Corynorhinus mexicanus"
Dermanura tolteca,Portada Indice Anterior Siguiente Créditos ORDEN FAMILIA ESPECIE NOMBRE COMÚN Pteronotus personatus Mormoops megalophyla Fa mili a Phyllostomidae Macrotus waterhousii Micronycteris megalotis Micronycteris sy Ives tris Anoura geoffroyi Choeroniscus godmani Musonycteris harrisoni Choeronycteris mexicana Hylonycteris minor Glossophaga leachii Glossophaga soricina Leptnonycteris nivalis Leptonycteris yerbabuenae Carollia subrufa Sturnira lilium Sturnira ludovici Uroderma magnirostrum Chiroderma salvini Dermanura azteca Dermanura phaeotis Dermanura tolteca Artibeus hirsutus Artibeus jamaicensis Artibeus lituratus Centurio sen ex Familia Desmodontidae vampiro Desmodus rotundus S D NA NA MX Portada Indice Anterior Siguiente Créditos La biodiversidad en MICHOACÁN Estudio de Estado SUMA CONABIO UMSNH 2,50734895,Anexos (2005),2005,Internet Archive,LabiodiversidadAnexVill,Comisión Nacional para el Conocimiento y Uso de la Biodiversidad (CONABIO),Spanish,https://biodiversitylibrary.org/permissions,In copyright. Digitized with the permission of the rights holder.,"Portada Índice Anterior Siguiente Créditos

ORDEN FAMILIA ESPECIE NOMBRE COMÚN
Pteronotus personatus
Mormoops megalophyla
Familia Phyllostomidae
Macrotus waterhousii
Micronycteris megalotis
Micronycteris sylvestris
Anoura geoffroyi
Choeroniscus godmani
Musonycteris harrisoni
Choeronycteris mexicana
Hylonycteris minor
Glossophaga leachii
Glossophaga soricina
Leptonycteris nivalis
Leptonycteris yerbabuenae
Carollia subrufa
Sturnira lilium
Sturnira ludovici
Uroderma magnirostrum
Chiroderma salvini
Dermanura azteca
Dermanura phaeotis
Dermanura tolteca
Artibeus hirsutus
Artibeus jamaicensis
Artibeus lituratus
Centurio senex

Familia Desmodontidae
Vampiro Desmodus rotundus

La biodiversidad en MICHOACÁN
Estudio de Estado
SUMA CONABIO UMSNH"
Dermanura tolteca,"La biodiversidad en Michoacán. Estudio de Estado 2. Vol. m Cuadro 1. Especies de mamíferos representadas en la colección de muestras biológicas de fauna silvestre del Centro Multidisciplinario de Estudios en Biotecnología de la umsnh. Familia Especie Nombre común Tipificación molecular con adn mitocondrial Referencia Canidae Urocyon ónereoargenteus Zorra gris No publicado Canis latrans Coyote No publicado Cervidae Odocoileus virginianus Venado cola blanca cytb, RC, COI No publicado Reithrodontomys fulvescens Ratón No publicado Peromyscus perfulvus Ratón COI Mejía-Ángeles 2012 Osgoodomys banderanus Ratón COI Mejía-Ángeles 2012 Cricetidae Liomys pictus Ratón COI Mejía-Ángeles 2012 Oryzomys couesi Ratón COI Mejía-Ángeles 2012 Neotoma sp. Ratón No publicado Sigmodon sp. Ratón No publicado Baiomys musculus Ratón COI Mejía-Ángeles 2012 Daysipodidae Dasypus novemcinctus Armadillo de nueve bandas No publicado Didelphidae Didelphis virginiana Tlacuache 12S No publicado Erethizontidae Sphiggurus mexicanus Puercoespín No publicado Nasua narica Tejón cytb, 12S No publicado Leporidae Sylvilagus sp. Conejo No publicado Le pus callotis Liebre torda cytb No publicado Mephitidae Conepatus mesoleucus Zorrillo No publicado Mephitis macroura Zorrillo No publicado Mustelidae Lontra longicaudis Nutria No publicado Myrmecophagidae Tamandúa mexicana Oso hormiguero No publicado Desmodus rotundus Vampiro común No publicado Uroderma magnirostrum Murciélago No publicado Sturnira lilium Murciélago No publicado Artibeus jamaicensis Murciélago cytb, RC, 12S, COI No publicado A. intermedius Murciélago cytb, RC, 12S Fabila-Blanco 2010 A. lituratus Murciélago Fabila-Blanco 2010 Centurio senex Murciélago No publicado Clossophaga commissarisi Murciélago No publicado Phyllostomidae Sturnira ludovici Murciélago No publicado Dermanura tolteca Murciélago cytb Fabila-Blanco 2010 D. phaeotis Murciélago cytb, 12S Fabila-Blanco 2010 Musonycteris harrisoni Murciélago COI No publicado Clossophaga soricina Murciélago No publicado Pteronotus parnelli Murciélago cytb, RC, 12S No publicado Dermanura azteca Murciélago No publicado Pteronotus davyi Murciélago No publicado Leptonycteris cuarasoae Murciélago No publicado Pteronotus personae Murciélago No publicado 76 DISTRIBUCION GRATUITA. PROHIBIDA SU VENTA",59868676,v.3 (2019),2019,Internet Archive,biodiversidadenv320cruza,Comisión Nacional para el Conocimiento y Uso de la Biodiversidad (CONABIO),Spanish,http://biodiversitylibrary.org/permissions,In copyright. Digitized with the permission of the rights holder.,"La biodiversidad en Michoacán. Estudio de Estado 2. Vol. m

Especies de mamíferos representadas en la colección de muestras biológicas de fauna silvestre del Centro Multidisciplinario de Estudios en Biotecnología de la UMSNH.

Familia: Especie - Nombre común - Tipificación molecular con ADN mitocondrial - Referencia

Canidae:  
- Urocyon ónereoargenteus - Zorra gris - No publicado  
- Canis latrans - Coyote - No publicado

Cervidae:  
- Odocoileus virginianus - Venado cola blanca - cytb, RC, COI - No publicado

Rodentia:  
- Reithrodontomys fulvescens - Ratón - No publicado  
- Peromyscus perfulvus - Ratón - COI - Mejía-Ángeles 2012  
- Osgoodomys banderanus - Ratón - COI - Mejía-Ángeles 2012  
- Cricetidae:  
  - Liomys pictus - Ratón - COI - Mejía-Ángeles 2012  
  - Oryzomys couesi - Ratón - COI - Mejía-Ángeles 2012  
  - Neotoma sp. - Ratón - No publicado  
  - Sigmodon sp. - Ratón - No publicado  
- Baiomys musculus - Ratón - COI - Mejía-Ángeles 2012

Dasypodidae:  
- Dasypus novemcinctus - Armadillo de nueve bandas - No publicado

Didelphidae:  
- Didelphis virginiana - Tlacuache - 12S - No publicado

Erethizontidae:  
- Sphiggurus mexicanus - Puercoespín - No publicado

Procyonidae:  
- Nasua narica - Tejón - cytb, 12S - No publicado

Leporidae:  
- Sylvilagus sp. - Conejo - No publicado  
- Lepus callotis - Liebre torda - cytb - No publicado

Mephitidae:  
- Conepatus mesoleucus - Zorrillo - No publicado  
- Mephitis macroura - Zorrillo - No publicado

Mustelidae:  
- Lontra longicaudis - Nutria - No publicado

Myrmecophagidae:  
- Tamandúa mexicana - Oso hormiguero - No publicado

Phyllostomidae (Murciélagos):  
- Desmodus rotundus - Vampiro común - No publicado  
- Uroderma magnirostrum - Murciélago - No publicado  
- Sturnira lilium - Murciélago - No publicado  
- Artibeus jamaicensis - Murciélago - cytb, RC, 12S, COI - No publicado  
- A. intermedius - Murciélago - cytb, RC, 12S - Fabila-Blanco 2010  
- A. lituratus - Murciélago - Fabila-Blanco 2010  
- Centurio senex - Murciélago - No publicado  
- Clossophaga commissarisi - Murciélago - No publicado  
- Sturnira ludovici - Murciélago - No publicado  
- Dermanura tolteca - Murciélago - cytb - Fabila-Blanco 2010  
- D. phaeotis - Murciélago - cytb, 12S - Fabila-Blanco 2010  
- Musonycteris harrisoni - Murciélago - COI - No publicado  
- Clossophaga soricina - Murciélago - No publicado  
- Pteronotus parnelli - Murciélago - cytb, RC, 12S - No publicado  
- Dermanura azteca - Murciélago - No publicado  
- Pteronotus davyi - Murciélago - No publicado  
- Leptonycteris cuarasoae - Murciélago - No publicado  
- Pteronotus personae - Murciélago - No publicado

Distribución gratuita. Prohibida su venta."
Dermanura tolteca,"158 La biodiversidad en Chiapas Apéndice VIII. 20. Continuación. Taxa Nombre común Nombre local Categoría riesgo Uso local Subfamilia Carollinae Carollia perspicillata murciélago cola corta de Seba murciélago, chinaco, chinaca, vampiro Carollia sowelli murciélago cola corta sedosa murciélago, chinaco, chinaca, vampiro Carollia subrufa murciélago cola corta de Hahn murciélago, chinaco, chinaca, vampiro Subfamilia Stenodermatinae Sturnira lilium murciélago de charreteras menor murciélago, chinaco, chinaca, vampiro Sturnira ludovici murciélago de charreteras mayor murciélago, chinaco, chinaca, vampiro Chiroderma salvini murciélago ojón de Salvini murciélago, chinaco, chinaca, vampiro Chiroderma villosum murciélago ojón áspero murciélago, chinaco, chinaca, vampiro Uroderma bilobatum murciélago acampador obscuro murciélago, chinaco, chinaca, vampiro Platyrrhinus helleri murciélago listado de Heller murciélago, chinaco, chinaca, vampiro Enchisthenes hartii murciélago frutero obscuro murciélago, chinaco, chinaca, vampiro Pr Artibeus intermedius murciélago frutero de Alien murciélago, chinaco, chinaca, vampiro Artibeus jamaicensis murciélago frutero de Jamaica murciélago, chinaco, chinaca, vampiro Artibeus llturatus murciélago frutero gigante murciélago, chinaco, chinaca, vampiro Dermanura azteca murciélago frutero azteca murciélago, chinaco, chinaca, vampiro Dermanura phaeotis murciélago frutero pigmeo murciélago, chinaco, chinaca, vampiro Dermanura tolteca murciélago frutero tolteca murciélago, chinaco, chinaca, vampiro Dermanura watsoni murciélago frutero de Thomas murciélago, chinaco, chinaca, vampiro Pr Centurio senex murciélago cara arrugada murciélago, chinaco, chinaca, vampiro Familia Molossidae Subfamilia Molossinae Eumops glaucinus murciélago con bonete de Wagner murciélago, chinaco, chinaca, vampiro Eumops hansae murciélago con bonete de pigmeo murciélago, chinaco, chinaca, vampiro Eumops underwoodi murciélago con bonete de Underwood murciélago, chinaco, chinaca, vampiro Molossus rufus murciélago mastín negro murciélago, chinaco, chinaca, vampiro",50746615,Apéndices (2013),2013,Internet Archive,biodiversidadenApndCruz,Comisión Nacional para el Conocimiento y Uso de la Biodiversidad (CONABIO),Spanish,https://biodiversitylibrary.org/permissions,In copyright. Digitized with the permission of the rights holder.,"La biodiversidad en Chiapas Apéndice VIII. 20. Continuación.

Taxa, Nombre común, Nombre local, Categoría de riesgo, Uso local

Subfamilia Carollinae
- Carollia perspicillata, murciélago cola corta de Seba, murciélago, chinaco, chinaca, vampiro
- Carollia sowelli, murciélago cola corta sedosa, murciélago, chinaco, chinaca, vampiro
- Carollia subrufa, murciélago cola corta de Hahn, murciélago, chinaco, chinaca, vampiro

Subfamilia Stenodermatinae
- Sturnira lilium, murciélago de charreteras menor, murciélago, chinaco, chinaca, vampiro
- Sturnira ludovici, murciélago de charreteras mayor, murciélago, chinaco, chinaca, vampiro
- Chiroderma salvini, murciélago ojón de Salvini, murciélago, chinaco, chinaca, vampiro
- Chiroderma villosum, murciélago ojón áspero, murciélago, chinaco, chinaca, vampiro
- Uroderma bilobatum, murciélago acampador oscuro, murciélago, chinaco, chinaca, vampiro
- Platyrrhinus helleri, murciélago listado de Heller, murciélago, chinaco, chinaca, vampiro
- Enchisthenes hartii, murciélago frutero oscuro, murciélago, chinaco, chinaca, vampiro
- Artibeus intermedius, murciélago frutero de Alien, murciélago, chinaco, chinaca, vampiro
- Artibeus jamaicensis, murciélago frutero de Jamaica, murciélago, chinaco, chinaca, vampiro
- Artibeus llturatus, murciélago frutero gigante, murciélago, chinaco, chinaca, vampiro
- Dermanura azteca, murciélago frutero azteca, murciélago, chinaco, chinaca, vampiro
- Dermanura phaeotis, murciélago frutero pigmeo, murciélago, chinaco, chinaca, vampiro
- Dermanura tolteca, murciélago frutero tolteca, murciélago, chinaco, chinaca, vampiro
- Dermanura watsoni, murciélago frutero de Thomas, murciélago, chinaco, chinaca, vampiro

Familia Molossidae
- Subfamilia Molossinae
  - Eumops glaucinus, murciélago con bonete de Wagner, murciélago, chinaco, chinaca, vampiro
  - Eumops hansae, murciélago con bonete de pigmeo, murciélago, chinaco, chinaca, vampiro
  - Eumops underwoodi, murciélago con bonete de Underwood, murciélago, chinaco, chinaca, vampiro
  - Molossus rufus, murciélago mastín negro, murciélago, chinaco, chinaca, vampiro"
Aechmea magdalenae,"Flora de Veracruz AECHMEA MAGDALENAE (André) André ex Baker, Handb Bromel. 65-66. 1889. Chevaliera magdalenae André, Enum. Bromel. 3. 13-XII-1888. Tipo: Colombia ""New Granada"", , virgin forests of the Río Magdalena between Tenerife and Canaletal, XII1875, E. André 692 (Holotipo: K). Bromelia magdalenae (André) C. H. Wright, Bull. Mise. Inf. 1923: 267 . 1923, emend. Cufod., Arch. Bot. Sist. 9: 184. 1933. Ananas magdalenae (André) Standl. S. Calderón, Lista pl. Salvador 4546. 1925. Chevaliera magdalenae André var. quadricolor (M. B. Foster) L. B. Sm. W. J. Kress, Phytologia 66: 78. 1989. A. magdalenae (André) André ex Baker var. quadricolor M. B. Foster, Bull. Bromeliad Soc. 16: 27, fig. pag. 25. 1966. Tipo: México, sin localidad precisa, cultivada en Orlando, Florida, M. B. Foster 3070 (Holotipo: US). Nombre común. Pita. Hierbas arrosetadas, terrestres, en flor de 1-2 m de alto, las rosetas de tipo tanque, erectas, amplias; tallos muy cortos, los rizomas largos. Hojas numerosas, las vainas pardas, elípticas, lepidotas, enteras, las láminas verdes, cintiformes, de 1-2 m de largo, 4.5-8 cm de ancho, conspicuamente nervadas cuando secas, glabras a inconspicuamente adpreso lepidotas, agudas y ligeramente apiculadas, el margen espinoso, las espinas negras, uncinadas, de 2-5 mm de largo. Inflorescencias terminales, erectas, simples a fasciculado compuestas, 1-5 espigas, el escapo de 22-65 cm de largo, ca. 8 mm de diámetro, sulcado, blanco flocoso a glabrescente; brácteas del escapo verdes a rojas sobre todo en los márgenes, foliáceas, de 7-28 cm de largo, 2-3.5 cm de ancho, largamente triangulares, el margen espinoso, amplexicaules, agudas, más largas que los entrenudos, divergentes a patentes o reflejas, exponiendo al escapo, espigas capituliformes, globosas a subglobosas, de 6-15 cm de largo, 10-14 cm de diámetro; brácteas primarias verdes a rojas, ovadotriangulares, de 7-15 cm de largo, 2-3 cm de ancho, espinoso-serradas, pungentes; brácteas florales rojas a anaranjadas, ovado-triangulares, cóncavas, de 2.5-6 cm de largo, 1.2-2. 7 cm de ancho, el envés adpreso20",50937773,fasc.136 (2005),2005,Internet Archive,FloradeVeracruzfascA,Instituto de Ecología A.C.,Spanish,https://biodiversitylibrary.org/permissions,In copyright. Digitized with the permission of the rights holder.,"Flora de Veracruz

AECHMEA MAGDALENAE (André) André ex Baker, Handb Bromel. 65-66. 1889.  
Chevaliera magdalenae André, Enum. Bromel. 3. 13-XII-1888.  
Tipo: Colombia, ""New Granada"", en bosques vírgenes del río Magdalena entre Tenerife y Canaletal, diciembre de 1875, E. André 692 (Holotipo: K).  
Bromelia magdalenae (André) C. H. Wright, Bull. Mise. Inf. 1923: 267, 1923, emend. Cufod., Arch. Bot. Sist. 9: 184. 1933.  
Ananas magdalenae (André) Standl.  
Lista de plantas de Salvador 4546. 1925.  
Chevaliera magdalenae André var. quadricolor (M. B. Foster) L. B. Sm.  
W. J. Kress, Phytologia 66: 78. 1989.  
A. magdalenae (André) André ex Baker var. quadricolor M. B. Foster, Bull. Bromeliad Soc. 16: 27, fig. pag. 25. 1966.  
Tipo: México, sin localidad precisa, cultivada en Orlando, Florida, M. B. Foster 3070 (Holotipo: US).

Nombre común: Pita.

Descripción:  
Hierbas arrosetadas, terrestres, en flor, de 1 a 2 metros de altura. Las rosetas son de tipo tanque, erectas, amplias; tallos muy cortos, rizomas largos.  
Hojas numerosas, con vainas pardas, elípticas, lepidotas, enteras; láminas verdes, cintiformes, de 1 a 2 metros de largo y 4.5 a 8 cm de ancho, conspicuamente nervadas cuando están secas, glabras o con lepidotas inconspicuas, agudas y ligeramente apiculadas, con margen espinoso y espinas negras, uncinadas, de 2 a 5 mm de largo.

Inflorescencias:  
Terminales, erectas, simples o fasciculadas, compuestas por 1 a 5 espigas.  
El escapo mide entre 22 y 65 cm de largo, aproximadamente 8 mm de diámetro, sulcado, con superficie blanca y flocosa o glabrescente.  
Brácteas del escapo verdes a rojas, especialmente en los márgenes, foliáceas, de 7 a 28 cm de largo y 2 a 3.5 cm de ancho, largamente triangulares, con margen espinoso, amplexicaules, agudas, más largas que los entrenudos, divergentes, patentes o reflejas, exponiendo el escapo.  
Las espigas son capituliformes, globosas o subglobosas, de 6 a 15 cm de largo y 10 a 14 cm de diámetro.  
Las brácteas primarias son verdes a rojas, ovado-triangulares, de 7 a 15 cm de largo y 2 a 3 cm de ancho, espinosas y serradas, pungentes.  
Las brácteas florales son rojas a anaranjadas, ovado-triangulares, cóncavas, de 2.5 a 6 cm de largo y 1.2 a 2.7 cm de ancho, con el envés adpreso."
Aechmea magdalenae,"En la Ckinantla se encuentran relictos de bosques mesójilos notables por su biodiversidad y endemismos; destaca la presencia de grandes extensiones de selva alta y selva mediana subperennifolia. media anual superior a 22 C), al semi-cálido (1 8-22 C), templado (12-18 C) y frío (5-1 2 C). Las lluvias, abundantes durante el verano, ocurren generalmente en las partes bajas de la región (20 a 300 msnm) y durante todo el año hacia las partes media y alta (400 hasta 3 000 msnm). En la Chinantla se encuentran relictos de bosques mesófilos notables por su biodiversidad y endemismos, y destaca la presencia de grandes extensiones de selva alta y selva mediana subperennifolia (Pennington y Sarukhán 2005). Parte importante de la cobertura forestal aún se encuentra en buen estado de conservación gracias al aislamiento relativo de los asentamientos humanos, pero también por el involucramiento y la participación directa de la población en el cuidado y aprovechamiento sustentable de sus recursos naturales. Sin embargo, los modelos de producción pecuaria y agrícola extensivos, así como el incremento demográfico, ponen en grave riesgo la permanencia de estas condiciones. Desde una perspectiva botánica, se estima para la Chinantla un total de 2 207 especies de plantas vasculares, lo que representa 26.3 del total de las especies conocidas para el estado de Oaxaca (García Mendoza ef al. 2004). No obstante, este número aún no se determina con exactitud y se siguen registrando nuevas especies para la zona, algunas de las cuales corresponden a especies endémicas, tales como el laurel Licaria chinanteca. Lo que sí se puede afirmar es que al menos 151 de las especies de plantas vasculares presentes son endémicas del estado, como algunas cicadas ( Dioon purpusii y Dioon spinulosum), orquídeas ( Prostechea vitellina ), bromelias ( Tillandsia imperialis) y heléchos ( Adiantum oaxacanum ) (Tejero-Diez y Mickel 2004). Otras especies vegetales no endémicas, pero representativas de la Chinantla, son el liquidámbar ( Liquidambar macrophylla), el ojoche ( Brosimum aliscastrum), el palo mulato ( Bursera simaruba), el cedro ( Cedrela odorata), el sombrerete ( Terminalia amazonia), el pino ( Pinus chiapensis), la caoba ( Swietenia macrophylla), el zapote mamey ( Pouteria sapota), la palma camedor ( Chamaedorea tepejilote), el barbasco ( Dioscorea composita) y el ixtle ( Aechmea magdalenae). La fauna de la Chinantla también es muy diversa. Con respecto a los mamíferos, se ha registrado al menos 62.63 (119) de las especies reportadas para el estado de Oaxaca (190 especies) (García Mendoza et al. 2004), entre las que destacan: el tapir ( Tapirus bairdii), el jaguar ( Panthera onca), el puma ( Puma concolor), el mono araña (Ateles geoffroyi), el cabeza de viejo ( Eira barbara), el oso hormiguero ( Tamandúa mexicana), el puerco espín ( Coendou mexicanus) y algunas especies de ratones (e.g., Oryzomys chap75 LA CHINANTLA",49855322,,2015,Internet Archive,Plumasdemultitu00Sanc,Comisión Nacional para el Conocimiento y Uso de la Biodiversidad (CONABIO),Spanish,https://biodiversitylibrary.org/permissions,In copyright. Digitized with the permission of the rights holder.,"En la Chinantla se encuentran relictos de bosques mesófilos notables por su biodiversidad y endemismos, y destaca la presencia de grandes extensiones de selva alta y selva mediana subperennifolia. La media anual de temperatura es superior a 22°C, abarcando zonas semi-cálidas (18-22°C), templadas (12-18°C) y frías (5-12°C). Las lluvias, abundantes durante el verano, ocurren generalmente en las partes bajas de la región (20 a 300 msnm) y durante todo el año en las partes media y alta (400 hasta 3,000 msnm). Parte importante de la cobertura forestal aún se encuentra en buen estado de conservación gracias al aislamiento relativo de los asentamientos humanos, pero también por el involucramiento y la participación directa de la población en el cuidado y aprovechamiento sustentable de sus recursos naturales. Sin embargo, los modelos de producción pecuaria y agrícola extensivos, así como el incremento demográfico, ponen en grave riesgo la permanencia de estas condiciones. Desde una perspectiva botánica, se estima para la Chinantla un total de 2,207 especies de plantas vasculares, lo que representa el 26.3% del total de las especies conocidas para el estado de Oaxaca. No obstante, este número aún no se determina con exactitud y se siguen registrando nuevas especies para la zona, algunas de las cuales corresponden a especies endémicas, como el laurel Licaria chinanteca. Lo que sí se puede afirmar es que al menos 151 de las especies de plantas vasculares presentes son endémicas del estado, como algunas cicadas (Dioon purpusii y Dioon spinulosum), orquídeas (Prostechea vitellina), bromelias (Tillandsia imperialis) y heléchos (Adiantum oaxacanum). Otras especies vegetales no endémicas, pero representativas de la Chinantla, son el liquidámbar (Liquidambar macrophylla), el ojoche (Brosimum aliscastrum), el palo mulato (Bursera simaruba), el cedro (Cedrela odorata), el sombrerete (Terminalia amazonia), el pino (Pinus chiapensis), la caoba (Swietenia macrophylla), el zapote mamey (Pouteria sapota), la palma camedor (Chamaedorea tepejilote), el barbasco (Dioscorea composita) y el ixtle (Aechmea magdalenae). La fauna de la Chinantla también es muy diversa. Con respecto a los mamíferos, se ha registrado al menos 62 especies, lo que representa aproximadamente el 63% de las especies reportadas para el estado de Oaxaca, que cuenta con 190 especies. Entre las especies destacadas se encuentran el tapir (Tapirus bairdii), el jaguar (Panthera onca), el puma (Puma concolor), el mono araña (Ateles geoffroyi), el cabeza de viejo (Eira barbara), el oso hormiguero (Tamandúa mexicana), el puercoespín (Coendou mexicanus) y algunas especies de ratones."
Aechmea magdalenae,"256 Capital natural de México Vol. II: Estado de conservación y tendencias de cambio el punto de vista cualitativo (es decir, tipos o variedad de productos explotados), en todo el país se han identificado aproximadamente 5 000 taxa de plantas útiles y 215 especies de hongos (Torres-Rojo 2004), los cuales, aunque no sean elementos de la flora, se pueden considerar como recurso forestal no maderable. Solo en los bosques templados de Chihuahua, Durango, Jalisco, Michoacán, Guerrero y Oaxaca se ha documentado el aprovechamiento de 1 293 especies de plantas que pertenecen a 171 familias taxonómicas (Procymaf 2000). Desgraciadamente, buena parte del aprovechamiento de esta riqueza se hace de manera clandestina y muchas veces se restringe a una intensa explotación de unas pocas especies que ya muestran los efectos de esta práctica (Semarnat 2005), como se analiza a continuación. Desde el punto de vista cuantitativo, en general la magnitud de extracción de los productos forestales no maderables (pfnm) es considerable, y se estima que entre 1997 y 2004 se explotó un promedio anual de 60 000 toneladas de estos productos, con oscilaciones que van de 42 000 a 90 000 toneladas por año, lo que da un total de cerca de 558 000 toneladas (Fig. 5.2). De manera consistente, el producto con mayor representación son las resinas de pino de especies como Pinus oocarpa, P. leiophylla, P. lawsonii, P. teocote, P. herrerai, P. tenuifolia, P. montezumae, P. ponderosa, P. pringlei, P. michoacana, P. pseudostrobus y P. douglasiana, cuya distribución natural abarca principalmente los estados de Colima, Chihuahua, Durango, Guerrero, Jalisco, México, Michoacán y Oaxaca. Esta extracción representa de 25 a 50 por ciento del volumen anual, lo cual sugiere que estos pfnm se encuentran entre los más explotados. Muchos procedimientos de extracción de estos recursos implican la recolecta de individuos para su comercialización como unidades completas (por ejemplo, bromelias, palmas, yucas, orquídeas, cicadas, candelilla y cactos). En general, este tipo de explotación tiene como fuente principal poblaciones naturales que se extraen con escasos o improcedentes elementos de regulación. Por ejemplo, solo entre 2004 y 2006 se extrajeron 3 755 yucas o palmitos del desierto ( Yucca thomsoniana ) del Área de Protección de Flora y Fauna Cuatrociénegas (Profepa 2006a), una región donde la extracción ilegal debería estar controlada. Históricamente han existido pfnm que se extraen sobre todo en forma de partes de la planta (en contraposición con la extracción de plantas enteras), como consecuencia de su alta importancia económica. Tal es el caso de las palmas camedor o xate ( Chamaedorea spp.), las cuales hacia los años ochenta tenían un valor a precio de mercado en Estados Unidos superior a los 30 millones de dólares al año, lo que generó más de 10 000 empleos (González-Pacheco 1984). Solo el mercado norteamericano demandaba 363.2 millones de hojas de palma camedor anualmente. En la actualidad el comercio de estas plantas tiene un mercado bien establecido y constante (cec 2002). Sin embargo, y aunque se han desarrollado técnicas para su cultivo en viveros, la extracción ilegal es un problema persistente. Por ejemplo, en 2004 se aseguraron dos avionetas que transportaban de forma ilegal 55 512 hojas de palma xate, presumiblemente recolectadas en la Reserva de la Biosfera Montes Azules, Chiapas (Profepa 2004). Desafortunadamente esto no es exclusivo de dicha reserva en la Selva Lacandona. Por ejemplo, Ramírez (2001) señala que en Tamaulipas los bosques de la Reserva de la Biosfera El Cielo siguen siendo el origen de la mayor parte del follaje de Chamaedorea radicalis comercializado en ese estado. Lo mismo sucede en la región de la Chinantía, Oaxaca, donde alrededor de 50 comunidades extraen follaje y semillas, y 20 de ellas aprovechan alrededor de 1 000 toneladas de hojas por año (Ramírez 2001). Lamentablemente, dicho aprovechamiento se lleva a cabo de manera no sustentable y sin contar con un mercado que reditúe de manera justa y digna a los pobladores locales. Otro ejemplo ilustrativo es el de la pita (. Aechmea magdalenae ), una bromelia terrestre cuyo hábitat son las selvas altas perennifolias del sureste de México, que ha sido explotada históricamente por las comunidades indígenas y mestizas comerciantes del sureste del país para extraer su fibra a partir de plantas de las poblaciones silvestres (Edouard 2003, 2006). Las principales áreas de cosecha se ubican en las regiones de la Chinantla de Oaxaca, la Selva Lacandona de Chiapas y en diversas y pequeñas zonas del estado de Veracruz (por ejemplo, Los Tuxtlas). Aunque se trata de un recurso valioso, su rendimiento es intrínsecamente bajo, pues se calcula que para obtener 1 kg de pita se requiere cortar entre 250 y 350 hojas, y una hectárea de selva puede rendir de 15 a 25 kg de fibra por año (Edouard 2006). Esto hace evidente la necesidad de contar con programas de cultivo, extracción y comercialización sustentables que brinden beneficios netos y justos a los pobladores locales, dueños del recurso. Actualmente, aunque la demanda de pita se ha estabilizado, e incluso ha disminuido, en algunas regiones se empieza a vislumbrar el desarrollo de procesos de organización de la cadena productiva y de comercialización (Edouard 2006). La planta Euphorbia antissyphilitica, mejor conocida como candelilla es otro buen ejemplo del impacto negativo de la extracción sobre las poblaciones naturales.",50855071,v.2 (2009),2009,Internet Archive,Capitalnaturaldv220Saru,Comisión Nacional para el Conocimiento y Uso de la Biodiversidad (CONABIO),Spanish,https://biodiversitylibrary.org/permissions,In copyright. Digitized with the permission of the rights holder.,"256 Capital natural de México Vol. II: Estado de conservación y tendencias de cambio

Desde un punto de vista cualitativo (es decir, tipos o variedades de productos explotados), en todo el país se han identificado aproximadamente 5,000 taxa de plantas útiles y 215 especies de hongos, los cuales, aunque no sean elementos de la flora, se pueden considerar recursos forestales no maderables. Solo en los bosques templados de Chihuahua, Durango, Jalisco, Michoacán, Guerrero y Oaxaca se ha documentado el aprovechamiento de 1,293 especies de plantas que pertenecen a 171 familias taxonómicas. Desgraciadamente, buena parte del aprovechamiento de esta riqueza se realiza de manera clandestina y muchas veces se restringe a una intensa explotación de unas pocas especies que ya muestran los efectos de esta práctica, como se analiza a continuación.

Desde el punto de vista cuantitativo, en general, la magnitud de extracción de los productos forestales no maderables (pfnm) es considerable, y se estima que entre 1997 y 2004 se explotó un promedio anual de 60,000 toneladas de estos productos, con oscilaciones que van de 42,000 a 90,000 toneladas por año, lo que da un total de cerca de 558,000 toneladas. De manera consistente, el producto con mayor representación son las resinas de pino de especies como Pinus oocarpa, P. leiophylla, P. lawsonii, P. teocote, P. herrerai, P. tenuifolia, P. montezumae, P. ponderosa, P. pringlei, P. michoacana, P. pseudostrobus y P. douglasiana, cuya distribución natural abarca principalmente los estados de Colima, Chihuahua, Durango, Guerrero, Jalisco, México, Michoacán y Oaxaca. Esta extracción representa del 25 al 50 por ciento del volumen anual, lo cual sugiere que estos pfnm se encuentran entre los más explotados.

Muchos procedimientos de extracción de estos recursos implican la recolección de individuos para su comercialización como unidades completas, como bromelias, palmas, yucas, orquídeas, cicadas, candelilla y cactos. En general, este tipo de explotación tiene como fuente principal poblaciones naturales que se extraen con escasos o inadecuados elementos de regulación. Por ejemplo, solo entre 2004 y 2006 se extrajeron 3,755 yucas o palmitos del desierto (Yucca thomsoniana) del Área de Protección de Flora y Fauna Cuatrociénegas, una región donde la extracción ilegal debería estar controlada.

Históricamente, existen pfnm que se extraen principalmente en forma de partes de la planta, en contraposición con la extracción de plantas enteras, debido a su alta importancia económica. Un ejemplo son las palmas camedor o xate (Chamaedorea spp.), que en los años ochenta tenían un valor en el mercado de Estados Unidos superior a los 30 millones de dólares anuales, generando más de 10,000 empleos. Solo el mercado norteamericano demandaba 363.2 millones de hojas de palma camedor cada año. Actualmente, el comercio de estas plantas tiene un mercado bien establecido y constante. Sin embargo, aunque se han desarrollado técnicas para su cultivo en viveros, la extracción ilegal sigue siendo un problema persistente. Por ejemplo, en 2004 se aseguraron dos avionetas que transportaban de forma ilegal 55,512 hojas de palma xate, presumiblemente recolectadas en la Reserva de la Biosfera Montes Azules, Chiapas. Lamentablemente, esto no es exclusivo de esa reserva en la Selva Lacandona. En Tamaulipas, los bosques de la Reserva de la Biosfera El Cielo siguen siendo la fuente principal del follaje de Chamaedorea radicalis comercializado en ese estado. Lo mismo sucede en la región de la Chinantía, Oaxaca, donde alrededor de 50 comunidades extraen follaje y semillas, y 20 de ellas aprovechan aproximadamente 1,000 toneladas de hojas por año. Este aprovechamiento se realiza de manera no sustentable y sin un mercado que retribuya de forma justa a los pobladores locales.

Otro ejemplo es la pita (Aechmea magdalenae), una bromelia terrestre cuyo hábitat son las selvas altas perennifolias del sureste de México. Ha sido explotada históricamente por comunidades indígenas y mestizas comerciantes del sureste del país para extraer su fibra a partir de plantas silvestres. Las principales áreas de cosecha se ubican en la Chinantla de Oaxaca, la Selva Lacandona de Chiapas y en diversas pequeñas zonas del estado de Veracruz, como Los Tuxtlas. Aunque es un recurso valioso, su rendimiento es intrínsecamente bajo: para obtener 1 kg de pita, se requiere cortar entre 250 y 350 hojas, y una hectárea de selva puede producir de 15 a 25 kg de fibra por año. Esto evidencia la necesidad de programas de cultivo, extracción y comercialización sustentables que beneficien de manera justa a los pobladores locales, dueños del recurso. Actualmente, aunque la demanda de pita se ha estabilizado e incluso ha disminuido en algunas regiones, empieza a vislumbrarse el desarrollo de procesos de organización en la cadena productiva y de comercialización. La planta Euphorbia antisyphilitica, conocida como candelilla, es otro ejemplo del impacto negativo de la extracción sobre las poblaciones naturales."
Aechmea magdalenae,"Acta Botánica Mexicana 77 : 69-98 ( 2006 ) herbarium specimens, including information on life fonn, phenology and status of conservation. Four hundred and eighty five vascular plant species were recorded, corresponding to 355 genera from 104 families, which represent 11.23 of all species estimated for the area. Fabaceae, Asteraceae and Rubiaceae were the best represented families, as well as the genera Piper, Eupatorium, Encyclia, Chamaedorea and Solanum. Key words: acahuales, agricultural fields, evergreen tropical rainforest, flora, Lacandonian tropical rainforest. Actualmente existe una gran preocupación mundial por la pérdida de diversidad biológica en las regiones tropicales, pues en ellas está representada la mitad de las especies existentes en el planeta. México es considerado una potencia en biodiversidad y la Selva Lacandona, con sólo 0.16 de la superficie del país, cuenta con más de 20 del total de sus especies. Su biota ayuda a mantener la estabilidad del clima, la pureza del aire, la disponibilidad del agua y la fertilidad del suelo; además, muchas de estas especies son importantes como medicinas, alimento, ornato o madera (Ricker y Daly, 1997). En las regiones tropicales el manejo de los recursos suelo y vegetación por parte de las comunidades campesinas está sustentado en el aprovechamiento forestal maderable y no maderable, así como en la producción agrícola y pecuaria. El primero generalmente consiste en la extracción de grandes volúmenes de madera de alto valor comercial, como caoba y cedro. En cambio, el segundo o tradicional se basa en la recolección o extracción de materiales vegetales y animales con la finalidad de satisfacer los requerimientos de autoconsumo (Pimentel et al., 1992; Phillips y Gentry, 1993). Los lacandones poseen un íntimo conocimiento tradicional sobre la flora y vegetación regionales y de sus formas de manejo y aprovechamiento bajo el sistema de roza, tumba y quema (RTQ). La milpa es la principal actividad agrícola dentro de este sistema, con una producción de más de cuarenta cultivos asociados al maíz, orientada principalmente a las necesidades locales. Durante el barbecho o en los intervalos entre los desmontes para la milpa, se realizan actividades silvícolas de extracción forestal para autoconsumo (materiales para construcción y elaboración de artesanías, recolección de plantas comestibles, leña, medicinales, curtientes y ornamentales, así como cacería de fauna silvestre) y comercial (hoja de Chamaedorea spp. y fibra de Aechmea magdalenae); complementan lo anterior la producción del solar, la pesca, el turismo y el ingreso económico por venta de mano de obra (Marión, 1991). 70",49927732,77,2006,Internet Archive,ActaBotanicaMex77InstA,Instituto de Ecología A.C.,Spanish,https://biodiversitylibrary.org/permissions,In copyright. Digitized with the permission of the rights holder.,"Acta Botánica Mexicana 77: 69-98 (2006)

Se registraron especímenes de herbarios, incluyendo información sobre la forma de vida, fenología y estado de conservación. Se documentaron 485 especies de plantas vasculares, correspondientes a 355 géneros de 104 familias, lo que representa el 11.23% de todas las especies estimadas para la zona. Las familias mejor representadas fueron Fabaceae, Asteraceae y Rubiaceae, así como los géneros Piper, Eupatorium, Encyclia, Chamaedorea y Solanum.

Actualmente, existe una gran preocupación mundial por la pérdida de diversidad biológica en las regiones tropicales, ya que en ellas está representada la mitad de las especies existentes en el planeta. México es considerado una potencia en biodiversidad, y la Selva Lacandona, con solo el 0.16% de la superficie del país, alberga más del 20% de sus especies. Su biota ayuda a mantener la estabilidad del clima, la pureza del aire, la disponibilidad de agua y la fertilidad del suelo; además, muchas de estas especies son importantes como medicinas, alimentos, ornato o madera.

En las regiones tropicales, el manejo de los recursos del suelo y la vegetación por parte de las comunidades campesinas se basa en el aprovechamiento forestal maderable y no maderable, así como en la producción agrícola y pecuaria. El aprovechamiento maderable generalmente consiste en la extracción de grandes volúmenes de madera de alto valor comercial, como caoba y cedro. Por otro lado, el manejo tradicional se basa en la recolección o extracción de materiales vegetales y animales para satisfacer los requerimientos de autoconsumo, como materiales para construcción, artesanías, plantas comestibles, leña, medicinales, curtientes y ornamentales, además de la caza de fauna silvestre y actividades comerciales como la recolección de hoja de Chamaedorea spp. y fibra de Aechmea magdalenae. También se complementan estas actividades con la producción en el solar, la pesca, el turismo y los ingresos económicos por venta de mano de obra.

Los lacandones poseen un conocimiento tradicional profundo sobre la flora y vegetación regionales, así como sobre sus formas de manejo y aprovechamiento bajo el sistema de roza, tumba y quema (RTQ). La milpa es la principal actividad agrícola dentro de este sistema, con una producción de más de cuarenta cultivos asociados al maíz, orientada principalmente a satisfacer las necesidades locales. Durante el período de descanso o en los intervalos entre los desmontes para la milpa, se realizan actividades silvícolas de extracción forestal para autoconsumo, como materiales para construcción y artesanías, recolección de plantas comestibles, leña, medicinales, curtientes y ornamentales, así como caza de fauna silvestre. También se llevan a cabo actividades comerciales, como la recolección de hoja de Chamaedorea spp. y fibra de Aechmea magdalenae. Además, estas actividades se complementan con la producción en el solar, la pesca, el turismo y los ingresos económicos por la venta de mano de obra."
Aechmea magdalenae,"Flora de Veracruz GRANT, J. R. G. ZIJLSTRA. 1998. An annotated catalogue of the generic ñames of the Bromeliaceae. Selbyana 19: 91-121. LUTHER, H. E. (Comp.) 2002. An alphabetic list of Bromeliad binomials. 8. ed. Bromeliad Society International. Sarasota, Florida, USA. MCVAUGH, R. 1989. Bromeliaceae, in: Anderson, W. (ed.), Fl. NovoGaliciana 15: 4-79. The University of Michigan, Ann Arbor. Michigan, USA. MEZ, C. 1896. Bromeliaceae, in: De Candolle, C., Monogr. phan. 9: 1-990. MEZ, C. 1934-1935. Bromeliaceae, in: Engler, A., Pflanzenr. IV. 32 (Heft 100, 1-4): 1-667. RAMÍREZ MORILLO, I. G. CARNEVALI, 1999. A new taxon of Tillandsia , some new records, and a checklist of the Bromeliaceae from the Yucatán Península. Harvard Pap. Bot. 4: 185-194. RANKER, T. A., D. J. SOLTIS A. J. GILMARTIN. 1990. Subfamilial phylogenetic relationships of the Bromeliaceae: Evidence from chloroplast DNA restriction site variation. Syst. Bot. 15: 425-434. SMITH, L. B. R. J. DOWNS. 1974. Pitcaimioideae (Bromeliaceae), in: Fl. Neotrop. Monogr. 14(1): 1-658. SMITH, L. B. R. J. DOWNS. 1977. Tillandsioideae (Bromeliaceae), in: Fl. Neotrop. Monogr. 14(2): 659-1492. SMITH, L. B. R. J. DOWNS. 1979. Bromelioideae (Bromeliaceae), in: Fl. Neotrop. Monogr. 14(3): 1493-2142. UTLEY, J. K. BURT-UTLEY. 1994. Bromeliaceae, in: Davidse, G., M. SOUSA S. A. O. CHATER (eds.). Fl. Mesoamericana 6: 89-156. Familia con cerca de 56 géneros y aproximadamente 2920 especies (Luther, 2002) restringida al Nuevo Mundo con excepción de un solo taxón, Pitcairnia feliciana (A. Chev.) Harms Mildbr., que habita en r Africa. De México se han reportado entre 18 y 23 géneros y entre 326 y 342 especies (Espejo López-Ferrari, 1994, 1998; Espejo et al., 2004) de los cuales 14 y 91 respectivamente, se conocen de Veracruz. La familia es interesante desde el punto de vista ecológico debido al hábito epífito de muchas de sus especies, así como a las diversas adaptaciones que presentan para vivir en hábitats xéricos (Benzing, 2000). Desde el punto de vista económico, algunas especies como la piña ( Ananas sativus Schult. Schult. f.), el timbiriche (. Bromelia karatas L.), la piña ( Aechmea magdalenae (André) André ex Baker) o el heno ( Tillandsia usneoides (L.) L.), entre otras, son importantes ya que generan recursos a nivel local y representan una fuente de ingresos alternativa para muchas",50937757,fasc.136 (2005),2005,Internet Archive,FloradeVeracruzfascA,Instituto de Ecología A.C.,Spanish,https://biodiversitylibrary.org/permissions,In copyright. Digitized with the permission of the rights holder.,"Flora de Veracruz

La familia, con cerca de 56 géneros y aproximadamente 2,920 especies (Luther, 2002), está restringida al Nuevo Mundo, con la excepción de un solo taxón, Pitcairnia feliciana (A. Chev.) Harms Mildbr., que habita en África. En México se han reportado entre 18 y 23 géneros y entre 326 y 342 especies (Espejo López-Ferrari, 1994, 1998; Espejo et al., 2004), de las cuales 14 y 91, respectivamente, se conocen de Veracruz.

La familia es interesante desde el punto de vista ecológico debido al hábito epífito de muchas de sus especies, así como a las diversas adaptaciones que presentan para vivir en hábitats xerófilos (Benzing, 2000). Desde el punto de vista económico, algunas especies como la piña (Ananas sativus Schult. f.), el timbiriche (Bromelia karatas L.), la piña (Aechmea magdalenae (André) André ex Baker) o el heno (Tillandsia usneoides (L.) L.), entre otras, son importantes ya que generan recursos a nivel local y representan una fuente de ingresos alternativa para muchas comunidades."
Aechmea magdalenae,"ESPEJO-SERNA y LÓPEZ-EERRARI Distribución En cuanto a su distribución conocida, podemos señalar que la mayoría de los registros de Bromeliaceae se concentra en la parte central del estado y en la región de Los Tuxtlas, y a lo largo de las diversas carreteras que lo recorren (figura 2). De los 210 municipios que conforman al estado, sólo 129 (61.4 ) cuentan con registros de la familia depositados en alguna colección institucional nacional o extranjera. Para ocho de estos últimos (Totutla, San Andrés Tuxtla, Orizaba, Xalapa, Catemaco, Coatepec, Emiliano Zapata y Uxpanapa) se tienen registradas más de 25 especies, en tanto que para 70 (54.3 ) sólo se conocen cinco taxa o menos y en 23 (17.8 ) se cuenta con colecciones de un solo taxón (cuadro 2). Es notable que de la mitad de las colectas disponibles y usadas para el análisis, el 5 1 se concentra en trece municipios (10 ) de los 129 para los que se tienen registros (cuadro 3). Además, casi el 76 de las colectas conocidas proviene de 3 1 municipios (cuadro 2). Lo anterior representa tan sólo el 14.7 del total de municipios que integran el estado y el 24 de los municipios para los cuales se tienen registros. Esto refleja la gran heterogeneidad en la distribución de las recolecciones en la entidad y evidencia la preferencia en la selección de los sitios de colecta, quizás como resultado de la accesibilidad de algunas de las localidades (figura 2). Es posible decir que la representación de las especies en las colecciones institucionales revisadas es, en términos generales aceptable, ya que de los 91 taxa presentes en el estado, 58 (63.7 ) cuentan con 10 o más registros, en tanto que sólo cuatro están representados únicamente por un espécimen (apéndice VIII. 10). Trece especies cuentan con más de 50 ejemplares (apéndice VIII. 10). Sin embargo, a pesar de esto, recientemente se han obtenido de la región de Los Tuxtlas nuevos registros para la familia como resultado de un proyecto posdoctoral (Kromer et ai, 2005) así como el hallazgo de dos nuevas especies de los géneros Hechtia (Espejo etaL, 2007) y Werauhia (Kromer et al, 2007). Riqueza por tipo de vegetación Las bromeliáceas crecen prácticamente en todos los tipos de vegetación presentes en el estado (Rzedowski, 1978), incluyendo los manglares y las zonas de dunas costeras. Una buena parte de las especies pueden encontrarse en varios tipos de vegetación, sin embargo hay otras que crecen de manera exclusiva en ciertas condiciones ambientales y ecológicas. Así, Aechmea magdalenae (André) André ex Baker, Androlepis skinneri (K. Koch) Houllet, Catopsis wawranea Mez, Pepinia punicea (Scheidw.) Brongn. ex André, Pitcairnia undulata Scheidw., Tillandsia festucoides Brongn. ex Mez, T. flavobracteata Matuda, T. pruinosaSw., T. variabilis SóAtóX., Vriesea heliconioides (Kunth) Hook. ex Walp. y V. malzinei E. Morren, se conocen únicamente de bosques tropicales perennifolios. Catopsis nítida (Hook.) Griseb., C. wangerinii Mez et Wercklé ex Mez, Greigia juareziana L. B. Sm., Racinaea adscendens (L. B. Sm.) M. A. Spencer L. B. Sm., Tillandsia belloensis W. Weber y Tillandsia fo liosa M. Martens Galeotti habitan sólo en bosques mesófilos de montaña. Tillandsia macdougallii L. B. Sm. y T. macrochlamys Baker se conocen únicamente de bosques de coniferas. Entre los taxa de hábito terrestre, Hechtia stenopetala Klotzsch y H. purpusii Brandegee crecen sólo en bosques tropicales caducifolios, mientras que Hechtia bracteata Mez y H. perotensis I. Ramírez Martínez-Gorrea prosperan únicamente en matorrales xeró filos. Tillandsia bulbosa Hook. se conoce hasta el momento sólo de los manglares del sur del estado, en la frontera tabasqueña. 180",50628863,vol.2 (2011),2011,Internet Archive,Labiodiversidadvol2Cruz,Comisión Nacional para el Conocimiento y Uso de la Biodiversidad (CONABIO),Spanish,https://biodiversitylibrary.org/permissions,In copyright. Digitized with the permission of the rights holder.,"ESPEJO-SERNA y LÓPEZ-EERRARI Distribución

En cuanto a su distribución conocida, podemos señalar que la mayoría de los registros de Bromeliaceae se concentran en la parte central del estado, en la región de Los Tuxtlas y a lo largo de las diversas carreteras que lo recorren. De los 210 municipios que conforman el estado, solo 129 (61.4%) cuentan con registros de la familia depositados en alguna colección institucional nacional o extranjera. Para ocho de estos municipios (Totutla, San Andrés Tuxtla, Orizaba, Xalapa, Catemaco, Coatepec, Emiliano Zapata y Uxpanapa) se tienen registradas más de 25 especies, mientras que para 70 (54.3%) solo se conocen cinco taxa o menos, y en 23 (17.8%) se cuenta con colecciones de un solo taxón. Es notable que la mitad de las colectas disponibles y usadas para el análisis se concentran en trece municipios (10%) de los 129 con registros. Además, casi el 76% de las colectas conocidas proviene de 31 municipios. Esto representa solo el 14.7% del total de municipios del estado y el 24% de los municipios con registros. Esto refleja la gran heterogeneidad en la distribución de las recolecciones en la entidad y evidencia la preferencia en la selección de los sitios de colecta, quizás como resultado de la accesibilidad de algunas localidades.

Es posible decir que la representación de las especies en las colecciones institucionales revisadas es, en términos generales, aceptable, ya que de los 91 taxa presentes en el estado, 58 (63.7%) cuentan con 10 o más registros, mientras que solo cuatro están representados únicamente por un espécimen. Trece especies tienen más de 50 ejemplares. Sin embargo, a pesar de esto, recientemente se han obtenido nuevos registros para la familia en la región de Los Tuxtlas como resultado de un proyecto posdoctoral, así como el hallazgo de dos nuevas especies de los géneros Hechtia y Werauhia. 

Riqueza por tipo de vegetación

Las bromeliáceas crecen prácticamente en todos los tipos de vegetación presentes en el estado, incluyendo manglares y zonas de dunas costeras. Una buena parte de las especies puede encontrarse en varios tipos de vegetación; sin embargo, hay otras que crecen de manera exclusiva en ciertas condiciones ambientales y ecológicas. Así, Aechmea magdalenae, Androlepis skinneri, Catopsis wawranea, Pepinia punicea, Pitcairnia undulata, Tillandsia festucoides, T. flavobracteata, T. pruinosa, T. variabilis, Vriesea heliconioides y V. malzinei se conocen únicamente de bosques tropicales perennifolios. Catopsis nítida, C. wangerinii, Greigia juareziana, Racinaea adscendens, Tillandsia belloensis y Tillandsia foliosa habitan solo en bosques mesófilos de montaña. Tillandsia macdougallii y T. macrochlamys se conocen únicamente de bosques de coníferas. Entre los taxa de hábito terrestre, Hechtia stenopetala y H. purpusii crecen solo en bosques tropicales caducifolios, mientras que Hechtia bracteata y H. perotensis prosperan únicamente en matorrales xerófilos. Tillandsia bulbosa se conoce hasta el momento solo de los manglares del sur del estado, en la frontera con Tabasco."
Aechmea magdalenae,"Importancia Las bromelias principalmente epifitas, aunque algunas terrestres también (e.g. Aechmea bracteata) tienen importaneia desde el punto de vista eeológieo por la fauna que alberga en estrueturas tipo tanque (fitotelmata), formado por la sobreposieión de las vainas foliares, donde se aeumula agua y materia orgániea proporeionando un hábitat para el desarrollo de pequeños inseetos, aráenidos y erustáeeos e inelusive de los polinizadores del forofito. En algunas espeeies (ineluyendo las nativas T. streptophylla, T pseudobaileyi ssp. yucatanensis, T. bulbosa), las vainas de las hojas se inflan y forman eámaras que fimeionan eomo estrueturas que albergan hormigas, estableeiéndose una relaeión hormiga-planta eonoeida eomo mirmeeofllia (myrme hormiga; fllia aflnidad). En esta relaeión simbiótiea, las hormigas ofreeen a la planta nutrimentos y proteeeión eontra posibles herbívoros. Ea gran mayoría de las bromelias tienen un alto valor ornamental, pero muy poeas han sido explotadas para tal fln en Méxieo. Ea piña Ananas comosus (E.) Merrill) se eultiva por sus frutos en treee estados, ineluyendo Campeehe, aunque Veraeruz, Oaxaea y Tabaseo son los que tienen mayor superfleie sembrada (23 461 ha, 1 985 hay 1 081 ha respeetivamente). También el ixtle o pita Aechmea magdalenae (André) André ex Baker), se eultiva en el estado de Veraeruz, la Abra es utilizada en elementos de la eharreria mexieana. También se han reportado usos medieinales para varias espeeies nativas de Campeehe (tabla 1), asi eomo el uso de frutos de espeeies del género Bromelia, para la elaboraeión de bebidas refreseantes. Es pertinente destaear que faltan mejores inventarios de la familia en los todos los onee munieipios de Campeehe y en todos los tipos r de vegetaeión, en espeeial del Area de Proteeeión de Flora y Fauna Eaguna de Términos, euya flora es virtualmente deseonoeida. Asimismo, es neeesario estudiar el poteneial de eultivo de Ananas comosus 232 La Biodiversidad en Campeche para flnes alimentarios, de Aechmea magdalenae para el mereado de Abra y varias espeeies por su valor ornamental. Situación, amenazas y acciones PARA SU CONSERVACIÓN Ea mayor amenaza para las espeeies es la destrueeión de sus hábitats y en menor grado, su sobre eoleeeión para la venta. Aetualmente, se eneuentran 21 espeeies de bromelias mexieanas en la Norma Ofleial Mexieana (NOM-059-SEMARNAT-2001), diez de ellas endémieas para el pais, tres en eategoria de riesgo Pr (sujeta a proteeeión espeeial) y el resto bajo la eategoria de riesgo Amenazadas (A). De las bromelias nativas de Campeehe, solo Tillandsia elongata var. subimbricata está en la eategoria de riesgo eomo amenazada, mientras que Catopsis berteroniana, T. flexuosa y Tillandsia festucoides están eategorizadas eomo sujetas a proteeeión espeeial. De las 26 espeeies nativas de Campeehe, 20 ereeen en la Reserva de la Biósfera de Calakmul y regiones adyaeentes (Martinez et al, 2001); el resto de las espeeies son eomunes en varios estados del pais y no están siendo sometidas a extraeeión.",50500861,,2010,Internet Archive,Labiodiversidad00Vill,Comisión Nacional para el Conocimiento y Uso de la Biodiversidad (CONABIO),Spanish,https://biodiversitylibrary.org/permissions,In copyright. Digitized with the permission of the rights holder.,"Importancia: Las bromelias, principalmente epífitas, aunque algunas terrestres también (por ejemplo, Aechmea bracteata), tienen importancia desde el punto de vista ecológico por la fauna que albergan en estructuras tipo tanque (fitotelmata), formadas por la sobreposición de las vainas foliares, donde se acumula agua y materia orgánica, proporcionando un hábitat para el desarrollo de pequeños insectos, arañidos y eristáceos, además de los polinizadores del forofito. En algunas especies (incluyendo las nativas T. streptophylla, T. pseudobaileyi ssp. yucatanensis, T. bulbosa), las vainas de las hojas se inflan y forman cámaras que funcionan como estructuras que albergan hormigas, estableciéndose una relación hormiga-planta conocida como mirmeofilia (mirmecofilia: hormiga; fília: afinidad). En esta relación simbiótica, las hormigas ofrecen a la planta nutrientes y protección contra posibles herbívoros. La gran mayoría de las bromelias tienen un alto valor ornamental, pero muy pocas han sido explotadas para tal fin en México. La piña (Ananas comosus) se cultiva por sus frutos en tres estados, incluyendo Campeche, aunque Veracruz, Oaxaca y Tabasco son los que tienen mayor superficie sembrada (23,461 ha, 1,985 ha y 1,081 ha, respectivamente). También el ixtle o pita (Aechmea magdalenae) se cultiva en el estado de Veracruz, y la fibra es utilizada en elementos de la charrearía mexicana. Además, se han reportado usos medicinales para varias especies nativas de Campeche, así como el uso de frutos de especies del género Bromelia para la elaboración de bebidas refrescantes. Es pertinente destacar que faltan mejores inventarios de la familia en todos los municipios de Campeche y en todos los tipos de vegetación, especialmente en el Área de Protección de Flora y Fauna Eaguna de Términos, cuya flora es virtualmente desconocida. Asimismo, es necesario estudiar el potencial de cultivo de Ananas comosus para fines alimentarios, de Aechmea magdalenae para el mercado de fibra y varias especies por su valor ornamental.

Situación, amenazas y acciones para su conservación: La mayor amenaza para las especies es la destrucción de sus hábitats y, en menor grado, su sobrecolección para la venta. Actualmente, se encuentran 21 especies de bromelias mexicanas en la Norma Oficial Mexicana (NOM-059-SEMARNAT-2001), diez de ellas endémicas para el país, tres en categoría de riesgo Pr (sujetas a protección especial) y el resto bajo la categoría de riesgo Amenazadas (A). De las bromelias nativas de Campeche, solo Tillandsia elongata var. subimbricata está en la categoría de riesgo como amenazada, mientras que Catopsis berteroniana, T. flexuosa y Tillandsia festucoides están categorizadas como sujetas a protección especial. De las 26 especies nativas de Campeche, 20 se encuentran en la Reserva de la Biósfera de Calakmul y regiones adyacentes (Martínez et al., 2001); el resto de las especies son comunes en varios estados del país y no están siendo sometidas a extracción."
Aechmea magdalenae,"8 Factores de presión 137 y también se transforman en nutrientes que promueven el crecimiento de fitoplancton. Este proceso es el inicio de la cadena alimenticia del que dependen camarones, peces, cangrejos, crustáceos y ostras (Aniyar 2003). También actúan como sistemas naturales de control de inundaciones, barreras de huracanes e intrusión salina, así como control de erosión y protección de costas; además, mejoran la calidad del agua, ya que funcionan como filtro biológico al remover nutrientes y toxinas, contribuyen a prevenir la formación de suelos ácidos, generan condiciones de microclima, contribuyen a mantener sistemas y procesos naturales como respuesta a cambios en el nivel del mar, reservorios de carbono y mantienen los procesos de acreción, sedimentación y formación de turbas (Macnae 1974, Norudin 1987). Se calcula que por cada hectárea de manglar destruido se pierden alrededor de 800 kg de camarón y peces de importancia comercial al año (Turner 1977). A pesar de que la Reserva de la Biosfera Pantanos de Centla es una de las regiones más importantes por su ecosistema de manglar, la problemática continúa y se carece de datos precisos de su uso intensivo, necesarios para implementar estrategias de aprovechamiento sustentable. Recursos forestales no maderables West et al. (1985) comentan que, en el estado, en la época colonial se explotaban plantas como la pita ( Aechmea magdalenae), por su fibra útil para confeccionar prendas de vestir y cuerdas; la zarzaparrilla (Smilax sp.), importante por su raíz medicinal (como purgante y para enfermedades venéreas), y la pimienta tabasco, ( Pimenta dioica ) llamada allspice por su agradable sabor. Actualmente se desconoce el estado de las primeras especies; y en el caso de la pimienta existe el cultivo con problemas económicos sobre todo por el bajo precio de venta, pero no hay evidencia de sobreexplotación. Adicionalmente, una planta conocida como barbasco ( Dioscorea composita y D. bartletii ) fue muy explotada de los años treinta a los cincuenta por la utilidad de sus compuestos en el proceso de sintetizar anticonceptivos. Afortunadamente, se encontraron sustitutos de estas especies, por lo que dejaron de ser empleadas de forma masiva (Hinke 2008). Un grupo muy explotado son las palmas, ya que sus hojas sirven para construir techos habitacionales; otras por sus tallos tiernos, inflorescencias y por sus frutos. Ocasionalmente, el tallo se utiliza como seto y para construcción. De las 86 a 100 especies reportadas para México, 23 son útiles en Tabasco (Magaña 2007, Pérezeta .2007),cuatrodeestasbajoprotecciónespecial (Pr), siete amenazadas (A) y una en peligro de extinción (Chamaedorea tuerckheimii ; P). Es importante resaltar que la guayita de río ( Chamaedorea cataractarum) es endémica (semarnat 2010). En el listado de la nom059-ecol-2001 (semarnat 2002) se encontraban la chapaya y el tepejilote; actualmente cambió su estatus y quedaron fuera de la lista al comprobarse que sus poblaciones ya no están amenazadas (cuadro 2); sin embargo, se debe considerar que, al utilizar los tallos y los frutos, se disminuye la probabilidad de crecimiento y de propagación respectivamente, lo que ocasiona su disminución generalizada. Otro ejemplo de planta sobreexplotada es el motusay ( Philodendron radiatum), herbácea usada por los grupos étnicos chol y zoque del municipio Tacotalpa. De esta se aprovechan sus raíces adventicias para elaborar artesanías. Es una especie trepadora (hemiepífita) de la familia Araceae (Croat 1997); crece en forma natural en las selvas del estado sobre tallos, ramas de árboles, así como en pendientes rocosas y palmas (Bunting 1965). En los últimos años las poblaciones de esta especie han sido muy afectadas por diferentes actividades humanas, como la sobreexplotación y mal manejo en el proceso de extracción de sus raíces, así como la tala de árboles hospederos en superficies utilizadas para la agricultura y ganadería (Díaz-Jiménez 2006). En algu nas comunidades del municipio fueron implementados programas de desarrollo por diversas instituciones gubernamentales, privadas y de investigación, con la finalidad de apoyar a los productores y artesanos, iniciativas que resultaron insuficientes o que han dejado de operar. Desafortunadamente, no existen programas que apoyen la producción y el rescate de la especie; sin embargo, se considera que antes se debe tener un estudio acerca de su estatus, fenología y propagación para establecer un programa exitoso de rescate y apro vechamiento sustentable. Sobreexplotación de fauna silvestre Tortugas dulceacuícolas En Tabasco, al igual que en el resto del sureste de México, las tortugas dulceacuícolas representan uno DISTRIBUCION GRATUITA. PROHIBIDA SU VENTA",59873258,v.3 (2019),2019,Internet Archive,biodiversidadenv320cruz,Comisión Nacional para el Conocimiento y Uso de la Biodiversidad (CONABIO),Spanish,http://biodiversitylibrary.org/permissions,In copyright. Digitized with the permission of the rights holder.,"8 Factores de presión y también se transforman en nutrientes que promueven el crecimiento de fitoplancton. Este proceso es el inicio de la cadena alimenticia de la que dependen camarones, peces, cangrejos, crustáceos y ostras. También actúan como sistemas naturales de control de inundaciones, barreras de huracanes e intrusión salina, así como control de erosión y protección de costas; además, mejoran la calidad del agua, ya que funcionan como filtros biológicos al remover nutrientes y toxinas, contribuyen a prevenir la formación de suelos ácidos, generan condiciones de microclima, contribuyen a mantener sistemas y procesos naturales como respuesta a cambios en el nivel del mar, reservorios de carbono y mantienen los procesos de acreción, sedimentación y formación de turbas. Se calcula que por cada hectárea de manglar destruido se pierden alrededor de 800 kg de camarón y peces de importancia comercial al año. A pesar de que la Reserva de la Biosfera Pantanos de Centla es una de las regiones más importantes por su ecosistema de manglar, la problemática continúa y se carece de datos precisos sobre su uso intensivo, necesarios para implementar estrategias de aprovechamiento sustentable. Recursos forestales no maderables West et al. (1985) comentan que, en el estado, en la época colonial se explotaban plantas como la pita (Aechmea magdalenae), por su fibra útil para confeccionar prendas de vestir y cuerdas; la zarzaparrilla (Smilax sp.), importante por su raíz medicinal (como purgante y para enfermedades venéreas), y la pimienta tabasco (Pimenta dioica), llamada allspice por su agradable sabor. Actualmente, se desconoce el estado de las primeras especies; y en el caso de la pimienta, existe el cultivo con problemas económicos, sobre todo por el bajo precio de venta, pero no hay evidencia de sobreexplotación. Además, una planta conocida como barbasco (Dioscorea composita y D. bartletii) fue muy explotada desde los años treinta hasta los cincuenta por la utilidad de sus compuestos en la síntesis de anticonceptivos. Afortunadamente, se encontraron sustitutos de estas especies, por lo que dejaron de ser empleadas de forma masiva. Un grupo muy explotado son las palmas, ya que sus hojas sirven para construir techos habitacionales; otras por sus tallos tiernos, inflorescencias y frutos. Ocasionalmente, el tallo se utiliza como seto y para construcción. De las 86 a 100 especies reportadas para México, 23 son útiles en Tabasco, cuatro de ellas bajo protección especial, siete amenazadas y una en peligro de extinción (Chamaedorea tuerckheimii). Es importante resaltar que la guayita de río (Chamaedorea cataractarum) es endémica. En el listado de la NOM-059-ECOL-2001 se encontraban la chapaya y el tepejilote; actualmente, su estatus ha cambiado y quedaron fuera de la lista al comprobarse que sus poblaciones ya no están amenazadas. Sin embargo, se debe considerar que, al utilizar los tallos y los frutos, se disminuye la probabilidad de crecimiento y de propagación, respectivamente, lo que ocasiona su disminución generalizada. Otro ejemplo de planta sobreexplotada es el motusay (Philodendron radiatum), herbácea utilizada por los grupos étnicos chol y zoque del municipio Tacotalpa. De esta se aprovechan sus raíces adventicias para elaborar artesanías. Es una especie trepadora (hemiepífita) de la familia Araceae. Crece en forma natural en las selvas del estado sobre tallos, ramas de árboles, así como en pendientes rocosas y palmas. En los últimos años, las poblaciones de esta especie han sido muy afectadas por actividades humanas como la sobreexplotación y el mal manejo en la extracción de sus raíces, así como la tala de árboles hospederos en superficies utilizadas para la agricultura y ganadería. En algunas comunidades del municipio, se implementaron programas de desarrollo por diversas instituciones gubernamentales, privadas y de investigación, con la finalidad de apoyar a los productores y artesanos. Sin embargo, estas iniciativas resultaron insuficientes o han dejado de operar. Desafortunadamente, no existen programas que apoyen la producción y el rescate de la especie; no obstante, se considera que antes se debe realizar un estudio sobre su estatus, fenología y propagación para establecer un programa exitoso de rescate y aprovechamiento sustentable. Sobreexplotación de fauna silvestre y tortugas dulceacuícolas. En Tabasco, al igual que en el resto del sureste de México, las tortugas dulceacuícolas representan una distribución gratuita y su venta está prohibida."
Aechmea magdalenae,"semierguidos, casi tan largos como las hojas; brácteas ovadas, largamente acuminadas, 9-13 cm de largo, a veces circuncisil en la constricción del acumen, bordes diminutamente espinuloso-serrados o más frecuente inermes; inflorescencia densamente 2-pinnada, oblongoide, 2035 cm de largo; brácteas primarias rojas, ovadas, agudas, 5.5-7 cm de largo, con borde inerme, ocultando las espigas excepto los pétalos; espigas con pocas flores; brácteas florales ampliamente ovado-elípticas, 16-19 mm de largo, glabras, ocultando el ovario; sépalos estrechamente ovados, ca. 19 mm de largo, carinados, mucronatos, glabros; pétalos ca. 30 mm de largo, azules. En bosque de transición. N. v.: kuwish.",63286132,v. 114,2010,Internet Archive,mobot31753003670442,"Missouri Botanical Garden, Peter H. Raven Library",Spanish,http://biodiversity.org/permissions,In copyright. Digitized with the permission of the rights holder.,"Semierguidos, casi tan largos como las hojas; brácteas ovadas, largamente acuminadas, de 9 a 13 cm de largo, a veces circuncisiles en la constricción del acumen, con bordes diminutamente espinuloso-serrados o más frecuentemente inermes; inflorescencia densamente 2-pinnada, oblongoide, de 20 a 35 cm de largo; brácteas primarias rojas, ovadas, agudas, de 5.5 a 7 cm de largo, con borde inerme, ocultando las espigas excepto los pétalos; espigas con pocas flores; brácteas florales ampliamente ovado-elípticas, de 16 a 19 mm de largo, glabras, ocultando el ovario; sépalos estrechamente ovados, de aproximadamente 19 mm de largo, carinados, mucronados, glabros; pétalos de aproximadamente 30 mm de largo, azules. En bosque de transición. N. v.: kuwish."
Aechmea magdalenae,"Aro creciendo libremente hasta 2 m. Hojas on vainas estrechamente ovadas, ca. 15 cm de largo, láminas estrechamente lanceoladas, canaliculadas hacia el pecíolo, hasta 180 x 10 cm, glabras, espinosoSerradas en los bordes, las espinas 1-3 mm de largo. dr 4-5 veces más cortos que las hojas, con brácteas foliosas estrechamente triangulares, las basales casi tan grandes como el escapo; inflorescencias densamente 1-pinnadas, subcapitadas a oblongoides 8-14 cm de largo; brácteas primar ias",63286132,v. 114,2010,Internet Archive,mobot31753003670442,"Missouri Botanical Garden, Peter H. Raven Library",Spanish,http://biodiversity.org/permissions,In copyright. Digitized with the permission of the rights holder.,"Aro creciendo libremente hasta 2 m. Hojas con vainas estrechamente ovadas, aproximadamente 15 cm de largo. Láminas estrechamente lanceoladas, canaliculadas hacia el pecíolo, hasta 180 x 10 cm, glabras, con bordes espinosos. Las espinas miden de 1 a 3 mm de largo y son 4-5 veces más cortas que las hojas. Las brácteas foliosas son estrechamente triangulares, y las basales son casi tan grandes como el escapo. Las inflorescencias son densamente 1-pinnadas, subcapitadas a oblongoides, de 8 a 14 cm de largo."
Aechmea magdalenae,"las espinas 3-5 mm de largo, adpreso-lepidotas en el haz. Escapos robustos, erguidos, brácteas lanceoladas, acuminadas, espinuloso-serradas, rojo brillantes; inflorescencias amplias, 2-pinnadas; brácteas primarias semejantes a las del escapo, 6-15 cm de largo, gradualmente más cortas hacia el ápice de la inflorescencia, las basales generalmente subiguales a las espigas; espigas largamente estipitadas, divergentes, oblongas 8-15 cm de largo, con 12-20 flores dísticas; brácteas florales ovadas, obtusas, lustrosas, 15-25 mm de largo, subiguales a los sépalos, verdosas con máculas anaranjadas; flores sésiles, sépalos ovadosoblongos, quo) ca. 13 mm de largo, gl agudos 18-21 mm de largo. En bosque primario. N. v.: kuwish.",63286132,v. 114,2010,Internet Archive,mobot31753003670442,"Missouri Botanical Garden, Peter H. Raven Library",Spanish,http://biodiversity.org/permissions,In copyright. Digitized with the permission of the rights holder.,"Las espinas miden de 3 a 5 mm de largo, adpreso-lepidotas en el haz. Escapos robustos, erguidos, brácteas lanceoladas, acuminadas, espinuloso-serradas, de color rojo brillante. Las inflorescencias son amplias y 2-pinnadas. Las brácteas primarias son semejantes a las del escapo, miden de 6 a 15 cm de largo, y son gradualmente más cortas hacia el ápice de la inflorescencia; las basales son generalmente subiguales a las espigas. Las espigas son largamente estipitadas, divergentes, oblongas, de 8 a 15 cm de largo, con 12 a 20 flores dispuestas en dística. Las brácteas florales son ovadas, obtusas, lustrosas, miden de 15 a 25 mm de largo, y son subiguales a los sépalos; tienen color verde con máculas anaranjadas. Las flores son sésiles, con sépalos ovados-oblongos, aproximadamente de 13 mm de largo, y glabros, agudos, de 18 a 21 mm de largo. Se encuentra en bosque primario. Nomenclatura vernácula: kuwish."
Aechmea magdalenae,"Figura 6. Distribución potencial Extracción de pita en de Aechmea magdalenas, y de la Cerro Chango, Chinantla selva alta perennifolia. Oaxaca. I Distrubución potencial de Aechmea magdalenae Selva alta perennifolia O Jorge Larson Conservación en el México rural En nuestro país la distribución de las áreas de mayor riqueza biológica y cultural coincide con las regiones de mayor marginación social. Esta es una de las contradicciones que debemos resolver de forma positiva articulando las tareas de la conservación y el desarrollo rural. Los recursos biológicos pueden contribuir a la valoración de productos rurales si en lugar de promover únicamente eficiencia y cantidad buscamos una diferenciación de dichos productos que reconozca plenamente su calidad, identidad y origen, así como la sustentabilidad de su aprovechamiento. Durante el año 2001 se realizó un proceso participativo en el que la CONABIO, con apoyo de la Fundación Ford, diseñó el Programa Recursos Biológicos Colectivos, que comenzó actividades en mayo de 2002. El objetivo general del programa es apoyar la generación de modelos innovadores de apropiación colectiva y sustentadle de recursos biológicos para promover una valoración integral del espacio rural, la conservación in situ de la diversidad biológica y el mejoramiento de la calidad de vida de las comunidades rurales y los consumidores urbanos. Los principales ejes de acción para cumplirlo son la investigación básica, aplicada y tecnológica, la apropiación social de estos conocimientos y prácticas tradicionales e innovadoras, así como la contribución al diseño y adecuación de políticas públicas. Durante su primera etapa el Programa Recursos Biológicos Colectivos desarrollará actividades y apoyará proyectos relacionados con la pita de la selva Aechmea magdalenae) y los agaves mezcaleros Agave spp.), entre otros. La pita de la selva es una bromelia que crece de forma natural en la sombra de las selvas altas perennifolias de la Sierra Santa Marta, la Chinantla, el Mixe Bajo, los Chimalapas, el Uxpanapa y la Selva Lacandona. De esta planta se produce una fibra de alta calidad que se utiliza en la elaboración de la artesanía piteada. Cerca de 800 productores pertenecientes a 10 organizaciones campesinas e indígenas enfrentan retos de manejo y fitosanidad para producir de manera sustentadle, así como de beneficiado y presentación para comercializar con mayor seguridad y valor agregado. En la figura 6 se muestra la distribución potencial dt Aechmea magdalenae, que se obtuvo utilizando los datos del SNIB. Dentro del Programa, uno de los modelos iniciales es Mezcales y diversidad biológica , dentro del cual se encuentra el proyecto Sistemática y distribución actual de los Agave spp. mezcaleros , del doctor Abisaí García, del Jardín Botánico de la UNAM. Con base en sus resultados preliminares se elaboraron los mapas de distribución potencial de 8 de las cerca de 12 especies utilizadas en la producción mezcalera (lámina 7, páginas centrales). Esta cartografía, una vez validada en campo, será una herramienta útil para la planeación de la producción magueyera y mezcalera en las diferentes regiones productoras. 13",50514278,no.44 (2002),2002,Internet Archive,Biodiversitasno44Comi,Comisión Nacional para el Conocimiento y Uso de la Biodiversidad (CONABIO),Spanish,https://biodiversitylibrary.org/permissions,In copyright. Digitized with the permission of the rights holder.,"Aquí tienes el texto limpio y corregido, sin referencias a figuras o imágenes:

---

Distribución potencial de Aechmea magdalenae en la selva alta perennifolia de Cerro Chango, Chinantla, Oaxaca.  
Distribución potencial de Aechmea magdalenae en la selva alta perennifolia.  

Conservación en el México rural  
En nuestro país, la distribución de las áreas de mayor riqueza biológica y cultural coincide con las regiones de mayor marginación social. Esta es una de las contradicciones que debemos resolver de forma positiva, articulando las tareas de conservación y desarrollo rural. Los recursos biológicos pueden contribuir a la valoración de productos rurales si, en lugar de promover únicamente eficiencia y cantidad, buscamos una diferenciación de dichos productos que reconozca plenamente su calidad, identidad, origen y sustentabilidad de su aprovechamiento.  

Durante el año 2001, se realizó un proceso participativo en el que la CONABIO, con apoyo de la Fundación Ford, diseñó el Programa Recursos Biológicos Colectivos, que comenzó actividades en mayo de 2002. El objetivo general del programa es apoyar la generación de modelos innovadores de apropiación colectiva y sustentable de recursos biológicos para promover una valoración integral del espacio rural, la conservación in situ de la diversidad biológica y el mejoramiento de la calidad de vida de las comunidades rurales y los consumidores urbanos.  

Los principales ejes de acción para cumplirlo son la investigación básica, aplicada y tecnológica, la apropiación social de estos conocimientos y prácticas tradicionales e innovadoras, así como la contribución al diseño y adecuación de políticas públicas. Durante su primera etapa, el Programa Recursos Biológicos Colectivos desarrollará actividades y apoyará proyectos relacionados con la pita de la selva (Aechmea magdalenae) y los agaves mezcaleros (Agave spp.), entre otros.  

La pita de la selva es una bromelia que crece de forma natural en la sombra de las selvas altas perennifolias de la Sierra Santa Marta, la Chinantla, el Mixe Bajo, los Chimalapas, el Uxpanapa y la Selva Lacandona. De esta planta se produce una fibra de alta calidad que se utiliza en la elaboración de artesanía piteada. Cerca de 800 productores, pertenecientes a 10 organizaciones campesinas e indígenas, enfrentan retos de manejo y fitosanidad para producir de manera sustentable, así como en el beneficiado y la presentación para comercializar con mayor seguridad y valor agregado.  

El programa también contempla la sistematización y distribución actual de los Agave spp. mezcaleros, basada en resultados preliminares que permiten elaborar mapas de distribución potencial de ocho de las cerca de doce especies utilizadas en la producción de mezcal. Esta cartografía, una vez validada en campo, será una herramienta útil para la planeación de la producción de maguey y mezcal en las diferentes regiones productoras."
Aechmea magdalenae,"1 04 Capital natural de México Vol. II! : Políticas públicas y perspectivas de sustentabilidad Cuadro 3.6 Principales especies utilizadas como productos forestales no maderables en México Zona del país Nombre común Nombre científico Usos principales Especies de encino Quercus spp. Leña y carbón Diversos hongos Especies de los géneros Amonita, Trich oloma, Morchella, Cantharellus, Lactarius y Boletus Comestible Tierra de monte Jardinería Hoja de laurel Litsea glaucescens Condimento Resina de pino Pin us spp. Producción de aguarrás y brea Templada Piñón Pin us spp. Alimenticio Varios tipos de musgo Especies de los géneros Thuidium, Hypnum y Polytrichum, entre otros Adornos de Navidad Heno Géneros Tillandsia, Bryum, Morinia y Braunia, entre otros Adornos de Navidad Doradilla Selaginella lepidophylla Medicinal Raíz de zacatón Muhlenbergia macroura Fibra Nopales Opuntia spp. Comestible y forraje Flor de manita Chiranthodendron pentadactylon Medicinal Palma camedor Chamaedorea spp. Follaje ornamental Palma guano Sabal spp. Construcción de techos rústicos Látex de chicle Manilkara zapota Goma de mascar Pimienta gorda Pimenta dioica Condimento Mamey Pouteria sapota Comestible Barbasco Dioscorea composita Medicinal Pita Aechmea magdalenae Fibra Cuachalalate Amphipterygium adstringens Medicinal Tropical Colorín Erythrina spp. Flor comestible; semillas y madera para artesanías Guajes Leucaena spp. Comestible Palma de sombrero Brahea dulas, Brahea spp., otras especies de palmas Producción de canastos, petates, sombreros, juguetes, entre otros Magueyes Agave potatorum, A. cupreata, A. angustifolia y otras Elaboración de mezcal y fibras Jicaras Crescendo cujete Producción de utensilios y artesanías Resina de copal Bursera bipinnata, Bursera spp. Incienso Madera de copalillo Bursera glabrifolia, Bursera spp. Artesanía; figuras talladas Candelilla Euphorbia antisyphillitica Cera para una variedad de productos: cosméticos, electrónicos, confites, entre otros Gobernadora Larrea tridentata Medicinal Árida y semiárida Lechugilla Agave lechuguilla Fibra Jojoba Simmondsia chinensis Cera para uso cosmético Orégano Lippia graveolens Condimento Varias especies de yuca, como la palmilla Yucca schidiger, Yucca spp. Alimento",49525070,,2008,Internet Archive,Politicaspublic00Saru,Comisión Nacional para el Conocimiento y Uso de la Biodiversidad (CONABIO),Spanish,https://biodiversitylibrary.org/permissions,In copyright. Digitized with the permission of the rights holder.,"Capital natural de México Vol. II: Políticas públicas y perspectivas de sustentabilidad

Cuadro 3.6 Principales especies utilizadas como productos forestales no maderables en México

Zona del país | Nombre común | Nombre científico | Usos principales
--- | --- | --- | ---
Especies de encino | Quercus spp. | Leña y carbón
Diversos hongos | Especies de los géneros Amonita, Tricholoma, Morchella, Cantharellus, Lactarius y Boletus | Comestible
Tierra de monte | | Jardinería
Hoja de laurel | Litsea glaucescens | Condimento
Resina de pino | Pinus spp. | Producción de aguarrás y brea
Templada | Piñón | Pinus spp. | Alimenticio
Varios tipos de musgo | Especies de los géneros Thuidium, Hypnum y Polytrichum, entre otros | Adornos de Navidad
Heno | Géneros Tillandsia, Bryum, Morinia y Braunia, entre otros | Adornos de Navidad
Doradilla | Selaginella lepidophylla | Medicinal
Raíz de zacatón | Muhlenbergia macroura | Fibra
Nopales | Opuntia spp. | Comestible y forraje
Flor de manita | Chiranthodendron pentadactylon | Medicinal
Palma camedor | Chamaedorea spp. | Follaje ornamental
Palma guano | Sabal spp. | Construcción de techos rústicos
Látex de chicle | Manilkara zapota | Goma de mascar
Pimienta gorda | Pimenta dioica | Condimento
Mamey | Pouteria sapota | Comestible
Barbasco | Dioscorea composita | Medicinal
Pita | Aechmea magdalenae | Fibra
Cuachalalate | Amphipterygium adstringens | Medicinal
Tropical | Colorín | Erythrina spp. | Flor comestible; semillas y madera para artesanías
Guajes | Leucaena spp. | Comestible
Palma de sombrero | Brahea dulcis, Brahea spp., otras especies de palmas | Producción de canastos, petates, sombreros, juguetes, entre otros
Magueyes | Agave potatorum, A. cupreata, A. angustifolia y otras | Elaboración de mezcal y fibras
Jicaras | Crescendo cujete | Producción de utensilios y artesanías
Resina de copal | Bursera bipinnata, Bursera spp. | Incienso
Madera de copalillo | Bursera glabrifolia, Bursera spp. | Artesanía; figuras talladas
Candelilla | Euphorbia antisyphillitica | Cera para una variedad de productos: cosméticos, electrónicos, confites, entre otros
Gobernadora | Larrea tridentata | Medicinal
Árida y semiárida | Lechugilla | Agave lechuguilla | Fibra
Jojoba | Simmondsia chinensis | Cera para uso cosmético
Orégano | Lippia graveolens | Condimento
Varias especies de yuca, como la palmilla | Yucca schidigera, Yucca spp. | Alimento"
Aechmea magdalenae,"Acta Botánica Mexicana 95 : 1-9 ( 2011 ) Cuadro 1. Características distintivas de las especies de Podaechmea presentes en México. A. lueddemanniana A. mexicana A. aenigmatica Hábito epífita epífita rupícola Color de la lámina foliar verde con líneas rosadas o rojas verde verde glauco Sépalos asimétricos asimétricos simétricos Pétalos rosados a púrpuras, con apéndices básales intemos lilas a magentas, con apéndices básales internos blancos, sin apéndices básales intemos Fruto maduro oblongo, lepidoto y azul ovoide, lepidoto y blanco globoso, glabro y amarillo ción presentamos claves de identificación para todos los representantes de Aechmea presentes en Oaxaca, así como para los taxa del subgénero Poadaechmea descritos hasta ahora. Clave para identificar las especies de Aechmea presentes en Oaxaca 1 Flores (y frutos) pedicelados. 2 Frutos maduros azules; lámina foliar de 3.5 a 6.5 cm de ancho; sépalos de 3 a 5 mm de largo A. lueddemanniana 2 Frutos maduros blancos o amarillos; lámina foliar de (5-)6.5 a 11(-16) cm de ancho; sépalos de 4 a 7 mm largo. 3 Pétalos rosados a púrpuras, con dos apéndices básales internos; frutos maduros ovoides y blancos; sépalos asimétricos; ovarios y frutos lepidotos .. A. mexicana 3 Pétalos blancos; sin apéndices básales internos, frutos maduros globosos y amarillos; sépalos simétricos; ovarios y frutos glabros A. aenigmatica 1 Flores (y frutos) sésiles o casi sésiles. 4 Sépalos de 3.4 a 3.8 cm de largo; plantas terrestres A. magdalenae 4 Sépalos de 0.3 a 1.2 cm de largo; plantas epífitas. 5 Brácteas florales imbricadas, de 1.5 a 1.8 cm de largo A. tillandsioides 5 Brácteas florales no imbricadas, de 3 a 8 mm de largo. 6 Inflorescencias ramificadas, paniculadas; plantas grandes, de 70 a 200 cm de alto A. bracteata 6",50105897,95,2011,Internet Archive,ActaBotanicaMex95Inst,Instituto de Ecología A.C.,Spanish,https://biodiversitylibrary.org/permissions,In copyright. Digitized with the permission of the rights holder.,"Acta Botánica Mexicana 95: 1-9 (2011)

Cuadro 1. Características distintivas de las especies de Podaechmea presentes en México.  
A. lueddemanniana  
A. mexicana  
A. aenigmatica  

Hábito: epífita, epífita, rupícola  
Color de la lámina foliar: verde con líneas rosadas o rojas, verde, verde glauco  
Sépalos: asimétricos, asimétricos, simétricos  
Pétalos: rosados a púrpuras, con apéndices básales internos lilas a magentas, con apéndices básales internos blancos, sin apéndices básales internos  
Fruto maduro: oblongo, lepidoto y azul; ovoide, lepidoto y blanco; globoso, glabro y amarillo  

Presentamos claves de identificación para todos los representantes de Aechmea presentes en Oaxaca, así como para los taxa del subgénero Podaechmea descritos hasta ahora.  

Clave para identificar las especies de Aechmea presentes en Oaxaca:  
1. Flores (y frutos) pedicelados.  
   2. Frutos maduros azules; lámina foliar de 3.5 a 6.5 cm de ancho; sépalos de 3 a 5 mm de largo.  
      A. lueddemanniana  
   2. Frutos maduros blancos o amarillos; lámina foliar de 5 a 11 (16) cm de ancho; sépalos de 4 a 7 mm de largo.  
      3. Pétalos rosados a púrpuras, con dos apéndices básales internos; frutos maduros ovoides y blancos; sépalos asimétricos; ovarios y frutos lepidotos.  
         A. mexicana  
      3. Pétalos blancos; sin apéndices básales internos; frutos maduros globosos y amarillos; sépalos simétricos; ovarios y frutos glabros.  
         A. aenigmatica  
   
   1. Flores (y frutos) sésiles o casi sésiles.  
      4. Sépalos de 3.4 a 3.8 cm de largo; plantas terrestres.  
         A. magdalenae  
      4. Sépalos de 0.3 a 1.2 cm de largo; plantas epífitas.  
         5. Brácteas florales imbricadas, de 1.5 a 1.8 cm de largo.  
            A. tillandsioides  
         5. Brácteas florales no imbricadas, de 3 a 8 mm de largo.  
            6. Inflorescencias ramificadas, paniculadas; plantas grandes, de 70 a 200 cm de alto.  
               A. bracteata"
Catopsis sessiliflora,"Martínez-Correa et al.: Nueva especie de Catopsis (Bromeliaceae) de México Mez (1896) propuso, basándose en el sexo de las flores y en la longitud de los estambres, una clasificación infragenérica para Catopsis , dividiéndolo en dos subgéneros: Eucatopsis y Tridynandra. En el primero, incluyó a las especies con flores bisexuales y filamentos todos del mismo largo y en el segundo, a las que tienen flores unisexuales y tres estambres o estaminodios cortos y tres largos. Sin embargo, esta clasificación no ha sido reconocida en tratamientos taxonómicos posteriores (Smith Downs, 1977; Palací, 1977). En su tesis doctoral, Palací (1997) con base en la morfología floral y el sexo de las especies reconoció tres grandes grupos en Catopsis : el primero constituido por especies monoicas monoclinas ( homoecious sensu Palací, 1997) (C. juncifolia Mez Wercklé y C. nítida (Hook.) Griseb.); el segundo formado por taxa dioicos (C. delicatula L. B. Sm., C. hahnii Baker, C. micrantha L. B. Sm., C. paniculata E. Morren y C. subulata L. B. Sm.) y finalmente un tercero constituido por aquellas que son trioicas con flores bisexuales ( perfecf sensu Palací, 1997), pistiladas o estaminadas ( homoecious and dioecious populations sensu Palací, 1997) (C. nutans (Sw.) Griseb., C. sessiliflora (Ruiz Pav.) Mez). En este último grupo existen, de acuerdo con Palací, dos subgrupos, uno con algunas especies predominantemente monoicas monoclinas ( homoecious sensu Palací, 1997)) con poblaciones dioicas raras u ocasionales (C. berteroniana (Schult. Schult f.) Mez, C. floribunda (Brongn.) L. B. Sm. y C. wangerinii Mez Wercklé ex Mez) y otro con plantas predominantemente dioicas, con poblaciones monoicas monoclinas ( homoecious senus Palací, 1997)) ocasionales (C. morreniana Mez). Después de analizar 1867 especímenes herborizados (1741 números de colecta) y 802 disecciones florales, pertenecientes a las 21 especies de Catopsis y relacionarlos con sus patrones de distribución geográfica, concluimos que en el género existen taxa monoicos monoclinos, taxa dioicos y taxa trioicos. Entendiendo por monoico monoclino ( homoecious sensu Palací, 1997) la condición de tener flores bisexuales, a diferencia de monoico diclino, que alude a la presencia de flores pistiladas y estaminadas en el mismo individuo. Las especies que presentan plantas pistiladas y plantas estaminadas son dioicas y finalmente el término trioico hace referencia a las especies con plantas pistiladas, plantas estaminadas y plantas monoicas monoclinas (Font Quer, 1977; Harris Wolf, 1997). Toda esta complicada situación de la distribución de los sexos en las especies del género ha propiciado que su comprensión y delimitación taxonómica sean deficientes. Un ejemplo de lo antes mencionado es el caso de Catopsis berteroniana , descrita por J. A. Schultes y J. H. Schultes (1830, como Tillandsia berteroniana ) a partir de un espécimen recolectado por Bertero en República Dominicana depositado en el 131",50104230,106,2014,Internet Archive,ActaBotanicaMex106Inst,Instituto de Ecología A.C.,Spanish,https://biodiversitylibrary.org/permissions,In copyright. Digitized with the permission of the rights holder.,"Martínez-Correa et al.: Nueva especie de Catopsis (Bromeliaceae) de México

Mez (1896) propuso, basándose en el sexo de las flores y en la longitud de los estambres, una clasificación infragenérica para Catopsis, dividiéndolo en dos subgéneros: Eucatopsis y Tridynandra. En el primero, incluyó a las especies con flores bisexuales y filamentos de la misma longitud, y en el segundo, a las que tienen flores unisexuales y tres estambres o estaminodios cortos y tres largos. Sin embargo, esta clasificación no ha sido reconocida en tratamientos taxonómicos posteriores (Smith Downs, 1977; Palací, 1977).

En su tesis doctoral, Palací (1997), basándose en la morfología floral y el sexo de las especies, reconoció tres grandes grupos en Catopsis: el primero constituido por especies monoicas monoclinas (homoecious sensu Palací, 1997) (C. juncifolia Mez, Wercklé y C. nítida (Hook.) Griseb.); el segundo formado por taxa dioicos (C. delicatula L. B. Sm., C. hahnii Baker, C. micrantha L. B. Sm., C. paniculata E. Morren y C. subulata L. B. Sm.); y finalmente un tercero constituido por aquellas que son trioicas con flores bisexuales (perfectas, sensu Palací, 1997), pistiladas o estaminadas (homoecious y dioecious populations, sensu Palací, 1997) (C. nutans (Sw.) Griseb., C. sessiliflora (Ruiz Pav.) Mez).

En este último grupo, existen, de acuerdo con Palací, dos subgrupos: uno con algunas especies predominantemente monoicas monoclinas (homoecious, sensu Palací, 1997), con poblaciones dioicas raras u ocasionales (C. berteroniana (Schult. f.) Mez, C. floribunda (Brongn.) L. B. Sm. y C. wangerinii Mez Wercklé ex Mez); y otro con plantas predominantemente dioicas, con poblaciones monoicas monoclinas (homoecious, sensu Palací, 1997) ocasionales (C. morreniana Mez).

Después de analizar 1,867 especímenes herborizados (1,741 números de colecta) y 802 disecciones florales, pertenecientes a las 21 especies de Catopsis y relacionarlos con sus patrones de distribución geográfica, concluimos que en el género existen taxa monoicos monoclinos, taxa dioicos y taxa trioicos. Entendiendo por monoico monoclino (homoecious, sensu Palací, 1997) la condición de tener flores bisexuales, a diferencia de monoico diclino, que alude a la presencia de flores pistiladas y estaminadas en el mismo individuo. Las especies que presentan plantas pistiladas y plantas estaminadas son dioicas, y finalmente, el término trioico hace referencia a las especies con plantas pistiladas, plantas estaminadas y plantas monoicas monoclinas (Font Quer, 1977; Harris Wolf, 1997).

Toda esta complicada situación de la distribución de los sexos en las especies del género ha propiciado que su comprensión y delimitación taxonómica sean deficientes. Un ejemplo de lo antes mencionado es el caso de Catopsis berteroniana, descrita por J. A. Schultes y J. H. Schultes en 1830, como Tillandsia berteroniana, a partir de un espécimen recolectado por Bertero en República Dominicana y depositado en el..."
Catopsis sessiliflora,"FLORA DEL VALLE DE TEHUACAN-CUICATLAN 122: 1-142. 2014 Hábitat. Bosque de Quercus y bosque de Quercus-Pinus, límite con el bosque mesófilo. En elevaciones de 2000-2650 m. Fenología. Floración entre abril y julio. Fructificación entre diciembre y febrero. Catopsis sessiliflora (Ruiz Pav.) Mez, Monogr. Phan. 9: 625. 1896. Tillandsia sessiliflora Ruiz Pav., Fl. Peruv. 3: 42, t. 271, f.b. 1802. Bromelia sessiliflora (Ruiz Pav.) Lodd. ex Loudon, Hort. Brit. 118. 1830. Tussacia sessiliflora (Ruiz Pav.) Beer, Fam. Bromel. 101. 1857. Pogospermum sessiliflorum (Ruiz Pav.) Brongn., Ann. Sci. Nat., Bot., sér. 5, 1: 328. 1864. TIPO: PERÚ. Huánuco: habitat loéis calidis, fí. Ruiz López y J.A. Pavón y Jiménez s.n., s.f. (holotipo: MA 810405!). Catopsis aloides (Schltdl. Cham.) Baker, Handb. Bromel. 154. 1889. Tillandsia aloides Schltdl. Cham., Linnaea 6: 55. 1831. Tussacia aloides E.Morren ex Andró, Bromel. Andr. 61. 1889, pro syn. TIPO: MÉXICO. Veracruz: in arboribus parasítica prope Jalapam, C.J.W. Schiede y F. Deppe 1009, 28 ago 1828 (lectotipo: HAL 45464! isolectotipos: B 10 0202991! HAL 45618! OXF 00055398! designado por Weber, 1984). Catopsis apicroides (Schltdl. Cham.) Baker, J. Bot. 25: 174. 1887. Tillandsia apicroides Schltdl. Cham., Linnaea 6: 55. 1831. Tussacia apicroides (Schltdl. Cham.) Beer, Fam. Bromel. 263. 1857, pro syn. TIPO: MÉXICO. Veracruz: Jalapse in arboribus parasítica, C.J.W. Schiede y F. Deppe 1010, 28 ago 1828 (lectotipo: HAL 45619! isolectotipos: HAL 45503! OXF 00055399! designado por Weber, 1984). Epífitas trioicas, en flor hasta 40.0 cm alto, rosetas hasta 20.0 cm diámetro, obcónicas. Hojas con vainas 3. 0-7.0 cm largo, 2. 0-4.0 cm ancho, oblongas a elípticas, verdes claras; láminas 7.0-21.0 cm largo, 1. 0-3.0 cm ancho, cintiformes, ápice redondeado a agudo o acuminado-apiculado, verdes, esparcida e inconspicuamente punctulado-lepidotas en ambas superficies. Inflorescencias masculinas erectas a recurvadas y o colgantes, simples a paniculadas, 1-2 -ramificadas, 10.0-40.0 cm largo, ramas primarias 5-12, 2.0-11.0 cm largo, ramas secundarias 1-2, 3. 0-6.0 cm largo; pedúnculos 13.0-29.0 cm largo, ca. 3.0 mm diámetro, teretes, brácteas del pedúnculo 1. 2-8.0 cm largo, más cortas que los entrenudos, brácteas primarias 0.5-1. 5 cm largo, ca. 4.0 mm ancho, ambas brácteas triangular-lanceoladas, ápice acuminado y apiculado, enteras, esparcida e inconspicuamente punctulo-lepidotas en ambas superficies, brácteas florales 2. 5-4.0 mm largo, ca. 3.0 mm ancho, ovadotriangulares, ápice agudo, margen entero y hialino, verdes, glabras, iguales o más cortas que los sépalos; flores 4-40 por rama, divaricadas, sésiles; cáliz con sépalos 3. 7-4.0 mm largo, 2. 5-3.0 mm ancho, oblongos a elípticos o casi orbiculares, ápice redondeado, enteros, verdes, glabros; corola con pétalos 5. 0-8.0 mm largo, 1. 5-2.0 mm ancho, oblongos a oblongo -ovados, ápice redondeado, enteros, blancos; androceo con estambres desiguales, filamentos 3.0-3. 5 mm largo, largamente triangulares, blancos, anteras ca. 1.0 mm largo, oblongas; gineceo vestigial ca. 1.5 mm largo, ramas estigmáticas ca. 1.0 mm largo. Inflorescencias femeninas o flores bisexuales, simples, rara vez 9",51006426,fasc.122 (2014),2014,Internet Archive,FloradelvalledefascBE,Instituto de Biología UNAM,Spanish,https://biodiversitylibrary.org/permissions,In copyright. Digitized with the permission of the rights holder.,"Aquí tienes el texto limpio y corregido en español, manteniendo la coherencia y eliminando las referencias a figuras o imágenes:

---

**FLORA DEL VALLE DE TEHUACÁN-CUICATLÁN 122: 1-142. 2014**  
**Hábitat:** Bosque de Quercus y bosque de Quercus-Pinus, límite con el bosque mesófilo. En elevaciones de 2000-2650 m.  
**Fenología:** Floración entre abril y julio. Fructificación entre diciembre y febrero.  

**Catopsis sessiliflora** (Ruiz Pav.) Mez, Monogr. Phan. 9: 625. 1896.  
*Sinónimo:* Tillandsia sessiliflora Ruiz Pav., Fl. Peruv. 3: 42, t. 271, f.b. 1802.  
*Otra synonymía:* Bromelia sessiliflora (Ruiz Pav.) Lodd. ex Loudon, Hort. Brit. 118. 1830.  
*Otra:* Tussacia sessiliflora (Ruiz Pav.) Beer, Fam. Bromel. 101. 1857.  
*Otra:* Pogospermum sessiliflorum (Ruiz Pav.) Brongn., Ann. Sci. Nat., Bot., sér. 5, 1: 328. 1864.  
*Tipo:* Perú, Huánuco: hábitat en lugares calidos, según Ruiz López y J.A. Pavón y Jiménez, s.n., s.f. (holotipo: MA 810405).  

**Catopsis aloides** (Schltdl. Cham.) Baker, Handb. Bromel. 154. 1889.  
*Sinónimo:* Tillandsia aloides Schltdl. Cham., Linnaea 6: 55. 1831.  
*Otra:* Tussacia aloides E. Morren ex André, Bromel. André 61. 1889.  
*Tipo:* México, Veracruz: en árboles parasíticos cerca de Jalapa, C.J.W. Schiede y F. Deppe 1009, 28 de agosto de 1828.  

**Catopsis apicroides** (Schltdl. Cham.) Baker, J. Bot. 25: 174. 1887.  
*Sinónimo:* Tillandsia apicroides Schltdl. Cham., Linnaea 6: 55. 1831.  
*Otra:* Tussacia apicroides (Schltdl. Cham.) Beer, Fam. Bromel. 263. 1857.  
*Tipo:* México, Veracruz: en árboles parasíticos en Jalapa, C.J.W. Schiede y F. Deppe 1010, 28 de agosto de 1828.  

**Descripción:**  
Epífitas trioicas, en flor hasta 40.0 cm de altura, con rosetas de hasta 20.0 cm de diámetro, obcónicas.  
Hojas con vainas de 3.0-7.0 cm de largo, 2.0-4.0 cm de ancho, oblongas a elípticas, verdes claras; láminas de 7.0-21.0 cm de largo, 1.0-3.0 cm de ancho, cintiformes, con ápice redondeado a agudo o acuminado-apiculado, verdes, con punteado e inconspicuo lepidoto en ambas superficies.  

Inflorescencias masculinas erectas, recurvadas o colgantes, simples a paniculadas, 1-2 ramificadas, de 10.0-40.0 cm de largo, con ramas primarias de 5-12, de 2.0-11.0 cm de largo, y ramas secundarias de 1-2, de 3.0-6.0 cm de largo.  
Pedúnculos de 13.0-29.0 cm de largo, aproximadamente 3.0 mm de diámetro, teretes, con brácteas del pedúnculo de 1.2-8.0 cm de largo, más cortas que los entrenudos.  
Brácteas primarias de 0.5-1.5 cm de largo, aproximadamente 4.0 mm de ancho, triangulares-lanceoladas, con ápice acuminado y apiculado, enteras, con punteado e inconspicuo lepidoto en ambas superficies.  
Brácteas florales de 2.5-4.0 mm de largo, aproximadamente 3.0 mm de ancho, ovadotriangulares, con ápice agudo, margen entero y hialino, verdes, glabras, iguales o más cortas que los sépalos.  

Flores de 4-40 por rama, divaricadas, sésiles.  
Cáliz con sépalos de 3.7-4.0 mm de largo, 2.5-3.0 mm de ancho, oblongos a elípticos o casi orbiculares, con ápice redondeado, enteros, verdes, glabros.  
Corola con pétalos de 5.0-8.0 mm de largo, 1.5-2.0 mm de ancho, oblongos a oblongo-ovados, con ápice redondeado, enteros, blancos.  
Androceo con estambres desiguales, filamentos de 3.0-3.5 mm de largo, largamente triangulares, blancos, con anteras de aproximadamente 1.0 mm de largo, oblongas.  
Gineceo vestigial de aproximadamente 1.5 mm de largo, con ramas estigmáticas de alrededor de 1.0 mm de largo.  

Inflorescencias femeninas o flores bisexuales, simples, raramente...

---

¿Quieres que continúe con el resto del texto o alguna otra modificación?"
Catopsis sessiliflora,"470 BROMELIACEAE FLORA DE NICARAGUA obtuso. Cápsulas ampliamente ovoides, 7-8 mm de largo y 34 mm de diámetro, ápice agudo. Común, bosques muy húmedos y nebliselvas, pastizales muy húmedos, zona norcentral; 600-2100 m; fl may-dic, fr may--feb; Moreno 14210, Stevens 9196; sur de México a Panamá y en las Antillas Mayores. Catopsis nutans (Sw.) Griseb., Fl. Brit. W. I. 599, 64; Tillandsia nutans Sw.; C. stenopetala Baker; C. nutans var. stenopetala (Baker) L.B. Sm.; C. nutans var. robustior L.B. Sm. Plantas 8-30 (-50) cm de alto en flor. Hojas varias en una roseta poco profunda, patentes; vainas escasamente diferenciadas de las láminas; láminas lanceoladas, 3.5-25 cm de largo y 0.8-3.5 cm de ancho, ápice acuminado. Escapo recurvado, Miss naviculares, lanceoladas, generalmente más cortas que los entrenudos, ápice acuminado; inflorescencia estaminada 1-pinnada o raramente simple, con el eje principal en zigzag, inflorescencia pistilada simple o raramente con 1 ó 2 ramas en la base, brácteas primarias inferiores similares a las brácteas superiores del brácteas oviia 5-7 mm de largo, nod agudo a a obtuso, sépalos ovados, 8-11 mm de largo, ápice agudo, pétalos ligulados con lámina ensanchada, hasta 20 mm de largo, más largos que los sépalos, obtusos; flores pistiladas sésiles, brácteas ovadas, 1020 mm de largo, ápice obtuso, sépalos ampliamente ovados, 1-1.5 cm de largo, ápice obtuso a emarginado, pétalos iguales a los de las flores estaminadas. Cápsulas ovoides, 15-23 mm de largo y 710 mm de diámetro, prominentemente rostradas. Común, bosques siempreverdes muy húmedos, nebliselvas, pastizales y orillas de caminos, en todo el país; 0-1650 m; fl sep-nov, fr oct-abr; Moreno 19506, Stevens 4926; sur de Estados Unidos (Florida), oeste de México a Venezuela y Ecuador, también en las Antillas Mayores. Catopsis paras E. Morren, Jacob-Makoy Cat. Hort. no. 121. 1883; C. pendula Baker Plantas 40-80 cm de alto en flor. Hojas varias en una roseta ajustada; vainas 8-12 cm de largo y (Q-) 3-6 cm de ancho; láminas lanceoladas, (15-) 20-40 cm de largo y 24 cm de ancho, ápice largamente atenuado. Escapo erecto a deflexo, brácteas ascendentes, linear-lanceoladas, más largas que los entrenudos, largamente atenuadas; inflorescencia 1-2pinnada, brácteas primarias angostamente ovadas, largamente atenuadas, ensanchadas en la base, las brácteas inferiores casi tan largas como las bases estériles de las ramas, las brácteas superiores muy reducidas, ramas 5-20 cm de largo, las bases estériles 1.5-2 (3) cm de largo, con numerosas flores sésiles y más o menos arregladas laxamente; flores estaminadas con brácteas ovadas, 2.5-3.5 mm de largo, ápice obtuso, sépalos ovados, 4-5 mm de largo, cuculados, ápice obtuso, con una banda horizontal obscura, pétalos ovados, ligeramente más largos que los sépalos, ápice agudo a obtuso; flores pistiladas con brácteas ovadas, 4-5 mm de largo, ápice agudo, sépalos ovados, 5-6 mm de largo, ápice agudo, con una banda horizontal obscura, pétalos oblongoovados, escasamente más largos que los sépalos, ápice obtuso a agudo. Cápsulas ovoides, 7-10 mm de largo y 2.5-3 mm de diámetro, ápice agudo y largamente ahusado. Frecuente, bosques de pino-encinos, bosques caducifolios, bosques siempreverdes muy húmedos, nebliselvas, pastizales, zona norcentral; 900-1600 m; fl abr-sep, fr abr-feb; Grijalva 259, Moreno 9528; oeste de México a Costa Rica. En la Flora of Guatemala fue tratada como C. floribunda L.B. Sm. .B. Smith. Notes on Bromeliaceae, XXVI. Phytologia 15: 163-200. 1967. Catopsis sessiliflora (Ruiz Pav.) Mez in C. DC., Monogr. Phan. 9: 625. 1896; Ti illandsia sessiliflora Ruiz Pav.; T. aloides Schltdl. 8 Cham.; C. aloides (Schltdl. Cham.) Baker; 7. apicroides Schltdl. Cham.; C. apicroides (Schltdl. Cham.) Baker. Plantas hasta 45 cm de alto en flor. Hojas pocas en una roseta crateriforme; vainas escasamente más anchas que las láminas; láminas en forma de cinta u ocasionalmente linear-lanceoladas, 6-25 cm de largo y 0.5-2.5 cm de ancho, ápice redondeado u ocasionalmente agudo, apiculado. Escapo erecto o algo recurvado, brácteas laxamente adpresas a ascendentes, elípticas, mucho más cortas que los entrenudos, ápice agudo; inflorescencia estaminada 1-pinnada, inflorescencia pistilada simple o raramente 1-pinnada, brácteas primarias similares a las brácteas del escapo, desde más cortas que las bases estériles de las ramas hasta de la misma longitud, ramas 3-10 cm de largo, las bases estériles 0.5-2 cm de largo, con flores angostamente ovados, ligeramente más largos que los sépalos, ápice obtuso; flores pistiladas con brácteas ampliamente ovadas de 5-7 mm de largo, ápice",62359550,v.85,2001,Internet Archive,mobot31753002849914,"Missouri Botanical Garden, Peter H. Raven Library",Spanish,http://biodiversity.org/permissions,In copyright. Digitized with the permission of the rights holder.,"Aquí tienes el texto limpio y corregido, sin referencias a figuras o imágenes, manteniendo la coherencia y precisión:

470 BROMELIACEAE FLORA DE NICARAGUA

Obtuso. Cápsulas ampliamente ovoides, de 7-8 mm de largo y 3-4 mm de diámetro, con ápice agudo. Común en bosques muy húmedos y nebliselvas, pastizales muy húmedos, en la zona norcentral; 600-2100 m de altitud; florece de mayo a diciembre, fructifica de mayo a febrero. Registrada por Moreno 14210 y Stevens 9196. Se encuentra desde el sur de México hasta Panamá y en las Antillas Mayores.

Catopsis nutans (Sw.) Griseb., Flora of the British West Indies, 599, 64; Tillandsia nutans Sw.; C. stenopetala Baker; C. nutans var. stenopetala (Baker) L.B. Sm.; C. nutans var. robustior L.B. Sm. Plantas de 8 a 30 (hasta 50) cm de altura en flor. Hojas varias en una roseta poco profunda, patentes; vainas escasamente diferenciadas de las láminas; láminas lanceoladas, de 3.5 a 25 cm de largo y 0.8 a 3.5 cm de ancho, con ápice acuminado. Escapo recurvado, con hojas naviculares, lanceoladas, generalmente más cortas que los entrenudos, con ápice acuminado; inflorescencia estaminada 1-pinnada o raramente simple, con el eje principal en zigzag, inflorescencia pistilada simple o con 1 o 2 ramas en la base, con brácteas primarias inferiores similares a las superiores, de 5-7 mm de largo, con ápice agudo o obtuso; sépalos ovados, de 8-11 mm de largo, con ápice agudo; pétalos ligulados con lámina ensanchada, hasta 20 mm de largo, más largos que los sépalos, con ápice obtuso. Flores pistiladas sésiles, con brácteas ovadas de 10-20 mm de largo y ápice obtuso; sépalos ampliamente ovados, de 1-1.5 cm de largo, con ápice obtuso o emarginado; pétalos iguales a los de las flores estaminadas. Cápsulas ovoides, de 15-23 mm de largo y 7-10 mm de diámetro, prominentemente rostradas. Común en bosques siempreverdes muy húmedos, nebliselvas, pastizales y orillas de caminos en todo el país; 0-1650 m de altitud; florece de septiembre a noviembre, fructifica de octubre a abril. Registrada por Moreno 19506 y Stevens 4926. Se encuentra desde el sur de Estados Unidos (Florida) hasta Venezuela y Ecuador, también en las Antillas Mayores.

Catopsis paras E. Morren, Jacob-Makoy Cat. Hort. no. 121, 1883; C. pendula Baker. Plantas de 40 a 80 cm de altura en flor. Hojas varias en una roseta ajustada; vainas de 8-12 cm de largo y 3-6 cm de ancho; láminas lanceoladas, de 15 a 40 cm de largo y 2 a 4 cm de ancho, con ápice largamente atenuado. Escapo erecto a deflexo, con brácteas ascendentes, lineal-lanceoladas, más largas que los entrenudos, largamente atenuadas; inflorescencia 1-2-pinnada, con brácteas primarias angostamente ovadas, largamente atenuadas y ensanchadas en la base. Las brácteas inferiores casi tan largas como las bases estériles de las ramas, las superiores muy reducidas; ramas de 5 a 20 cm de largo, con bases estériles de 1.5 a 3 cm de largo, con numerosas flores sésiles y más o menos dispersas. Flores estaminadas con brácteas ovadas de 2.5 a 3.5 mm de largo, con ápice obtuso; sépalos ovados, de 4-5 mm de largo, cuculados, con ápice obtuso y banda horizontal obscura; pétalos ovados, ligeramente más largos que los sépalos, con ápice agudo a obtuso. Flores pistiladas con brácteas ovadas de 4-5 mm de largo, con ápice agudo; sépalos ovados, de 5-6 mm de largo, con ápice agudo y banda horizontal obscura; pétalos oblongoovados, escasamente más largos que los sépalos, con ápice obtuso a agudo. Cápsulas ovoides, de 7-10 mm de largo y 2.5-3 mm de diámetro, con ápice agudo y largamente ahusado. Frecuente en bosques de pino-encinos, bosques caducifolios, bosques siempreverdes muy húmedos, nebliselvas, pastizales en la zona norcentral; 900-1600 m de altitud; florece de abril a septiembre, fructifica de abril a febrero. Registrada por Moreno 9528 y Grijalva 259. Se encuentra desde el oeste de México hasta Costa Rica.

En la flora de Guatemala fue tratada como C. floribunda L.B. Sm. (B. Smith). 

Notas sobre Bromeliaceae, XXVI. Phytologia 15: 163-200, 1967.

Catopsis sessiliflora (Ruiz Pav.) Mez en C. DC., Monogr. Phan. 9: 625, 1896; Tillandsia sessiliflora Ruiz Pav.; T. aloides Schltdl.; C. aloides (Schltdl. Cham.); C. apicroides Schltdl. Cham.; C. apicroides (Schltdl. Cham.). Plantas hasta 45 cm de altura en flor. Hojas pocas en una roseta crateriforme; vainas escasamente más anchas que las láminas; láminas en forma de cinta o lineal-lanceoladas, de 6 a 25 cm de largo y 0.5 a 2.5 cm de ancho, con ápice redondeado u ocasionalmente agudo, y con apiculado. Escapo erecto o algo recurvado, con brácteas laxamente adpresas a ascendentes, elípticas, mucho más cortas que los entrenudos, con ápice agudo. Inflorescencia estaminada 1-pinnada, con inflorescencia pistilada simple o raramente 1-pinnada, con brácteas primarias similares a las del escapo, desde más cortas que las bases estériles de las ramas hasta de la misma longitud, con ramas de 3 a 10 cm de largo, bases estériles de 0.5 a 2 cm de largo, con flores angostamente ovadas, ligeramente más largas que los sépalos, con ápice obtuso."
Cavendishia bracteata,"Lozano et al.: Bosques montanos como regeneradores de áreas antropicas Las especies comunes de la subunidad 1.2.1., son: Blec) latum, p ia bífida, Cortaderia sp., Cyathea sp., Lophosoria sp., Eriosorus sp., Thelypteris sp., Psychotria sp., Sticherus rubiginosus. Las especies dominantes de la subunidad 1.2.2,, son: Ageratina cutervensis, Axonopus compressus, Baccharis latifolia, Borreira laevis, Lycopodium complanatum, Mikania sp., Myrica pubescens, Pteridium aquilimum, Pitcaimia trianae, Senecio iscoensis, Sphyrospermum cordifolium, Tibouchina lepidota. lethira sp., Ci Comunidad II.En esta comunidad se centra la parte más valiosa de la agrupación Twinspan, ya que se entremezclan los bosques en unidades de paisajes netamente antrópicas, denotando las especies que colonizan estas áreas afectadas. En primer lugar la subunidad 2.1.1. Los rangos que varia son (1900m) 2300 a 2800 m s.n.m. Posee elementos florísticos antrópicos del occidente del parque, pero incluye vegetación de bosque del sector sur-este de Sabanilla que provienen de los 2800 m s.n.m. La sub-unidad 2.1.2., entre los rangos 2400 a 2700 m s.n.m., posee similares características la vegetación 1 vegetación de bosques naturales del Tiro-San Francisco y Cajanuma de los 2500 a 2700m (nor-este y norcentral). Mientras que la subunidad de vegetación 2.2, corresponde a vegetación antrópica de los sectores Tiro-San Francisco y Banderillas en rangos entre 2100 2200 m. Las especies dominantes de la subunidad 2.1.1. son: Ageratina cutervensis, Baccharis genistelloides, Blechnum lima, Calamagrostis intermedia, Cavendishia bracteata, Centropogon comosus, Chusquea loxensis, Cortaderia bífida, Disterigma acuminatum, Elaphoglossum leptophyllum, Gaultheria foliosa, Halenia wedeliana, Hieracium frigidum, Huperzia eversa, Isidrogalvia falcata, Lamnax psilophyta, Liabron sp. Eycopoaium complanatum, Miconia tinifolia, Oxalis peduncularis, Pernettyua prostrata, Munnozia nívea, Oritrophium peruvianum, Senecio iscoensis, Rhynchospora 118 vulcani, Sphyrospermum cordifolium, Thelypteris sp., Viola stipullaris, Xyris subulata. Las especies dominantes de la subunidad 2.1.2, son: Ageratina dendroides, Baccharis genistelloides, Bejaria aestuans, Calamagrostis intermedia, Gaultheria erecta, Gaultheria reticulata, Gynoxys buxifolia, Macleania rupestras Colignonia scandens, Munnozia senecionidis, Peperomia sp, Cortaderia bífida. Ta á sl : Hs 1 da e d99 Son Bejaria resinosa, Clethra fimbriata, Cortaderia jubata, Gaultheria reticulata, Lophosoria quadripinnata, s, Panicum l Pityrogramma calomelanos, Sticherus revolutus, Weinmannia fagaroides. La Comunidad HI.Se compone de vegetación de bosques con altitudes que van desde 2300-2950, a excepción de la sub-unidad 3.2, que se compone de especies en un rango altitudinal a 2100 m del sector de san Francisco. Pad . 3 . EW 1 Andas TA y3 12 son: P fe gi rea, Palicourea apicata, Clusia alata, Miconia laxensis, lex weberlingii, Bomaral sp., Miconia tinifolia, Macrocarpea noctiluca, Freziert campanulata, Guzmania gloriosa, Cinchona mutisii, Meriana e) M ; aii maeguirei, M ve MÍ 3) 3 É Las especies de la subunidad 3.2., son: Alzattl verticillata, Polypodium laevigatum, Elaphoglossun Y Plicourea angustifolia, Tibouchina lepidota, Newrolepis Cyathea bipinnatifida, Grafenrieda miconioides, Cien parallelinervia, Endlicheria oreocola, Macleania oli, Tilndsa A mms debil, Ceroxylon sp. La comunidad IV.Compuesta por básicamente vegetación de bosque de nort r del parque, separan las sub-unidades 4.1 de 4.2 por la alió siendo esta última la que ocupa rangos entre 32004 3400m en Cerro Toledo y Cajanuma y conforma por paramos herbaceos. Las especies representa de las subunidad 4.1.1, y 4.1.2 son: Puya bs Brachyotum rotundifolium, Oritrophium pera Neurolepis laegardii, Lycopodiella pendulina, Eriosore : Arnaldoa 14(1); 111-122 REN",40595461,14,2007,Internet Archive,mobot31753003494652,"Missouri Botanical Garden, Peter H. Raven Library",Spanish,https://www.biodiversitylibrary.org/permissions,In copyright. Digitized with the permission of the rights holder.,"Lozano et al.: Bosques montanos como regeneradores de áreas antropizadas

Las especies comunes de la subunidad 1.2.1 son: Blechnum latum, Pilea bífida, Cortaderia sp., Cyathea sp., Lophosoria sp., Eriosorus sp., Thelypteris sp., Psychotria sp., Sticherus rubiginosus. Las especies dominantes de la subunidad 1.2.2 son: Ageratina cutervensis, Axonopus compressus, Baccharis latifolia, Borreria laevis, Lycopodium complanatum, Mikania sp., Myrica pubescens, Pteridium aquilinum, Pitcairnia trianae, Senecio iscoensis, Sphyrospermum cordifolium, Tibouchina lepidota, lethira sp.

En esta comunidad se centra la parte más valiosa de la agrupación Twinspan, ya que se entremezclan los bosques en unidades de paisajes netamente antrópicos, denotando las especies que colonizan estas áreas afectadas. La subunidad 2.1.1 presenta rangos que varían entre 1900 y 2800 m s.n.m. Posee elementos florísticos del occidente del parque, incluyendo vegetación de bosque del sector sureste de Sabanilla que proviene de los 2800 m s.n.m. La subunidad 2.1.2, con rangos entre 2400 y 2700 m s.n.m., tiene características similares, incluyendo vegetación de bosques naturales del Tiro-San Francisco y Cajanuma, en altitudes de 2500 a 2700 m (noreste y norcentral). La subunidad de vegetación 2.2 corresponde a vegetación antrópica de los sectores Tiro-San Francisco y Banderillas, en rangos entre 2100 y 2200 m.

Las especies dominantes de la subunidad 2.1.1 son: Ageratina cutervensis, Baccharis genistelloides, Blechnum lima, Calamagrostis intermedia, Cavendishia bracteata, Centropogon comosus, Chusquea loxensis, Cortaderia bífida, Disterigma acuminatum, Elaphoglossum leptophyllum, Gaultheria foliosa, Halenia wedeliana, Hieracium frigidum, Huperzia eversa, Isidrogalvia falcata, Lamnax psilophyta, Liabron sp., Eycopoaium complanatum, Miconia tinifolia, Oxalis peduncularis, Pernettya prostrata, Munnozia nívea, Oritrophium peruvianum, Senecio iscoensis, Rhynchospora vulcani, Sphyrospermum cordifolium, Thelypteris sp., Viola stipullaris, Xyris subulata.

Las especies dominantes de la subunidad 2.1.2 son: Ageratina dendroides, Baccharis genistelloides, Bejaria aestuans, Calamagrostis intermedia, Gaultheria erecta, Gaultheria reticulata, Gynoxys buxifolia, Macleania rupestris, Colignonia scandens, Munnozia senecionidis, Peperomia sp., Cortaderia bífida.

Otras especies relevantes incluyen: Bejaria resinosa, Clethra fimbriata, Cortaderia jubata, Gaultheria reticulata, Lophosoria quadripinnata, Panicum, Pityrogramma calomelanos, Sticherus revolutus, Weinmannia fagaroides.

La comunidad III se compone de vegetación de bosques a altitudes que van desde 2300 a 2950 m, con excepción de la subunidad 3.2, que incluye especies en un rango altitudinal de aproximadamente 2100 m en el sector de San Francisco. Las especies de esta comunidad incluyen: Pterogea, Palicourea apicata, Clusia alata, Miconia laxensis, Lex weberlingii, Bomaral sp., Macrocarpea noctiluca, Freziert campanulata, Guzmania gloriosa, Cinchona mutisii, Meriana, Miconia tinifolia, y otras.

Las especies de la subunidad 3.2 son: Alzatea verticillata, Polypodium laevigatum, Elaphoglossum, Plicourea angustifolia, Tibouchina lepidota, Newrolepis, Cyathea bipinnatifida, Grafenrieda miconioides, Cien parallelinervia, Endlicheria oreocola, Macleania, Tilandsia, Ceroxylon.

La comunidad IV está compuesta principalmente por vegetación de bosque del norte del parque. Las subunidades 4.1 y 4.2 se diferencian por la altitud, siendo esta última la que ocupa rangos entre 3200 y 3400 m en Cerro Toledo y Cajanuma, y está conformada por paramos herbáceos. Las especies representativas de las subunidades 4.1.1 y 4.1.2 son: Puya, Brachyotum rotundifolium, Oritrophium pera, Neurolepis laegardii, Lycopodiella pendulina, Eriosorus, Arnaldoa, entre otras."
Vampyriscus nymphaea,"2014 TAVARES ET AL.: SYSTEMATICS OF VAMPYRESSA 3 TABLE 1. Historical taxonomy and contents of Vampyressa and Vampyriscus departing from the split into three subgenera proposed by Peterson (1968). Peterson (1968) a Davis (1975) a Lim et al. (2003) e Arroyo-Cabrales (2008a, b) f Vampyressa b melissa Vampyressa b melissa Vampyressa b melissa Vampyressa melissa Vampyressa b pusilla pusilla c Vampyressa b pusilla Vampyressa b p us m a Vampyressa pusilla Synonym: Synonym: Synonym: natteri d nattereri nattereri thyone? Vampyressab thy 0ne Vampyressa thyone Synonyms: Synonyms: Synonyms: minuta minuta minuta venilla venilla venilla Metavampyressa b brocki Vampyriscus b brocki Vampyriscus b brocki Vampyriscus brocki Metavampyressa b nymphaea Vampyriscus b nymphaea Vampyriscus b nymphaea Vampyriscus nymphaea Vampyriscus b bidens Vampyriscus b Jjid ens Vampyriscus b ]yi^ ens Vampyriscus bidens a Classification based on morphology. b Subgenus of Vampyressa. c Subspecies of V. pusilla. d Incorrect spelling of Vampyressa nattereri Goodwin (1963: 16). e Classification based on morphology and mtDNA data. f The classification followed by this paper; supported by the molecular studies of Baker et al. (2003), Hoofer and Baker (2006), and Hoofer et al. (2008). Herein, we report on our systematic study of these specimens previously identified as melissa. In addition, we provide a restricted diagnosis of the genus Vampyressa , a diagnosis and revised description of melissa, and descriptions of two previously undescribed species of Vampyressa. MATERIAL AND METHODS External and craniodental characters are based mainly on, but not restricted to, those defined by Tavares (2008) and Wetterer et al. (2000). Other anatomical features are derived from Giannini et al. (2006) and Giannini and Simmons (2007), or are described as follows: Accessory cusp near apex of upper canine. A small ""cusp"" at the apex of the mediolateral ridge forming the lingual border of the longitudinal sulcus on posterior crown of upper canines. In most stenodermatines, the mediolateral ridge is complete to the tip of the canine. In Vampy¬ ressa (and Mesophylla) the mediolateral ridge is incomplete and terminates as a small subapical step on the posterointernal crown of the canine. Ectophylla has a similar accessory subapical cusp, which differs in that it is thicker and is at the apex of both the mediolateral and a second¬ ary ridge along the lingual surface of the upper canine (Tavares, 2008: chars. 191 and 192). Accessory medial foramen. A small foramen located either in the septum (medial flange of the palatine process of the premaxilla) separating incisive foramina, or located in the midline between premaxillae anterior to the incisive foramina. In all Vampyressa examined, this fora¬ men is in the septum (illustrated herein).",58828860,,,Internet Archive,systematicsvamp00tava,American Museum of Natural History Library,English,http://biodiversitylibrary.org/permissions,In copyright. Digitized with the permission of the rights holder.,"Here is the cleaned and corrected version of your text:

---

2014 Tavares et al.: Systematics of Vampyressa

Table 1. Historical taxonomy and contents of Vampyressa and Vampyriscus, based on the split into three subgenera proposed by Peterson (1968). Peterson (1968), Davis (1975), Lim et al. (2003), and Arroyo-Cabrales (2008a, b) contributed to the taxonomy.

Vampyressa  
- melissa  
- pusilla  
- nattereri  
- thyone  
- minuta  
- venilla  

Vampyriscus  
- brocki  
- nymphaea  
- bidens  
- ens  

Synonyms and notes:  
- Nattereri: Incorrect spelling of Vampyressa nattereri Goodwin (1963: 16).  
- Thyone: Possibly a synonym for thyone?  
- Metavampyressa: Includes brocki, nymphaea, and bidens.  

Classification is based on morphology.  
- b: Subgenus of Vampyressa.  
- c: Subspecies of V. pusilla.  
- d: Incorrect spelling of Vampyressa nattereri.  
- e: Classification based on morphology and mtDNA data.  
- f: The classification followed by this paper, supported by molecular studies of Baker et al. (2003), Hoofer and Baker (2006), and Hoofer et al. (2008).

In this study, we report on our systematic analysis of specimens previously identified as melissa. Additionally, we provide a restricted diagnosis of the genus Vampyressa, a diagnosis and revised description of melissa, and descriptions of two previously undescribed species of Vampyressa.

**Materials and Methods**  
External and craniodental characters are primarily based on, but not limited to, those defined by Tavares (2008) and Wetterer et al. (2000). Other anatomical features are derived from Giannini et al. (2006) and Giannini and Simmons (2007), or are described as follows:

- **Accessory cusp near apex of upper canine:** A small ""cusp"" at the apex of the mediolateral ridge forming the lingual border of the longitudinal sulcus on the posterior crown of upper canines. In most stenodermatines, the mediolateral ridge is complete to the tip of the canine. In Vampyressa (and Mesophylla), the mediolateral ridge is incomplete and terminates as a small subapical step on the posterointernal crown of the canine. Ectophylla has a similar accessory subapical cusp, which differs in being thicker and located at the apex of both the mediolateral and a secondary ridge along the lingual surface of the upper canine (Tavares, 2008: chars. 191 and 192).

- **Accessory medial foramen:** A small foramen located either in the septum (the medial flange of the palatine process of the premaxilla) separating incisive foramina, or in the midline between premaxillae anterior to the incisive foramina. In all Vampyressa examined, this foramen is in the septum.

---

Let me know if you'd like any further revisions!"
Dermanura tolteca,"8 Occasional Papers, Museum of Texas Tech University Figure 2. Location of whole specimens of Cryptotis shrews collected in/near the Maya Mountains, Belize. Shaded triangle = Baking Pot, C. mayensis (Disney 1966); shaded hexagon = Pine Ridge, C. tropicalis (Murie 1935); shaded star = our 2001 collection near Las Cuevas Field Station, C. mayensis. ORDER CHIROPTERA Family Phyllostomidae Carollia sowelli Baker, Solari and Hoffman 2002 Silky Short-tailed Bat Specimens examined. -Seven individuals were captured in mist nets (Appendix). Of these, six were adult males and one was an adult female. The lone female contained one embryo. Two of the males had measureable testes (6x6 mm and 4x3 mm). External characteristics to distinguish C. sowelli from C. brev icauda are poorly developed, but larger overall cranial measurements of our animals match those reported for C. sowelli (Baker et al. 2002; Appendix); thus we refer our animals to that species. All of these bats were net¬ ted either in forest edge or at the edge of a rainforest pool. All were netted within one meter of the ground, including two animals captured in the bottom panel of the mist net. Sturnira lilium (E. Geoffroy 1810) Little Yellow-shouldered Bat Specimens examined. -Four adult males and two adult females were collected (Appendix). One of the females was carrying one embryo. Only one of the males was examined and its left testis measured 5 mm in length. All of our captures were via mist nets set up in forest edge and rainforest pools generally below 1.5 m above the forest floor. Artibeus jamaicensis Leach 1821 Jamaican Fruit-eating Bat Specimens examined. -Twenty-five individuals were captured, of which 13 were examined and kept as voucher specimens (Appendix). Of these, six were adult females and seven were adult males. Three of the six females captured contained one embryo (each) and one showed a placental scar. Of the seven males kept as voucher specimens, four showed mature, active testes (the largest = 9x8 mm, the smallest = 3x2 mm). Fifteen of our 25 captures were made in one night using a mist net set over or near water in primary forest. Dermanura tolteca (Saussure 1860) Toltec Fruit-eating Bat Specimens examined. -One adult male (WFB 4277) with a left testis measuring 6x3 mm was col¬ lected and kept as a voucher specimen. This individual was captured in a mist net set over a pond in primary rainforest.",57759781,308,2012,Internet Archive,smallmammalsurv308engi,Museum of Texas Tech University,English,http://biodiversitylibrary.org/permissions,In copyright. Digitized with the permission of the rights holder.,"8 Occasional Papers, Museum of Texas Tech University

Family Phyllostomidae

Carollia sowelli Baker, Solari, and Hoffman 2002  
Silky Short-tailed Bat  
Specimens examined. Seven individuals were captured in mist nets. Of these, six were adult males and one was an adult female. The female contained one embryo. Two males had measurable testes (6x6 mm and 4x3 mm). External characteristics to distinguish C. sowelli from C. brevicauda are poorly developed, but larger overall cranial measurements of our animals match those reported for C. sowelli. All of these bats were netted either at the forest edge or near a rainforest pool, within one meter of the ground, including two animals captured in the bottom panel of the mist net.

Sturnira lilium (E. Geoffroy, 1810)  
Little Yellow-shouldered Bat  
Specimens examined. Four adult males and two adult females were collected. One female was carrying one embryo. Only one male was examined, and its left testis measured 5 mm in length. All captures were made using mist nets set up at forest edges and near rainforest pools, generally below 1.5 meters above the forest floor.

Artibeus jamaicensis Leach, 1821  
Jamaican Fruit-eating Bat  
Specimens examined. Twenty-five individuals were captured, of which 13 were examined and kept as voucher specimens. Six were adult females, three of which contained one embryo each, and one showed a placental scar. Of the seven males kept as voucher specimens, four had mature, active testes (the largest measuring 9x8 mm, the smallest 3x2 mm). Fifteen of these captures were made in one night using a mist net set over or near water in primary forest.

Dermanura tolteca (Saussure, 1860)  
Toltec Fruit-eating Bat  
Specimens examined. One adult male (WFB 4277), with a left testis measuring 6x3 mm, was collected and kept as a voucher. This individual was captured in a mist net set over a pond in primary rainforest."
Cryptoses choloepi,"Head: Vestiture of vertex light to medium brown; frons mostly cream to white with a patch of medium brown scales arising near base of frons and inner rim of eye. Antennae approximately 0.8 the length of forewing, 79-86 segmented; scape smooth, without pecten, uniformly light buff; flagellum uniformly stramineus, nearly white at apex. Maxillary palpi extremely reduced, less than 0.5 the length of labial palpus I, 3-segmented, basal segment nearly sessile; vestiture light brown to buff. Labial palpi well developed 3-segmented; vestiture light brown, becoming",16264805,88,1986,Internet Archive,proceedingsofent2881986ento,Smithsonian Libraries and Archives,English,https://biodiversitylibrary.org/permissions,In copyright. Digitized with the permission of the rights holder.,"Head: Vestiture of vertex light to medium brown; frons mostly cream to white with a patch of medium brown scales near the base of the frons and the inner rim of the eye. Antennae approximately 0.8 times the length of the forewing, with 79–86 segments; scape smooth, without pecten, uniformly light buff; flagellum uniformly stramineus, nearly white at the apex. Maxillary palpi extremely reduced, less than 0.5 times the length of labial palpus I, 3-segmented, with the basal segment nearly sessile; vestiture light brown to buff. Labial palpi well developed, 3-segmented; vestiture light brown, becoming..."
Aechmea magdalenae,"The ship had to stop at intervals for fuel and André seized each such opportunity to rush ashore and collect. At Isla Brava, one of these stops along the torrid lower reaches of the Magdalena, he collected his first new species of bromeliad, Aechmea pendulifiora with its delicate nodding inflorescence. Evidently it did not make much impression on him at the time, for Isla Brava is not mentioned in his narrative. Understandably the ereat heat (sand up to 127° F.), the poisonous : snakes and the vara santa tree with hollow branches full of vicious ants, all had greater impact at the moment.",63533987,1,1945,Internet Archive,plantlife1amer,Smithsonian Libraries and Archives,English,http://biodiversitylibrary.org/permissions,In copyright. Digitized with the permission of the rights holder.,"The ship had to stop at intervals for fuel, and André seized each opportunity to rush ashore and collect. At Isla Brava, one of these stops along the torrid lower reaches of the Magdalena, he collected his first new species of bromeliad, Aechmea pendulifiora, with its delicate nodding inflorescence. Evidently, it did not make much impression on him at the time, as Isla Brava is not mentioned in his narrative. Understandably, the great heat—sand reaching up to 127°F—the poisonous snakes, and the vara santa tree with hollow branches full of vicious ants all had a greater impact at the moment."
Aechmea magdalenae,"After a short stop in Bogoté where he made some very helpful acquaintances, he continued across the remainder of the Andean chain to Villavicencio on the western edge of the great llanos or prairie country of the Orinoco Basin. Crossing the Andes he began to pick up new bromeliads in earnest: Tillandsia heterandra, Pitcairna guaritermae and brachysperma, and Aechmea servitensis, a8 well as a number of older species. However, in the bromeliad-poor Ilanos, André found only Aechmea angustifolia, a characteristic species of the Amazon Basin.",63533987,1,1945,Internet Archive,plantlife1amer,Smithsonian Libraries and Archives,English,http://biodiversitylibrary.org/permissions,In copyright. Digitized with the permission of the rights holder.,"After a short stop in Bogotá, where he made some very helpful acquaintances, he continued across the remainder of the Andean chain to Villavicencio on the western edge of the great llanos or prairie country of the Orinoco Basin. Crossing the Andes, he began to collect new bromeliads more actively: Tillandsia heterandra, Pitcairnia guaritermae, Brachysperma, and Aechmea servitensis, as well as several older species. However, in the bromeliad-poor llanos, André found only Aechmea angustifolia, a characteristic species of the Amazon Basin."
Aechmea magdalenae,"124 La biodiversidad en Chiapas Cuadro 1 . Continuación. Familia Núm. spp. Mundo Núm. spp México Núm. spp Chiapas Especies más sobresalientes Clase Magnoliopsida Euphorbiaceae 5 000 828 256 Flor de nochebuena ( Euphorbia pulcherrima), la flor de lechita ( Euphorbia leucocephala ), chaya ( Cnidoscolus spp.), yuca o guacamote ( Manihot esculenta ), piñón ( Jatropha curcas ), javilla ( Hura polyandra ), grosella del trópico (Phyllanthus acidus), ch i lea mates ( Sapium macrocarpum ) y chichicastle ( Tragia spp.). Myrtaceae 3 000 124 85 Guayaba ( Psidium guajava), pimienta gorda ( Pimenta dioica), chasá o cinco negritos ( Eugenia americana). Sapotaceae 800 46 41 Chicle o chicozapote ( Manilkara zapota), mamey ( Pauteria sapota), zapote amarillo ( Pauteria campechiana), caimito ( Chrysophyllum cainito), tem pisque ( Mastichodendron capiri), catpoki ( Bumelia spp.). Sterculiaceae 700 84 34 Cacao ( Theobroma cacao), castaño mexicano ( Sterculia spp.), cualote negro o guázima ( Guazuma ulmifolia) y el árbol de flor de manita ( Chiranthodendron pentadactylon). Clase Liliopsida Familia Núm. spp. Mundo Núm. spp. México Núm. spp. Chiapas Especies más sobresalientes Poaceae 9 000 1237 461 Maíz (Zea mays), sorgo ( Sorghum spp.), avena (Avena sativa), arroz (Oryza sativa), trigo (Triticum aestivum), diversos otates (Otatea spp., Chusquea spp., Olmeca spp., Rhipidociadum spp.), pitutis (Lasiacis spp.). Orchidaceae 18 000 1 170 514 Vainilla (Vaniiia pianifoiia), especies de los siguientes géneros Encyciia, Sobralia, Lycaste, Arpophyllum, Cattieya, Oncidium. Liliaceae 4 200 541 124 Magueyes agrupados en el género Agave, y para muchos en la familia, Agavaceae, el caso de la ""despeinada"" o palma pata de elefante (Beaucarnea goidmani), considerada actualmente en la familia Nolinaceae, ajo (Altium sativum), cebolla ( Allium cepa), la azucena (Liiium candidum). Bromeliaceae 2 000 326 126 Piña Ananas comosus), heno o pashtle (Tiiiandsia usneoides), flor de niluyarilu o gallito (Tiiiandsia guatemalensis), la piñuela (Bromelia pinguin), la pita Aechmea magdalenae). Arecaceae 2 780 124 58 Coyol (Acrocomia mexicana), el zitzum o chichón (Astro caryum mexicanum), la palma real (Sabal mexicana), palma camedor (Chamaedorea spp.), el coco (Cocos nucífera) . Araceae 2 000 139 106 Los anturios, hoja de corazón, oreja de macho Anthurium spp.), tetesquite o quequeshte o mafafa (Xanthosoma robustum), mimbre o piñanona (Monstera spp.), el famoso teléfono (Philodendron spp.), lechuga de agua (Pistia stratiotes), paleta u hoja elegante (Dieffenbachia spp.), capotillo (Caladium spp.) entre otras más.",50738837,v.2 (2013),2013,Internet Archive,biodiversidadenv220Cruz,Comisión Nacional para el Conocimiento y Uso de la Biodiversidad (CONABIO),Spanish,https://biodiversitylibrary.org/permissions,In copyright. Digitized with the permission of the rights holder.,"La biodiversidad en Chiapas Cuadro 1. Continuación.

Familia Núm. spp. en el mundo Núm. spp. en México Núm. spp. en Chiapas Especies más sobresalientes

Clase Magnoliopsida

Euphorbiaceae 5,000 828 256 Flor de nochebuena (Euphorbia pulcherrima), flor de lechita (Euphorbia leucocephala), chaya (Cnidoscolus spp.), yuca o guacamote (Manihot esculenta), piñón (Jatropha curcas), javilla (Hura polyandra), grosella del trópico (Phyllanthus acidus), chilea mates (Sapium macrocarpum) y chichicastle (Tragia spp.).

Myrtaceae 3,000 124 85 Guayaba (Psidium guajava), pimienta gorda (Pimenta dioica), chasá o cinco negritos (Eugenia americana).

Sapotaceae 800 46 41 Chicozapote o chicozapote (Manilkara zapota), mamey (Pouteria sapota), zapote amarillo (Pouteria campechiana), caimito (Chrysophyllum cainito), tempisque (Mastichodendron capiri), catpoki (Bumelia spp.).

Sterculiaceae 700 84 34 Cacao (Theobroma cacao), castaño mexicano (Sterculia spp.), cualote negro o guázima (Guazuma ulmifolia) y el árbol de flor de manita (Chiranthodendron pentadactylon).

Clase Liliopsida

Familia Núm. spp. en el mundo Núm. spp. en México Núm. spp. en Chiapas Especies más sobresalientes

Poaceae 9,000 1,237 461 Maíz (Zea mays), sorgo (Sorghum spp.), avena (Avena sativa), arroz (Oryza sativa), trigo (Triticum aestivum), diversos otates (Otatea spp., Chusquea spp., Olmeca spp., Rhipidocladum spp.), pitutis (Lasiacis spp.).

Orchidaceae 18,000 1,170 514 Vainilla (Vanilla planifolia), especies de los géneros Encyclia, Sobralia, Lycaste, Arpophyllum, Cattleya, Oncidium.

Liliaceae 4,200 541 124 Magueyes agrupados en el género Agave, y en la familia Agavaceae, como la palma pata de elefante (Beaucarnea guianensis), considerada actualmente en la familia Nolinaceae, ajo (Allium sativum), cebolla (Allium cepa), azucena (Lilium candidum).

Bromeliaceae 2,000 326 126 Piña (Ananas comosus), heno o pashtle (Tillandsia usneoides), flor de niluyarilu o gallito (Tillandsia guatemalensis), piñuela (Bromelia pinguin), pita (Aechmea magdalenae).

Arecaceae 2,780 124 58 Coyol (Acrocomia mexicana), zitzum o chichón (Sabal mexicana), palma real (Sabal mexicana), palma camedor (Chamaedorea spp.), coco (Cocos nucifera).

Araceae 2,000 139 106 Anturios, hoja de corazón, oreja de macho (Anthurium spp.), tetesquite o quequeshte o mafafa (Xanthosoma robustum), mimbre o piñanona (Monstera spp.), teléfono (Philodendron spp.), lechuga de agua (Pistia stratiotes), hoja elegante o paleta (Dieffenbachia spp.), capotillo (Caladium spp.), entre otras especies."
Aechmea magdalenae,"NTFP name & | Trade Participation Income Social role Commercialisation type perimeter | in NTFP generating (gender) opportunities and (market) | activities activities in obstacles order of importance Palma soyate Direct local | All the $ from migrated | Everyone > 8 years | No product value; no (Brahea dulcis) | trade and community individuals; old, but mostly bargaining power. Palm leafused | via inter participate. Hired labour; women, the elderly for plaiting and | mediaries to Livestock; and children. weaving. regional & Palm weaving; national Agriculture; markets. Subsidies. Maguey (Agave } Local, The vast Agriculture; Men harvest, Assembly decide who",38693454,,,Internet Archive,womenforestsmark02mars,"UNEP-WCMC, Cambridge",English,,"Copyright owner: UNEP-WCMC, ODI","NTFP Name & Trade Participation Income & Social Role & Commercialization Type & Perimeter & Opportunities in NTFP Generation & Activities & Obstacles (in order of importance)  
Palma soyate (Brahea dulcis) & Direct local & All the income from migrated individuals & Everyone over 8 years old & No product value; no trade and community participation & Women, the elderly, and children involved in plaiting and weaving & Hired labor; intermediaries & Livestock; regional and national markets & Subsidies.  
Maguey (Agave) & Local & The vast agriculture & Men harvest & Assembly decides who participates"
Catopsis sessiliflora,"André was quickly adjusted to this new mode of travel and even the toboggan tactics of the mules on wet clay slopes soon failed to dis tract his attention from the spectacle about him. The trail rose, the temperature dropt, and soon Spanish moss, Tillandsia usneoides, and stunted vegetation marked the beginning of the ''tierra fria'' or cool upland where gaudy Hricaceae predominate.",63533987,1,1945,Internet Archive,plantlife1amer,Smithsonian Libraries and Archives,English,http://biodiversitylibrary.org/permissions,In copyright. Digitized with the permission of the rights holder.,"André quickly adjusted to this new mode of travel, and even the toboggan tactics of the mules on wet clay slopes soon failed to distract his attention from the spectacle around him. The trail rose, the temperature dropped, and soon Spanish moss, Tillandsia usneoides, and stunted vegetation marked the beginning of the ""tierra fría,"" or cool upland, where gaudy Hricaceae predominate."
Catopsis sessiliflora,"Tillandsia sessiliflora Ruiz «£ Pav. = Catopsis sessiliflora (Ruiz € Pav.) Mez Referencias: Gouda, E. J., 1987; Smith, L. B., 1977. Tillandsia sphaerocephala Baker Sin.: Tillandsia schreiteri Lillo £ A. Cast. Referencias: Smith, L. B., 1969, 1977. Hierba epífita. Perenne. Nativa. 900-3500 m. Países: ARG(JUJ, TUC). Ejemplares de referencia: ARG[ Venturi, S. 1218 (SD].",63495527,v. 107(1),2008,Internet Archive,mobot31753003563332,"Missouri Botanical Garden, Peter H. Raven Library",Spanish,http://biodiversity.org/permissions,In copyright. Digitized with the permission of the rights holder.,"Tillandsia sessiliflora Ruiz & Pav. = Catopsis sessiliflora (Ruiz & Pav.) Mez  
Referencias: Gouda, E. J., 1987; Smith, L. B., 1977.  

Tillandsia sphaerocephala Baker sin.: Tillandsia schreiteri Lillo & A. Cast.  
Referencias: Smith, L. B., 1969, 1977.  

Hierba epífita. Perenne. Nativa. Altitud: 900-3500 m. Países: Argentina (Jujuy, Tucumán).  

Ejemplares de referencia: Argentina, Venturi, S., 1218 (SD)."
Catopsis sessiliflora,"Deuterocohnia digitata L.B. Sm Sin.: Deuterocohnia strobilifera auct. non Mez Referencias: Krómer, T., Kessler, M., Holst, B. K., Luther, H. E., Gouda, E. J., Ibisch, P. L. Till, W. £ Vásquez, R., 1999; Smith, L. B., 1974. Hierba. Perenne. Nativa. 2900 m. Países: ARG(SAL). Ejemplares de referencia: ARG[Castellanos, A. s.n. (BA)].",63495498,v. 107(1),2008,Internet Archive,mobot31753003563332,"Missouri Botanical Garden, Peter H. Raven Library",Spanish,http://biodiversity.org/permissions,In copyright. Digitized with the permission of the rights holder.,"Deuterocohnia digitata L.B. Sm Sin.: Deuterocohnia strobilifera auct. non Mez  
Referencias: Krómer, T., Kessler, M., Holst, B. K., Luther, H. E., Gouda, E. J., Ibisch, P. L., Till, W., Vásquez, R., 1999; Smith, L. B., 1974.  
Hierba. Perenne. Nativa. 2900 m. Países: ARG (SAL).  
Ejemplares de referencia: ARG [Castellanos, A. s.n. (BA)]."
Cavendishia bracteata,"Frutex epiphyticus, ramulis crassis glabris in sicco pallidis striatis; petiolis subteretibus rugulosis glabris 5-10 mm. longis; laminis subcoriaceis siccitate metallico-olivaceis ellipticis, 1l+15 cm. longis, 5-9 cm. latis, basi rotundatis, in acuminem subacutum ad 15 mm. longum subito angustatis, margine recurvatis, supra glabris, subtus minute glanduloso-strigillosis, 7(vel obscure 9-)-nerviis, nervis (intimis interdum ad 2 cm. cum costa concurrentibus) et costa supra im pressis (vel basim versus elevatis) subtus prominentibus, rete venularum utrinque haud prominulo; inflorescentia apices ramulorum versus axillari subcapitata, ubique praeter filamentas glabra, bracteis papyraceis subofbicularibus rotunda tis margine scariosis maximis ad 2 cm. diametro basi circumdata, rhachr brevi, floribus numerosis congestis; pedicellis incrassatis sub anthesi 2=3 mm. longis parce glandulosis basim versus bibracteolatis, bracteolis submembranaceis oblongo ellipticis 5-6 mm. longis circiter 4 mm. latis apice rotundatis utrinque parce glanduloso-strigillosis tubum calycis involventibus; calyce sub anthesi circiter 10 mm. longo et apice diametro, tubo obtuse angulato circiter 3 mm. longo, limbo erecto-patente quam tubo longiore supeme parce glanduloso-strigilloso profunde S-lobato, lobis elliptico-oblongis basi imbricatis 6=7 mm. longis 4-5 mm. latis apice rotundatis margine scariosis et pauci-glandulosis; corolla carnosa urceolato cylindrica sub anthesi 13-14 mm. longa et circiter 7 mm. diametro, superne angustata, lobis deltoideis obtusis circiter 1 mm. longis; staminibus circiter 11 mm. longis, filamentis ligulatis alternatim circiter 2 mm. et 3.5 mm. longis superne intus obscure pilosis, antheris alternatim circiter 11 mm. et 10 mm. longis, thecis 4~5 mm. longis; stylo tereti corollam subaequante, stigmate minuto.",44066170,8,1952,Internet Archive,memoirsofnewyork8195newy,"New York Botanical Garden, LuEsther T. Mertz Library",English,,No known copyright restrictions as determined by scanning institution.,"Frutex epiphyticus, ramulis crassis glabris in sicco pallidis striatis; petiolis subteretibus rugulosis glabris 5-10 mm longis; laminis subcoriaceis siccitate metallico-olivaceis ellipticis, 11-15 cm longis, 5-9 cm latis, basi rotundatis, in acuminem subacutum ad 15 mm longum subito angustatis, margine recurvatis, supra glabris, subtus minute glanduloso-strigillosis, 7 (vel obscure 9-) nerviis, nervis (intimis interdum ad 2 cm cum costa concurrentibus) et costa supra impressis (vel basim versus elevatis) subtus prominentibus, rete venularum utrinque haud prominulo; inflorescentia apices ramulorum versus axillari subcapitata, ubique praeter filamentas glabra, bracteis papyraceis suborbicularibus rotundis margine scariosis maximis ad 2 cm diametro basi circumdata, rhachis brevi, floribus numerosis congestis; pedicellis incrassatis sub anthesi 2-3 mm longis, parce glandulosis, basim versus bibracteolatis, bracteolis submembranaceis oblongo ellipticis 5-6 mm longis, circiter 4 mm latis, apice rotundatis, utrinque parce glanduloso-strigillosis, tubum calycis involventibus; calyce sub anthesi circiter 10 mm longo et apice diametro, tubo obtuse angulato circiter 3 mm longo, limbo erecto-patente quam tubo longiore, superne parce glanduloso-strigilloso, profunde S-lobato, lobis elliptico-oblongis basi imbricatis 6-7 mm longis, 4-5 mm latis, apice rotundatis, margine scariosis, et pauci-glandulosis; corolla carnosa urceolato-cylindrica, sub anthesi 13-14 mm longa et circiter 7 mm diametro, superne angustata, lobis deltoideis obtusis circiter 1 mm longis; staminibus circiter 11 mm longis, filamentis ligulatis alternatim circiter 2 mm et 3.5 mm longis, superne intus obscure pilosis, antheris alternatim circiter 11 mm et 10 mm longis, thecis 4-5 mm longis; stylo tereti, corollam subaequante, stigmate minuto."
Swietenia humilis,"The seeds of the ""flor de venodillo,"" which means '""little-deer flower,"" are made into a tea which is taken for pains in the chest. Seeds were being sold at Acaponeta by Indian peddlers, who stated that they came from the coast near Acaponeta. (EB No, 77, seeds as sold by peddlers.)",365035,5,1897-1901,Internet Archive,mobot39088011696697,Smithsonian Libraries and Archives,English,,Public domain.  The BHL considers that this work is no longer under copyright protection.,"The seeds of the ""flor de venodillo,"" which means ""little-deer flower,"" are made into a tea that is used to relieve chest pains. Seeds were being sold at Acaponeta by Indian peddlers, who stated that they came from the coast near Acaponeta."
Swietenia humilis,"and in the Hall of North American Woods (Hall 26). In the form ten new murals were added to those reported in 1939, increasi the total number to seventeen and completing the series no decorating three sides of the hall. These paintings depict human activities concerned with t gathering, planting, and cultivation of Man's more important typ of vegetable food, and the preparation, transportation, and ce merce of foodstuffs. Two of the new murals are maps. One shov the ancient trade routes over which the products of the East formerly brought to the Western World. The other shows the of origin of the principal cultivated food plants in the Old and Ne Worlds. The entire series thus constitutes a pictorial story of foe plants and serves to enhance the interest of the botanical exhibits i this hall. These new murals, like those mentioned and figured the previous year's Report of the Director, are the work of M Julius Moessel, Chicago artist, well-known for his decorative pair ings. Reproductions of the whole series have been published, wit an accompanying text, in Botany Leaflet No. 25, The Story Food Plants. An example is shown in Plate 16 of this Report. The exhibits of North American trees and woods in C. F. Mills paugh Hall (Hall 26) have been supplemented by the addition many photographic transparencies showing forest types and woe land formations. Most of the photographs from which these hat been made were obtained by loan and represent a selection from t vast number of negatives in the files of the United States Fore Service. A few are from the Museum's own files, and others ha been obtained from individuals and associations such as the Sat the Redwood League, American Lumberman, ete. Here, as in Hi 25, the presence of colored out-door scenes contributes greatly the appearance of the hall and to the interest of the related specime! A few of the installations of conifers in the northwest quarter of t hall were rearranged recently to provide a more orderly sequence. In the Hall of Foreign Woods (Hall 27) several additions made to existing installations. These include a splendid plar ""tpil,""' a Philippine wood, donated several years ago by Mr. R Bond of Chicago, and a fine specimen of West Coast mahe (Swietenia humilis), the gift of Mr. L. Lind Petersen, of Escuint Guatemala. From material received in 1937 from the Mexican ge ernment, and other sources, the exhibit of woods from Mexico we increased by the addition of an assortment of eleven species, mostl from the Isthmus of Tehuantepec. Other installations were Centr",4356050,,,Internet Archive,annualreportofdi122fiel,"University Library, University of Illinois Urbana Champaign",English,,In copyright. Digitized with the permission of the Chicago Field Museum.  For information contact dcc@library.uiuc.edu.,"Here is the cleaned and corrected version of your text:

In the Hall of North American Woods (Hall 26), ten new murals were added to those reported in 1939, increasing the total number to seventeen and completing the series that decorates three sides of the hall. These paintings depict human activities related to gathering, planting, and cultivating the most important types of vegetable food, as well as the preparation, transportation, and commerce of foodstuffs. Two of the new murals are maps. One shows the ancient trade routes over which products from the East were formerly brought to the Western World. The other illustrates the origin of the principal cultivated food plants in the Old and New Worlds. The entire series thus constitutes a pictorial story of food plants and enhances the interest of the botanical exhibits in this hall. 

These new murals, like those mentioned and illustrated in the previous year's Report of the Director, are the work of Julius Moessel, a Chicago artist well-known for his decorative paintings. Reproductions of the entire series have been published, with an accompanying text, in Botany Leaflet No. 25, The Story of Food Plants. An example is shown in Plate 16 of this report. 

The exhibits of North American trees and woods in C. F. Mills Paugh Hall (Hall 26) have been supplemented by the addition of many photographic transparencies showing forest types and land formations. Most of the photographs used were obtained by loan and represent a selection from the vast number of negatives in the files of the United States Forest Service. A few are from the Museum's own files, and others have been obtained from individuals and organizations such as the Redwood League, American Lumberman, etc. 

As in Hall 25, the presence of colored outdoor scenes greatly contributes to the appearance of the hall and to the interest of the related specimens. A few of the installations of conifers in the northwest quarter of the hall were recently rearranged to provide a more orderly sequence. 

In the Hall of Foreign Woods (Hall 27), several additions have been made to existing installations. These include a splendid ""tupil"" (a Philippine wood), donated several years ago by Mr. R. Bond of Chicago, and a fine specimen of West Coast mahogany (Swietenia humilis), a gift from Mr. L. Lind Petersen of Escuintla, Guatemala. From material received in 1937 from the Mexican government and other sources, the exhibit of woods from Mexico was increased by the addition of an assortment of eleven species, mostly from the Isthmus of Tehuantepec. Other installations were also updated accordingly."
Swietenia humilis,"Capítulo 7 Diversidad de ecosistemas 33 Especies primarias Especies secundarias El dosel puede incluir a Abies guatemalensis, Chiranthoden dron pentadactylon, Clethra chiapensis, C. mexicana, C. ole oides, Dalbergia tucurensis, Persea americana, P. donneli smithii, Pinus ayacahuite, P. chiapensis, Oecopetalum mexica num, Podocarpus matudae, Quercus acatenangensis, Q. benthamii, Q. laurina, Ulmus mexicana y Weinmannia pinnata. El estrato de árboles del interior incluye Acer skutchii, Ardisia spp., Calyptranthes pallens, Carpinus caroliniana, Citharexy lum donnell-smithii, C. mocinnoi, Clusia guatemalensis, C. rosea, Critoniadelphus nubigenum, Daphnopsis selerorum, Drimys granadensis var. mexicana, Glossostipula concinna, Matudaea trinervia, Magnolia sharpii, Meliosma matudae, Microtropis guatemalensis, Mollinedia guatemalensis, Myrsine spp., Ocotea spp., Olmediella betschleriana, Oreopanax pel tatus, 0. xalapensis, Ostrya virginiana, Parathesis spp., Prunus brachybotrya, Psychotria skutchii, Rhamnus breed lovei, R. capraeifolia, R. sharpii, Saurauia cuchumatanensis, S. zahlbruckneri, Styrax magnus, Symplocos breedlovei, Tern stroemia lineata subsp. chalicophila, Wimmeria montana, Zanthoxylum melanostictum, Zinowiewia matudae, y Z. rubra, además de heléchos arborescentes de los géneros Alsophila y Cyathea. Bocconia arbórea, Buddleja spp., Conostegia volcana lis, Cupressus benthamii, Hedyosmum mexicanum, Holodiscus argenteus, //ex vomitoria, Miconia glaberri ma, Morella cerifera, Myrsine juergensenii, Pinus ayaca huite, P. chiapensis, P. pseudostrobus, var. pseudostro bus, P. pseudostrobus var. apulcensis, P. tecunumanii, Rondeletia buddleioides, R. stenosiphon, Saurauia oreophila y Viburnum spp. En ambientes riparios o áreas inundables se encuentran Acer negundo subsp. mexicanum, Alnus acuminata, Cornus disciflora, C. ex celsa, Nyssa sylvatica, Platanus mexicana y Salix bon plandiana. El dosel puede incluir Amyris attenuata, Andira galeottiana, Aphananthe monoica, Astronium graveolens, Bernoullia flam mea, Brosimum alicastrum, Calycophyllum candidissimum, Cymbopetalum penduliflorum, Enterolobium cyclocarpum, Hymenaea courbaril, Manilkara zapota, Pseudolmedia oxyphyl laria, Pouteria sapota, Sterculia apétala, Swartzia guatemalen sis, Swietenia macrophylla, Vatairea lundellii, Vitex gaumeri y Zuelania guidonia. El estrato de árboles del interior incluye Alseis yucatanensis, Ampelocera hottlei, Ardisia escallonioi des, Cedrela odorata, Ficus spp., Licania arbórea, Lafoensia punicifolia, Lonchocarpus castilloi, Lysiloma spp., Sickingia salvadorensis, Sideroxylon persimile y Styrax argenteus. En bosques de edad intermedia son comunes Bursera simaruba, Cedrela odorata, Ceiba pentandra, Coc coloba barbadensis, Cordia alliodora, Cupania dentata, Guettarda combsii, Heliocarpus donnell-smithii, Sapium macrocarpum, Spondias mombin y Tabebuia chrysan tha. Muchas especies comunes en los acahuales son las mismas del blmb. Carpinus caroliniana, Clethra spp., Cornus disciflora, Liquid ambar styraciflua, Meliosma dives, M. matudae, Myrsine spp., Persea spp. Pinus chiapensis, P. oocarpa, Quercus acutifolia, Q. benthamii, Q. conspersa, Q. cortesii, Q. elliptica, Q. insig áis, Q. lancifolia, Q. peduncularis, Q. polymorpha, Q. salicifo lia, Q. sapotifolia, Q. skinneri, Saurauia spp., Styrax glabres cens, Turpinia insignis, T. occidentalis, T. tricornuta, Viburnum hartwegii y V. jucundum. Acacia glomerosa, A. pennatula, Citharexylum donnell smithii, Cornus excelsa, Cupania dentata, Erythrina chiapasana, Ostrya virginiana, Saurauia scabrida, Ver besina perymenioides, Viburnum acutifolium y V. elatum. En ambientes riparios se encuentran Acer negundo subsp. mexicanum, Fraxinus uhdei, Nyssa sylvatica, Q. candicans y Alnus acuminata. Alvaradoa amorphoides, Astronium graveolens, Bucida macrostachya, Bursera simaruba, Calycophyllum candidissi mum, Cedrela oaxacensis, C. odorata, Ceiba acuminata, C. aesculifolia, C. pentandra, Godmania aesculifolia, Gyrocarpus americanus, G. mocinnoi, Hauya elegans, Lonchocarpus min imiflorus, Luehea speciosa, Trichilia hirta y Zuelania guidonia. En áreas más húmedas y con suelos profundos bien drenados pueden ser dominantes Cymbopetalum penduliflorum, Hyme naea courbaril, Enterolobium cyclocarpum, Ficus spp., Loncho carpus spp., Piscidia carthagenensis y otras especies del bep. Acacia spp., Bursera bipinnata , B. excelsa, Cochlosper mum vitifolium, Cordia alliodora, Eysenhardtia adeno stylis, Ficus cotinifolia, Gliricidia sepium, Heliocarpus donnell-smithii, Hura polyandra, Leucaena collinsii, L. diversifolia, L. leucocephala, Luehea candida, Lysiloma auritum, Pinus maximinoi, P. oocarpa, Pistacia mexicana, Pithecellobium dulce, Plumeria rubra, Pseudobombax ellipticum, Quercus acutifolia, Q. castanea, Q. con spersa, Q. elliptica, Q. peduncularis, Q. polymorpha, Q. purulhana, Q. scytophyla, Q. sapotifolia, Q. segoviensis, Spondias mombin, Stemmadenia obovata, Swietenia humilis, Tabebuia chrysantha, T. rosea y Triplaris melae nodendron.",50738764,v.2 (2013),2013,Internet Archive,biodiversidadenv220Cruz,Comisión Nacional para el Conocimiento y Uso de la Biodiversidad (CONABIO),Spanish,https://biodiversitylibrary.org/permissions,In copyright. Digitized with the permission of the rights holder.,"Capítulo 7 Diversidad de ecosistemas 33

Especies primarias y secundarias

El dosel puede incluir a especies como Abies guatemalensis, Chiranthodendron pentadactylon, Clethra chiapensis, C. mexicana, C. oleoides, Dalbergia tucurensis, Persea americana, P. donnell-smithii, Pinus ayacahuite, P. chiapensis, Oecopetalum mexicana, Podocarpus matudae, Quercus acatenangensis, Q. benthamii, Q. laurina, Ulmus mexicana y Weinmannia pinnata.

El estrato de árboles del interior incluye Acer skutchii, Ardisia spp., Calyptranthes pallens, Carpinus caroliniana, Citharexyllum donnell-smithii, C. mocinnoi, Clusia guatemalensis, C. rosea, Critoniadelphus nubigenum, Daphnopsis selerorum, Drimys granadensis var. mexicana, Glossostipula concinna, Matudaea trinervia, Magnolia sharpii, Meliosma matudae, Microtropis guatemalensis, Mollinedia guatemalensis, Myrsine spp., Ocotea spp., Olmediella betschleriana, Oreopanax peltatus, O. xalapensis, Ostrya virginiana, Parathesis spp., Prunus brachybotrya, Psychotria skutchii, Rhamnus breedlovei, R. capraeifolia, R. sharpii, Saurauia cuchumatanensis, S. zahlbruckneri, Styrax magnus, Symplocos breedlovei, Ternstroemia lineata subsp. chalicophila, Wimmeria montana, Zanthoxylum melanostictum, Zinowiewia matudae y Z. rubra, además de helechos arborescentes de los géneros Alsophila y Cyathea.

Otras especies presentes en diferentes ambientes incluyen Bocconia arbórea, Buddleja spp., Conostegia volcana lis, Cupressus benthamii, Hedyosmum mexicanum, Holodiscus argenteus, ex vomitoria, Miconia glaberrima, Morella cerifera, Myrsine juergensenii, Pinus ayacahuite, P. chiapensis, P. pseudostrobus (var. pseudostrobus y var. apulcensis), P. tecunumanii, Rondeletia buddleioides, R. stenosiphon, Saurauia oreophila y Viburnum spp.

En ambientes riparios o áreas inundables se encuentran Acer negundo subsp. mexicanum, Alnus acuminata, Cornus disciflora, C. excelsa, Nyssa sylvatica, Platanus mexicana y Salix bonplandiana.

El dosel puede incluir especies como Amyris attenuata, Andira galeottiana, Aphananthe monoica, Astronium graveolens, Bernoullia flammea, Brosimum alicastrum, Calycophyllum candidissimum, Cymbopetalum penduliflorum, Enterolobium cyclocarpum, Hymenaea courbaril, Manilkara zapota, Pseudolmedia oxyphyllaria, Pouteria sapota, Sterculia apetala, Swartzia guatemalensis, Swietenia macrophylla, Vatairea lundellii, Vitex gaumeri y Zuelania guidonia.

El estrato de árboles del interior incluye Alseis yucatanensis, Ampelocera hottlei, Ardisia escallonioides, Cedrela odorata, Ficus spp., Licania arbórea, Lafoensia punicifolia, Lonchocarpus castilloi, Lysiloma spp., Sickingia salvadorensis, Sideroxylon persimile y Styrax argenteus.

En bosques de edad intermedia son comunes especies como Bursera simaruba, Cedrela odorata, Ceiba pentandra, Coccoloba barbadensis, Cordia alliodora, Cupania dentata, Guettarda combsii, Heliocarpus donnell-smithii, Sapium macrocarpum, Spondias mombin y Tabebuia chrysantha.

Muchas especies comunes en los acahuales son las mismas del bosque maduro, incluyendo Carpinus caroliniana, Clethra spp., Cornus disciflora, Liquidambar styraciflua, Meliosma dives, M. matudae, Myrsine spp., Persea spp., Pinus chiapensis, P. oocarpa, Quercus acutifolia, Q. benthamii, Q. conspersa, Q. cortesii, Q. elliptica, Q. insigáïs, Q. lancifolia, Q. peduncularis, Q. polymorpha, Q. salicifolia, Q. sapotifolia, Q. skinneri, Saurauia spp., Styrax glabrescens, Turpinia insignis, T. occidentalis, T. tricornuta, Viburnum hartwegii y V. jucundum.

Otras especies en estos ambientes incluyen Acacia glomerosa, A. pennatula, Citharexylum donnell-smithii, Cornus excelsa, Cupania dentata, Erythrina chiapasana, Ostrya virginiana, Saurauia scabrida, Verbena perymenioides, Viburnum acutifolium y V. elatum.

En ambientes riparios se encuentran Acer negundo subsp. mexicanum, Fraxinus uhdei, Nyssa sylvatica, Quercus candicans y Alnus acuminata.

En áreas más húmedas y con suelos profundos bien drenados pueden ser dominantes Cymbopetalum penduliflorum, Hymenaea courbaril, Enterolobium cyclocarpum, Ficus spp., Lonchocarpus spp., Piscidia carthagenensis y otras especies del bosque secundario. Otras especies presentes en estos ambientes incluyen Acacia spp., Bursera bipinnata, B. excelsa, Cochlospermum vitifolium, Cordia alliodora, Eysenhardtia adenostylis, Ficus cotinifolia, Gliricidia sepium, Heliocarpus donnell-smithii, Hura polyandra, Leucaena collinsii, L. diversifolia, L. leucocephala, Luehea candida, Lysiloma auritum, Pinus maximinoi, P. oocarpa, Pistacia mexicana, Pithecellobium dulce, Plumeria rubra, Pseudobombax ellipticum, Quercus acutifolia, Q. castanea, Q. conspersa, Q. elliptica, Q. peduncularis, Q. polymorpha, Q. purulhana, Q. scytophyla, Q. sapotifolia, Q. segoviensis, Spondias mombin, Stemmadenia obovata, Swietenia humilis, Tabebuia chrysantha, T. rosea y Triplaris melae nodendron."
Swietenia humilis,"Tzopiltzontecomatl: de tzopilo (ti), zopilote, y tzonteco matl, cabeza. Cabeza de zopilote. ""Tzopilotlzonte"". Swietenia mahogani L. (Identifica¬ ción de Mociño y Sessé.) Sinonimia vulgar y científica de las plantas de Nueva España de M. Sessé y J. Mociño, ""Plantae Novae Hispaniae"", México, 1893. Según Standley la planta estudiada por Hernández en el presente capítulo corresponde a una especie del género Swietenia. Tzopilotlzontecomatl"". Swietenia humilis Zuce. (M. Martínez). ""Catálogo de Plantas Mexicanas"", México, 1937. Nosotros pensamos que no es posible hacer la determi¬ nación específica tomando en cuenta los escasos caracteres de la descripción anterior. Las plantas del género antes citado tienen amplia dis¬ tribución desde Sinaloa hasta Chiapas y se conocen vulgar¬ mente como ""caoba"", ""caobo"" (Guerrero, Tabasco, Yuca¬ tán, Oaxaca); ""cóbano"" (Colima, Guerrero); ""zopilozon tecomacuahuitl"", ""zopilote"", ""Tzopilotl"", ""zopilocuahuitl"", ""zopilotl"", ""rosadillo"" (Guerrero, Tabasco, Yucatán); ""pa¬ lo zopilote"" (Oaxaca, Conzatti). El tronco frecuentemente exuda goma y se dice que la corteza tiene propiedades astringentes, tónicas y febrífugas; en Nayarit toman una especie de te preparado con las semillas contra el dolor de pecho, y en Iguala, Gro., usan las semillas contra la neurosis y la alopecia"" (M. Martínez). CAPITULO CLXIX Del HOEHOETZONTECOMATL El HOEHOETZONTECOMATL o cabeza de viejo, que otros llaman zazanacxochitl y los temimiltzincenses yacanezton o sea punta cenicienta, es una planta voluble que echa raíces numerosas, redondas, medianas, suspendidas de cuerdecillas, ásperas y oscuras por fuera y por dentro, y parecidas a las 448",55473849,II,1943,Internet Archive,historiadelaspliihern,"Biblioteca Conjunta de Ciencias de la Tierra, Instituto de Ciencias del Mar y Limnología, UNAM",Spanish,,Public domain. The BHL considers that this work is no longer under copyright protection.,"Tzopiltzontecomatl: de tzopilo (ti), zopilote, y tzonteco matl, cabeza. Cabeza de zopilote. ""Tzopilotlzonte"". Swietenia mahogani L. (Identificación de Mociño y Sessé). Sinonimia vulgar y científica de las plantas de Nueva España de M. Sessé y J. Mociño, ""Plantae Novae Hispaniae"", México, 1893. Según Standley, la planta estudiada por Hernández en el presente capítulo corresponde a una especie del género Swietenia. Tzopilotlzontecomatl. Swietenia humilis Zuce. (M. Martínez). ""Catálogo de Plantas Mexicanas"", México, 1937. Nosotros pensamos que no es posible hacer la determinación específica tomando en cuenta los escasos caracteres de la descripción anterior. Las plantas del género antes citado tienen amplia distribución desde Sinaloa hasta Chiapas y se conocen vulgarmente como ""caoba"", ""caobo"" (Guerrero, Tabasco, Yucatán, Oaxaca); ""cóbano"" (Colima, Guerrero); ""zopilozontecomacuahuitl"", ""zopilote"", ""Tzopilotl"", ""zopilocuahuitl"", ""zopilotl"", ""rosadillo"" (Guerrero, Tabasco, Yucatán); ""palo zopilote"" (Oaxaca, Conzatti). El tronco frecuentemente exuda goma y se dice que la corteza tiene propiedades astringentes, tónicas y febrífugas; en Nayarit toman una especie de té preparado con las semillas contra el dolor de pecho, y en Iguala, Guerrero, usan las semillas contra la neurosis y la alopecia (M. Martínez).  

CAPÍTULO CLXIX  
Del HOEHOETZONTECOMATL  

El HOEHOETZONTECOMATL o cabeza de viejo, que otros llaman zazanacxochitl y los temimiltzincenses yacanezton o sea punta cenicienta, es una planta voluble que echa raíces numerosas, redondas, medianas, suspendidas de cuerdecillas, ásperas y oscuras por fuera y por dentro."
Swietenia humilis,"The Caribbean mahogany is found on the Caribbean islands and also in south Florida in dry or moist forest, often on limestone. Its natural distribution is hard to ascertain as it has been widely cultivated. It was the first mahogany to appear in the European market five centuries ago. Natural stands are extensively exhausted and the species exhibits high levels of genetic erosion.",31558187,,,Internet Archive,worldlistofthrea98oldf,"UNEP-WCMC, Cambridge",English,,"Copyright owner: WCMC, IUCN","The Caribbean mahogany is found on the Caribbean islands and in southern Florida, typically in dry or moist forests, often on limestone. Its natural distribution is difficult to determine because it has been widely cultivated. It was the first mahogany to appear in the European market five centuries ago. Natural stands are extensively depleted, and the species exhibits high levels of genetic erosion."
Galictis vittata,"but most of them appear referable to this species. The true skunks are confined to the American coutinent. Accepting Sir John Richardson's description, the skunk very closely resembles the wolverene. The body is stoutish, and stands low; the eyes being small, and the ears short and rounded. "" A narrow white mesial line runs from the tip of the nose to the occiput, where it dilates into a -broad white mark. It is again narrowed, and continues so until it passes the shoulders, when it forks, the branches running along the sides, and becom ing much broader as they recede from each other. They approach posteriorly and unite on the rump, becoming at the same time narrower. In some few specimens the white stripes do not unite behind, but disappear on the flanks. The black dorsal space included by the stripes is egg-shaped, the narrow end of which is towards the shoulders. The sides of the head and all the under parts are black. The hair on the body is long. The tail is covered with very long hairs, and has generally two broad longitudinal white stripes above on a black ground. Sometimes the black and white colours of the tail are regularly mixed. Its under surface is black. The claws on the fore-feet are very strong and long, being fitted for digging, and very unlike those of the martens."" The jaws are provided with eighteen molar teeth, the upper laniary grinder being remarkably large. Respecting the habits of the skunk, which has obtained such notoriety on account of the nauseating smell emitted from the glands previ ously alluded to, the same distinguished naturalist writes :-'"" It exists in the rocky and woody parts of the country, but is still more frequent in the clumps of wood which sketch the sandy plains of Seskatchewan. I have not been able to ascertain the southern range of this variety of skunk [from Hudson's Bay]; and, judging from Kahn's description, there appears to be a different one in Canada. The skunk passes its winter in a hole, seldom stirring abroad, and then only for a short distance. It preys on mice, and in summer has been observed to feed much on frogs. It has a slow gait, and can be overtaken without difficulty, for it makes but a poor attempt to escape, putting its trust apparently in its power of discomfiting its pursuers by the discharge of a noisome fluid. This fluid, which is of a deep yellow colour, and is contained in a small bag placed at the root of the tail, emits one of the most powerful stenches in nature, and so durable that the spot where a skunk has been killed will retain the taint for many days. Mr. Graham says that he knew several Indians who lost their eyesight in consequence of inflammation produced by this fluid having been thrown into them by the animal, which has the power of ejecting it to a distance of upwards of four feet. I have known a dead skunk thrown over the stockades of a trading port, which produced instant nausea in several women, in a house with closed doors upwards of a hundred yards distant. The odour had some resemblance to that of garlic, although much more disagreeable. One may, however, soon become fami liarized with it; for, notwithstanding the disgust it produces at first, I have managed to skin a couple of recent specimens by recurring to the task at intervals. When care is taken not to soil the carcase with any of",28264300,2,,Internet Archive,museumofnaturalh21869rich,Smithsonian Libraries and Archives,English,,Public domain. The BHL considers that this work is no longer under copyright protection.,"Most of them appear to be referable to this species. True skunks are confined to the American continent. According to Sir John Richardson's description, the skunk closely resembles the wolverine. The body is stout and stands low; the eyes are small, and the ears are short and rounded. A narrow white mesial line runs from the tip of the nose to the occiput, where it broadens into a wide white mark. It then narrows again and continues until it passes the shoulders, where it forks, with the branches running along the sides and becoming much broader as they recede from each other. The branches approach posteriorly and unite on the rump, becoming narrower at the same time. In some specimens, the white stripes do not unite behind but disappear on the flanks. The black dorsal space enclosed by the stripes is egg-shaped, with the narrow end toward the shoulders. The sides of the head and all the under parts are black. The hair on the body is long. The tail is covered with very long hairs and generally has two broad longitudinal white stripes above on a black ground. Sometimes, the black and white colors of the tail are regularly mixed. Its underside is black. The claws on the forefeet are very strong and long, adapted for digging, and are very different from those of martens. The jaws contain eighteen molar teeth, with the upper mandibular grinder being remarkably large.

Regarding the habits of the skunk, which is notorious for the nauseating smell emitted from its glands, the same distinguished naturalist writes: ""It exists in rocky and wooded parts of the country but is more common in the clumps of woods that border the sandy plains of Saskatchewan. I have not been able to determine the southern range of this skunk variety from Hudson's Bay; and, judging from Kahn's description, there appears to be a different one in Canada. The skunk spends its winter in a hole, seldom venturing out, and only for short distances. It preys on mice and has been observed to feed heavily on frogs during summer. It has a slow gait and can be easily overtaken, as it makes little effort to escape, relying instead on its ability to disarm pursuers with a foul-smelling fluid. This fluid, which is deep yellow, is contained in a small sac at the base of the tail and emits one of the most potent stenches in nature, lasting for many days. Mr. Graham states that he knew several Indians who lost their eyesight due to inflammation caused by this fluid being thrown into their eyes by the animal, which can eject it up to over four feet. I have seen a dead skunk thrown over the stockades of a trading port, causing instant nausea in several women, even from a house with closed doors over a hundred yards away. The odor resembles garlic but is much more unpleasant. However, one can become accustomed to it; despite the initial disgust, I have managed to skin a few recent specimens by taking breaks during the task. Care must be taken not to soil the carcass with any of the fluid."
Galictis vittata,"THE GRISON ((Galictis vittata)-The members of the genus Galictis originally established by Mr. Bell, are characterized by the possession of eighteen moiar teeth, of which ten are spurious, four of them belonging to the upper series and six to the lower. The body is much elongated, terminating in sub-plantigrade penta dactylous feet, their palms and soles being naked. The tail is of moderate length. In the species under con sideration ""the colours are very remarkable, and the markings distinct and decided (fig. 23). The whole of the upper part of the head, the neck, the back, the flank, and the tail, are yellowish-light or brownish-grey, pro duced by the mixture of a dirty yellowish-white with brownish-black for about two-thirds of their length ; the tip, dirty or yellowish-white. The muzzle, the cheeks, the throat, the under part of the neck, the belly, the anterior legs, and the hinder feet, are black, with a brownish tinge lighter towards the back part, and on the belly interspersed with a few whitish hairs. The grey of the upper, and the black of the under parts, are separated by a rather broad fascia (or band), extending on each side from the centre of the forehead above the eye, backwards as far as the shoulder, including the ears; this fascia is of a buff or yellowish white colour."" Respecting its habits, Mr. Bell also records the following interesting particulars. In his "" History of British Quadrupeds,"" he says :-' A tame grison (Galictis vittata) which I possessed for several years, was very fond of frogs, but these were not the only reptiles which were obnoxious to its voracity. On one occasion, in the winter, [ had placed it in its cage, in a room with a fire, where I had also two young",28264300,2,,Internet Archive,museumofnaturalh21869rich,Smithsonian Libraries and Archives,English,,Public domain. The BHL considers that this work is no longer under copyright protection.,"The grison (Galictis vittata) is characterized by the possession of eighteen molar teeth, of which ten are spurious—four in the upper jaw and six in the lower. The body is elongated, ending in sub-plantigrade, pentadactyl feet with naked palms and soles. The tail is of moderate length. The coloration and markings are very distinctive. The upper part of the head, the neck, the back, the flanks, and the tail are yellowish-light or brownish-grey, produced by a mixture of dirty yellowish-white and brownish-black for about two-thirds of their length; the tip is dirty or yellowish-white. The muzzle, cheeks, throat, underside of the neck, belly, front legs, and hind feet are black, with a brownish tinge that lightens towards the back, and the belly is interspersed with a few whitish hairs. The grey of the upper parts and the black of the under parts are separated by a broad band extending from the center of the forehead above the eye, backward to the shoulder, including the ears; this band is of a buff or yellowish-white color.

Regarding its habits, Mr. Bell also records some interesting details. In his ""History of British Quadrupeds,"" he mentions that a tame grison (Galictis vittata) he possessed for several years was very fond of frogs, but these were not the only reptiles it preyed upon. On one occasion, in winter, he placed it in its cage in a room with a fire, where he also kept two young..."
Galictis vittata,"eggs, which she ate in a very singular manner. On one being given her, she first played with it for some time, running backwards and at the same time pushing it under her belly with her fore-feet. At length she would fix one of her sharp canine teeth through the shell, and lick or suck as much of the contents as would flow through the orifice. Then, again inserting her tooth, a piece of the shell was broken out so as to enable her to insert her tongue; and, finally, the egg shell was broken to pieces and each fragment carefully licked clean."" The grison is an inhabitant of the northern regions of Brazil, the specimens hitherto seen in this country having been brought from Guiana and Paraguay. A brief, but very accurate description of a fine example captured by Mr. Edmonston at Demerara, is described by Dr. Traill in the third volume of the Wernerian Society's Transactions. It measured nearly three feet in length, including the tail which gave nine inches. In the list of Mustelide preserved in the British Museum, this species is denominated Grissonia vittata.",28264301,2,,Internet Archive,museumofnaturalh21869rich,Smithsonian Libraries and Archives,English,,Public domain. The BHL considers that this work is no longer under copyright protection.,"Eggs, which she ate in a very peculiar manner. When given one, she first played with it for some time, running backward and pushing it under her belly with her forefeet. Eventually, she would fix one of her sharp canine teeth through the shell and lick or suck as much of the contents as could flow through the opening. Then, by inserting her tooth again, she broke a piece of the shell to insert her tongue. Finally, she broke the shell into pieces and carefully licked each fragment clean. The grison inhabits the northern regions of Brazil, with specimens previously seen in this country having been brought from Guiana and Paraguay. A brief but accurate description of a fine example captured by Mr. Edmonston at Demerara is provided by Dr. Traill in the third volume of the Wernerian Society's Transactions. It measured nearly three feet in length, including the tail, which was nine inches long. In the list of Mustelidae preserved in the British Museum, this species is called Grissonia vittata."
Lonchophylla robusta,"8 Occasional Papers, Museum of Texas Tech University cisco, 1 (ASK7781/QCAZ 8614). NAPO PROVINCE: 4.1 km N, 1.1 km E Archidona, Cueva de Michelle, 6 (ASK 7699/QCAZ 8532, ASK 7704/QCAZ 8537, ASK 7705/ASNHC 14038, ASK 7706/QCAZ 8539, ASK 7708/ASNHC 14039, ASK 7710/QCAZ 8543). ZAMORA CHINCHIPE PROVINCE: 2.8 km S, 0.6 km W Zamora, Bombuscaro Valley, Cabinas Copal inga, 1 (ASK 7766/ASNHC 14041). (9$).-AZUAY PROVINCE: 1.6 km S, 2.5 km W San Pedro, Rio San Francisco, 2 (ASK 7783/ASNHC 14042, ASK 7784/ ASNHC 14043). NAPO PROVINCE: 4.1 km N, 1.1 km E Archidona, Cueva de Michelle, 7 (ASK 7698/ QCAZ 8531, ASK 7700/ASNHC 14036, ASK 7701/ QCAZ 8534, ASK 7702/QCAZ 8535, ASK 7703/ ASNHC 14037, ASK 7707/QCAZ 8540, ASK 7709/ ASNHC 14040). Remarks. -A colony of approximately 50-100 vampire bats were found roosting in Cueva de Michelle, near the popular tourist site of Cueva de Jumandi. In Zamora Chinchipe province, a single male was cap¬ tured from a mist net along a river. In Azuay Province, three vampire bats were captured near a bridge along a small creek leading to the San Francisco River. Us¬ ing mitochondrial cytochrome-/) gene sequences from D. rotundus across Ecuador-including specimens from east and west of the Andes collected during this expedition-Pinto (2009) identified distinct mitochon¬ drial lineages corresponding to clades east and west of the Andes Mountains. Subfamily Lonchorhininae Lonchorhina aurita Tomes 1863 Specimens collected (3$).-MORONA SAN¬ TIAGO PROVINCE: 2.0 km S Charupe, Cueva de los Tayos on the Rio Pastaza, 3 (ASK 7734/QCAZ 8567, ASK 7736/ASNHC 14044, ASK 7738/QCAZ 8571). Remarks. -These bats were captured by hand from a large cave known to house a small colony of oilbirds (Steatornis caripensis). Lonchophylla robusta were also found roosting in this cave. This species is known from the tropical forests along the slopes of the Andes (Albuja 1999) at elevations of 50 to 1,600 m (Tirira 2007). Our L. aurita specimens from eastern Ecuador are ~3% different from conspecifics from Mexico as presented in Hoffmann et al. (2008). Subfamily Phyllostominae Tribe Phyllostomini Mimon crenulatum (E. Geoffroyi 1803) Specimens collected (1$)--NAPO PROVINCE: 0.16 km N, 0.1 km W Jatun Sacha Biological Station Headquarters, 1 (ASK 7674/QCAZ 8507). Remarks. -This individual was captured using mist nets in a disturbed clearing along a forest. Few sequences were available on GenBank for comparison; however, when compared with an individual from the Caribbean island of Trinidad included in Hoffmann et al. (2008), this individual from eastern Ecuador was 6% different, indicating that there is unrecognized diversity, perhaps distributed as phylogroups, within this genus. Phyllostomus hastatus (Pallas 1767) Specimens collected (lc?).-NAPO PROV¬ INCE: 0.16 km N, 0.1 km W Jatun Sacha Biological Station Headquarters, 1 (ASK 7679/QCAZ 8512). (2$).-ORELLANA PROVINCE: Coca, at intersec¬ tion of the streets Quito and Espejo, 2 (ASK 7656/ QCAZ 8489, ASK 7657/ASNHC 14045). Remarks.-Phyllostomus hastatus is widespread throughout Ecuador at elevations <1,200 m (Tirira 2007) . We observed this species utilizing a wide va¬ riety of urban roosts including the junctures between buildings, bridges, a hollowed out utility pole, church bell towers, and in houses with open-air windows and exposed rafters. Cytochrome-/? sequences were not available for this species on GenBank for comparison and thus these specimens were identified only using morphological characteristics (Williams and Genoways 2008) . These three individuals were identified based on forearm measurements ranging from 86-87 mm. Tonatia saurophila Koopman and Williams 1951 Specimens collected (lc?)--ESMERALDAS PROVINCE: Bilsa Biological Station, Piscinas Trail at first river crossing, 1 (ASK 7794/QCAZ 8627). Remarks. -Only two species of Tonatia are currently recognized (Simmons 2005). Tonatia sau-",57726921,301,2011.0,Internet Archive,molecularverifi301mcdo,Museum of Texas Tech University,English,http://biodiversitylibrary.org/permissions,In copyright. Digitized with the permission of the rights holder.,"8 Occasional Papers, Museum of Texas Tech University cisco, 1 (ASK7781/QCAZ 8614). Napo Province: 4.1 km north, 1.1 km east of Archidona, Cueva de Michelle, 6 (ASK 7699/QCAZ 8532, ASK 7704/QCAZ 8537, ASK 7705/ASNHC 14038, ASK 7706/QCAZ 8539, ASK 7708/ASNHC 14039, ASK 7710/QCAZ 8543). Zamora Chinchipe Province: 2.8 km south, 0.6 km west of Zamora, Bombuscaro Valley, Cabinas Copalinga, 1 (ASK 7766/ASNHC 14041). Azuay Province: 1.6 km south, 2.5 km west of San Pedro, Rio San Francisco, 2 (ASK 7783/ASNHC 14042, ASK 7784/ASNHC 14043). Napo Province: 4.1 km north, 1.1 km east of Archidona, Cueva de Michelle, 7 (ASK 7698/QCAZ 8531, ASK 7700/ASNHC 14036, ASK 7701/QCAZ 8534, ASK 7702/QCAZ 8535, ASK 7703/ASNHC 14037, ASK 7707/QCAZ 8540, ASK 7709/ASNHC 14040). 

Remarks: A colony of approximately 50-100 vampire bats was found roosting in Cueva de Michelle, near the popular tourist site of Cueva de Jumandi. In Zamora Chinchipe Province, a single male was captured from a mist net along a river. In Azuay Province, three vampire bats were captured near a bridge along a small creek leading to the San Francisco River. Using mitochondrial cytochrome c gene sequences from D. rotundus across Ecuador—including specimens from east and west of the Andes collected during this expedition—Pinto (2009) identified distinct mitochondrial lineages corresponding to clades east and west of the Andes Mountains.

Subfamily Lonchorhininae  
Lonchorhina aurita Tomes, 1863  
Specimens collected: 3 (ASK 7734/QCAZ 8567, ASK 7736/ASNHC 14044, ASK 7738/QCAZ 8571).  

Remarks: These bats were captured by hand from a large cave known to house a small colony of oilbirds (Steatornis caripensis). Lonchophylla robusta was also found roosting in this cave. This species is known from the tropical forests along the slopes of the Andes (Albuja, 1999) at elevations of 50 to 1,600 meters (Tirira, 2007). Our L. aurita specimens from eastern Ecuador are approximately 3% different from conspecifics from Mexico, as presented in Hoffmann et al. (2008).

Subfamily Phyllostominae  
Tribe Phyllostomini  
Mimon crenulatum (E. Geoffroy, 1803)  
Specimens collected: 1 (ASK 7674/QCAZ 8507).  

Remarks: This individual was captured using mist nets in a disturbed clearing along a forest. Few sequences were available on GenBank for comparison; however, when compared with an individual from Trinidad included in Hoffmann et al. (2008), this individual from eastern Ecuador was 6% different, indicating unrecognized diversity, possibly distributed as phylogroups within this genus.

Phyllostomus hastatus (Pallas, 1767)  
Specimens collected: 1 (ASK 7679/QCAZ 8512).  
Additional specimens: 2 from Orellana Province, Coca, at the intersection of Quito and Espejo streets (ASK 7656/QCAZ 8489, ASK 7657/ASNHC 14045).  

Remarks: Phyllostomus hastatus is widespread throughout Ecuador at elevations below 1,200 meters (Tirira, 2007). We observed this species utilizing a variety of urban roosts, including junctions between buildings, bridges, hollowed-out utility poles, church bell towers, and houses with open-air windows and exposed rafters. Cytochrome c sequences were not available on GenBank for comparison; therefore, these specimens were identified solely based on morphological characteristics (Williams and Genoways, 2008). These three individuals had forearm measurements ranging from 86 to 87 mm.

Tonatia saurophila Koopman and Williams, 1951  
Specimens collected: 1 (ASK 7794/QCAZ 8627).  

Remarks: Only two species of Tonatia are currently recognized (Simmons, 2005)."
Phyllostomus discolor,"deciduous forests, banana groves and abandoned houses (Baker and Jones 1975; Dolan and Carter 1979; Webster and Jones 1983; Reid 2009) or near bodies of water (Da vis and Carter 1964). However, the habitats of the species now include areas above bodies of water or dry pathways of water, under fig trees (Ficus: Moraceae) and mango trees (Mangifera: Anacardiaceae), and in pine forests where Pinus oocarpa and P. maximinoi are abundant. From February 2015 to September 2019, between 18:10 h and 03:25 h we captured individuals of A. inopinatus with following species: Phyllostomus discolor, Lon chorhina aurita, Micronycteris microtis, Artibeus jamai censis, A. lituratus, Carollia perspicillata, C. subrufa, C. castanea, C. sowelli, Dermanura phaeotis, D. watsoni, D. tolteca, Chiroderma salvini, C. villosum, Diphylla ecau data, Desmodus rotundus, Centurio senex, Glossophaga soricina, Choeroniscus godmani, Enchisthenes hartii, Sturnira parvidens, S. hondurensis, Platyrrhinus helleri, Mormoops megalophylla, Pteronotus fulvus, P. gymnon otus, P. mesoamericanus, Eptesicus furinalis, E. fuscus, Rhogeessa bickhami and Molossus alvarezi. Previously, A. inopinatus was captured only with Balantiopteryx pli cata and Myotis albescens (Webster and Jones 1983).",64735743,4,2020.0,Virtual Item,vi210912v4no1202020250518015719,Pensoft Publishers,English,https://biodiversitylibrary.org/permissions,In copyright. Digitized with the permission of the rights holder.,"Deciduous forests, banana groves, and abandoned houses, or areas near bodies of water. However, the habitats of the species now include areas above bodies of water or dry pathways of water, under fig trees (Ficus: Moraceae) and mango trees (Mangifera: Anacardiaceae), and in pine forests where Pinus oocarpa and P. maximinoi are abundant. From February 2015 to September 2019, between 18:10 and 03:25 hours, we captured individuals of A. inopinatus along with the following species: Phyllostomus discolor, Lonchorhina aurita, Micronycteris microtis, Artibeus jamaicensis, A. lituratus, Carollia perspicillata, C. subrufa, C. castanea, C. sowelli, Dermanura phaeotis, D. watsoni, D. tolteca, Chiroderma salvini, C. villosum, Diphylla ecau data, Desmodus rotundus, Centurio senex, Glossophaga soricina, Choeroniscus godmani, Enchisthenes hartii, Sturnira parvidens, S. hondurensis, Platyrrhinus helleri, Mormoops megalophylla, Pteronotus fulvus, P. gymnonotus, P. mesoamericanus, Eptesicus furinalis, E. fuscus, Rhogeessa bickhami, and Molossus alvarezi. Previously, A. inopinatus was captured only with Balantiopteryx plicata and Myotis albescens."
Phyllostomus discolor,"Phyllostomus discolor Wagner-Tuttle con sidered the previous record of this species er roneous, but Gardner (1976) recorded it from Loreto and Huanuco. The American Museum has two specimens from MHudnuco (Rio Llullapichis, 250 m., AMNH 233223-24) and the Field Museum has specimens from Madre de Dios (Itahuana) in the Amazonian basin and from Piura (Salitral) on the Pacific side. The record from Tingo Maria (ca. 700 m.) is proba bly the highest for Peru.",63101391,2651,1978.0,Internet Archive,zoogeographyper2651koop,American Museum of Natural History Library,English,http://biodiversitylibrary.org/permissions,In copyright. Digitized with the permission of the rights holder.,"Phyllostomus discolor Wagner-Tuttle considered the previous record of this species erroneous, but Gardner (1976) recorded it from Loreto and Huánuco. The American Museum has two specimens from Huánuco (Rio Llullapichis, 250 m, AMNH 233223-24), and the Field Museum has specimens from Madre de Dios (Itahuana) in the Amazon basin and from Piura (Salitral) on the Pacific side. The record from Tingo María (approximately 700 m) is probably the highest for Peru."
Phyllostomus discolor,"of R. pumilio were conserved in the chromosome complements of Glossophaga soricina Pallas, 1766, Phyl lostomus hastatus Pallas, 1767, Phyllostomus discolor Wagner, 1843 and Mimon crenulatum Geoffroy, 1801, with a single chromosomal pair unique to R. pumilio (pair 15). However, two chromosomes of M. crenu latum are polymorphic for two independent pericentric inversions. The karyotype with 2n=34, NF=62 is probably the ancestral one for the other karyotypes described for R. pumilio.",64244982,6,2012.0,Virtual Item,vi210879v6no2201220250316012403,Pensoft Publishers,English,https://biodiversitylibrary.org/permissions,In copyright. Digitized with the permission of the rights holder.,"The chromosomes of R. pumilio were conserved in the chromosome complements of Glossophaga soricina Pallas, 1766; Phyllostomus hastatus Pallas, 1767; Phyllostomus discolor Wagner, 1843; and Mimon crenulatum Geoffroy, 1801, with a single chromosomal pair unique to R. pumilio (pair 15). However, two chromosomes of Mimon crenulatum are polymorphic for two independent pericentric inversions. The karyotype with 2n=34 and NF=62 is probably the ancestral one for the other karyotypes described for R. pumilio."
Phyllostomus discolor,"138 SPECIAL PUBLICATIONS MUSEUM TEXAS TECH UNIVERSITY Table 3. -Occurrence of protozoan diseases in phyliostomatids. Protozoa Disease Host species Country Trypanosoma Trypanosomiasis Carollia perspicillata Colombia Phyllostomus discolor Colombia Phyllostomus hastatus Colombia Desmodus rotundas Colombia, Mexico Glossophaga soricina Colombia Artibeus lituratus Colombia Toxoplasma Toxoplasmosis Artibeus lituratus Colombia Bats are important in space biology for studies dealing with a wide array of tolerances of environmental extremes and stresses. They also are useful in numerous investigations of aerodynamics and related topics. Studies in bat echolocation are useful for many purposes, as documented in some detail by Griffin (1958). Some interesting and sophisticated studies of ultrasonic orientation in bats have been conducted in recent years. For some ex Table 4. Occurrence of v iruses in phyliostomatids. Virus Host species Country Eastern equine Group A Arboviruses A rt ib e us jama ice nsis Brazil encephalitis Venezuelan equine Carollia perspicillata Colombia encephalitis Artibeus lituratus Panama Mucambo Carollia perspicillata Brazil Artib eus jama ice nsis Brazil Saint Louis Group B Arboviruses Rhinopbylla pumilio Brazil encephalitis Yellow fever Glossophaga soricina Brazil Carapara Miscellaneous Arboviruses Artibeus lituratus Brazil Jurona Artibeus lituratus Brazil Artib eus ja m a ice ns is Brazil Carollia perspicillata Brazil Utinga Artibeus lituratus Brazil Tacaribe Artibeus lituratus Trinidad Artibeus jama ice ns is Trinidad Catu Artibeus fulginosus Brazil Artibeus lituratus Brazil Artibeus jama ice n si s Brazil Itaporanga Artibeus lituratus Brazil Artibeus ja ma ice nsis Brazil Phyllostomus hastatus Brazil Vampyrops helieri Brazil Tacaiuma Artib e us ja m a teens is Brazil",55008900,10,1976.0,Internet Archive,biologybatsneww10bake,Museum of Texas Tech University,English,http://biodiversitylibrary.org/permissions,In copyright. Digitized with the permission of the rights holder.,"Here is the cleaned and corrected version of your text:

---

**138 SPECIAL PUBLICATIONS**  
**MUSEUM TEXAS TECH UNIVERSITY**

**Table 3. Occurrence of protozoan diseases in Phyllostomatids.**  
Protozoa | Disease | Host species | Country  
---|---|---|---  
*Trypanosoma* | Trypanosomiasis | Carollia perspicillata | Colombia  
| | Phyllostomus discolor | Colombia  
| | Phyllostomus hastatus | Colombia  
| | Desmodus rotundus | Colombia, Mexico  
| | Glossophaga soricina | Colombia  
| | Artibeus lituratus | Colombia  
*Toxoplasma* | Toxoplasmosis | Artibeus lituratus | Colombia  

Bats are important in space biology for studies dealing with a wide array of tolerances to environmental extremes and stresses. They are also useful in numerous investigations of aerodynamics and related topics. Studies in bat echolocation are valuable for many purposes, as documented in detail by Griffin (1958). Recent years have seen interesting and sophisticated studies of ultrasonic orientation in bats.

**Table 4. Occurrence of viruses in Phyllostomatids.**  
Virus | Host species | Country  
---|---|---  
*Eastern equine encephalitis* | Carollia perspicillata | Colombia  
| | Artibeus lituratus | Panama  
*Group A Arboviruses* | |  
*Venezuelan equine encephalitis* | Carollia perspicillata | Colombia  
| | Artibeus lituratus | Brazil  
*Mucambo* | Carollia perspicillata | Brazil  
*Group B Arboviruses* | |  
*Rhinopterylla pumilio* | Brazil  
*Yellow fever* | Glossophaga soricina | Brazil  
*Miscellaneous Arboviruses* | |  
*Artibeus lituratus* | Brazil  
*Jurona* | Artibeus lituratus | Brazil  
*Artibeus jamaicensis* | Brazil  
*Caripia* | Artibeus jamaicensis | Brazil  
*Utinga* | Artibeus lituratus | Brazil  
*Tacaribe* | Artibeus lituratus | Trinidad  
*Artibeus jamaicensis* | Trinidad  
*Catu* | Artibeus fulginosus | Brazil  
*Artibeus lituratus* | Brazil  
*Artibeus jamaicensis* | Brazil  
*Itaporanga* | Artibeus lituratus | Brazil  
*Artibeus jamaicensis* | Brazil  
*Phyllostomus hastatus* | Brazil  
*Vampyrops heleri* | Brazil  
*Tacaiuma* | Artibeus jamaicensis | Brazil

---

Let me know if you'd like any further adjustments!"
Phyllostomus discolor,"BIOLOGY OF THE PHYLLOSTOMATIDAE 137 Table 2. Occurrence of mycotic diseases in phyllostonmtids. Fungus Disease Host species Country Histoplasma Histoplasmosis Leptonycteris sanhorni United States Desmodus rotundas Mexico, Panama, Colombia, Trinidad Phyllostomus discolor El Salvador, Panama Artibeus jamaicensis El Salvador, Panama Carollia perspicillata Panama, Colombia, Trinidad Glossophaga soricina Panama, Colombia. Trinidad Lonchophylla robusta Panama Lonchorhina aurita Panama Micronycteris megalot is Panama Tonalia bideas Panama Phyllostomus hast at us Trinidad A no lira geoffroyi Trinidad Blastomyces Blastomycosis Artibeus lituratus Colombia Scopulariopsis Scopulariopsosis Glossophaga soricina Mexico Carollia perspicillata Mexico Artibeus lituratus Mexico Desmodus rotundas Mexico Cryptococcus Cryptococcosis Carollia perspicillata Colombia Desmodus rotundas Colombia Leptonycteris sanborni United States Candida Candidiasis Carollia perspicillata Colombia Desmodus rotundas Colombia Leptonycteris sanborni United States Toridopsis Torulopsosis Leptonycteris sanborni United States Trichophyton, Superficial Glossophaga soricina Colombia Microsporum , mycoses Trichosporon Denver Wildlife Research Center of the United States Fish and Wildlife Service. The attempt to reduce rabies in cattle by the control of vampire bats is a complex and sometimes controversial issue. For additional information, consult the reports by Constantine (1970), Schmidt et al. (1970), Rosenthal (1972), Yosti et al. (1971). Mendez (1971), Greenhall (1971, 1972), Tamsitt and Valdivieso (1970), Thompson et at. (1972), and Turner (1975). Bats are extremely useful to man as objects of research. Some indications of the increasing awareness of this importance are implicit in the introductory remarks with regard to the proliferation of literature on these mammals in recent years. Bats are used in several aspects of medical research, especially vaccine de¬ velopment, epidemiological studies, mechanisms of disease resistance, aging, and thermoregulation. Transillumination of bat wings is a convenient way to make gross and microscopic observations of natural and experimental physiologi¬ cal phenomena, as well as for pathological studies and culturing of organisms in animal tissues.",55008899,10,1976.0,Internet Archive,biologybatsneww10bake,Museum of Texas Tech University,English,http://biodiversitylibrary.org/permissions,In copyright. Digitized with the permission of the rights holder.,"BIOLOGY OF THE PHYLLOSTOMATIDAE

Table 2. Occurrence of mycotic diseases in phyllostomids.

Fungus Disease | Host species | Country
---|---|---
Histoplasma Histoplasmosis | Leptonycteris sanborni | United States
| Desmodus rotundus | Mexico, Panama, Colombia, Trinidad
| Phyllostomus discolor | El Salvador, Panama
| Artibeus jamaicensis | El Salvador, Panama
| Carollia perspicillata | Panama, Colombia, Trinidad
| Glossophaga soricina | Panama, Colombia, Trinidad
| Lonchophylla robusta | Panama
| Lonchorhina aurita | Panama
| Micronycteris megalotis | Panama
| Tonatia bidas | Panama
| Phyllostomus hastatus | Trinidad
| Anolira geoffroyi | Trinidad

Blastomyces Blastomycosis | Artibeus lituratus | Colombia

Scopulariopsis Scopulariopsosis | Glossophaga soricina | Mexico
| Carollia perspicillata | Mexico
| Artibeus lituratus | Mexico
| Desmodus rotundus | Mexico

Cryptococcus Cryptococcosis | Carollia perspicillata | Colombia
| Desmodus rotundus | Colombia
| Leptonycteris sanborni | United States

Candida Candidiasis | Carollia perspicillata | Colombia
| Desmodus rotundus | Colombia
| Leptonycteris sanborni | United States

Toridopsis Torulopsosis | Leptonycteris sanborni | United States

Trichophyton, Superficial | Glossophaga soricina | Colombia

Microsporum, mycoses | Trichosporon | Denver Wildlife Research Center of the United States Fish and Wildlife Service.

The attempt to reduce rabies in cattle by controlling vampire bats is a complex and sometimes controversial issue. For additional information, consult the reports by Constantine (1970), Schmidt et al. (1970), Rosenthal (1972), Yosti et al. (1971), Mendez (1971), Greenhall (1971, 1972), Tamsitt and Valdivieso (1970), Thompson et al. (1972), and Turner (1975).

Bats are extremely useful to humans as objects of research. Some indications of the increasing awareness of this importance are implicit in the introductory remarks regarding the proliferation of literature on these mammals in recent years. Bats are used in several aspects of medical research, especially vaccine development, epidemiological studies, mechanisms of disease resistance, aging, and thermoregulation. Transillumination of bat wings is a convenient method for making gross and microscopic observations of natural and experimental physiological phenomena, as well as for pathological studies and culturing organisms in animal tissues."
Jacana spinosa,"29. Hematopus frazari. FraAzar's OysTeR-cATCHER.Birds that I took to be of this species were fairly common on the beaches of the main land near San Blas, and also on White Rock and Isabella Island. A single specimen shot on White Rock before the loss of my gun, corresponds very closely to H. palliatus, but not sufficiently so to refer it to that species. Birds collected by the Biological Survey Expedition of 1897 (see North America Fauna No. 14, Natural History of the Tres Marias Islands, Mex.), both on the mainland and at Tres Marias Islands, were recorded as H. palliatus, and possibly those I saw on the mainland were this species.",16018908,23,1906.0,Internet Archive,auk231906amer,Smithsonian Libraries and Archives,English,,Public domain. The BHL considers that this work is no longer under copyright protection.,"29. Hematopus frazari. FraZari's Oyster-catcher. Birds that I took to be of this species were fairly common on the beaches of the mainland near San Blas, as well as on White Rock and Isabella Island. A single specimen shot on White Rock before the loss of my gun closely resembles H. palliatus but not sufficiently to identify it as that species. Birds collected by the Biological Survey Expedition of 1897, both on the mainland and at the Tres Marias Islands, were recorded as H. palliatus. It is possible that the birds I saw on the mainland were this species."
Jacana spinosa,"The American Three-toed Woodpecker (Picotdes americanus) was shot on Wells Hill, Toronto, November 16, 1901. It was seen in the company of another, probably its mate. The bird is a male, and is now in my col lection. This is the first recorded specimen from Toronto, and a most unexpected occurrence so far away from the Muskoka District, into which it comes occasionally in the winter from further north, but, unlike Picoides arcticus, which has been recorded a number of times from the vicinity of Toronto, it does not seem ever to leave the shelter of the forest, and once suited will stay all winter within a very limited area, in isolated pairs. -J]. H. FLEMING, Toronto, Can.",15932458,19,1902.0,Internet Archive,auk191902amer,Smithsonian Libraries and Archives,English,,Public domain. The BHL considers that this work is no longer under copyright protection.,"The American Three-toed Woodpecker (Picodes americanus) was shot on Wells Hill, Toronto, November 16, 1901. It was seen in the company of another, probably its mate. The bird is a male and is now in my collection. This is the first recorded specimen from Toronto and a most unexpected occurrence so far from the Muskoka District, into which it occasionally comes in the winter from further north. Unlike Picoides arcticus, which has been recorded several times from the vicinity of Toronto, it does not seem to leave the shelter of the forest. Once suited, it stays all winter within a very limited area, in isolated pairs. -J. H. Fleming, Toronto, Canada"
Jacana spinosa,"Occurrence of the Barn Owl in Canada. -In the Bryant Collection in the Museum of Comparative Zodlogy there is an American Barn Owl (Strix pratincola) taken by Mr. Louis Cabot at Long Point, Ontario, in early November, 1899. The specimen (No. 1482) was secured for the collection by Mr. H. B. Bigelow. -REGINALD HEBER Howk, Jr., Long wood, Mass.",15932458,19,1902.0,Internet Archive,auk191902amer,Smithsonian Libraries and Archives,English,,Public domain. The BHL considers that this work is no longer under copyright protection.,"Occurrence of the Barn Owl in Canada. In the Bryant Collection at the Museum of Comparative Zoology, there is an American Barn Owl (Strix pratincola) collected by Mr. Louis Cabot at Long Point, Ontario, in early November 1899. The specimen (No. 1482) was acquired for the collection by Mr. H. B. Bigelow.  
—Reginald Heber Howk, Jr., Longwood, Mass."
Jacana spinosa,"with brownish black and purplish gray. Hab. Pacific coast of North America, from Lower California north to the Aleutian Islands and across to the Kurils.... 287. H. bachmani Aup. Black Oyster-catcher. b. Length 18.00-20.00, wing 10.25-10.80, culmen 2.82-3.00, greatest depth of bill anterior to nostril .60, tarsus 2.10-2.20, middle toe 1.70-1.75. Hab.",12196628,,1896.0,Internet Archive,manualofnortha00ridg,American Museum of Natural History Library,English,https://www.biodiversitylibrary.org/permissions/,NOT_IN_COPYRIGHT,"With brownish-black and purplish-gray coloration. Habitat: Pacific coast of North America, from Lower California north to the Aleutian Islands and across to the Kurils. 

H. bachmani Aup. Black Oyster-catcher.  
Length: 18.00–20.00 inches  
Wing: 10.25–10.80 inches  
Culmen: 2.82–3.00 inches  
Greatest depth of bill anterior to nostril: 0.60 inches  
Tarsus: 2.10–2.20 inches  
Middle toe: 1.70–1.75 inches"
Jacana spinosa,"enormous yolk sacs that sustain them during the process. Male Sooglossus carry their tadpoles on their backs, an adaptation that probably evolved due to the lack of free-standing water in their high mountain forest habitat in the Seychelle Islands, which lie northeast of Madagascar in the Indian Ocean. In A. darlingtoni, gray-to-reddish inch-long frogs that live in tropical forests of west ern Australia, a male carries about ten tadpoles in brood pouches that open on either side of his groin. These pouch es, which are part of the frog's lymphatic system, extend along the side and belly, and bulge as the tadpoles grow into frogs.",64057453,23,1995.0,Internet Archive,zoogoerv24nfriee,Smithsonian Libraries and Archives,English,https://biodiversitylibrary.org/permissions,In copyright. Digitized with the permission of the rights holder.,"Enormous yolk sacs sustain them during the process. Male Sooglossus carry their tadpoles on their backs, an adaptation that probably evolved due to the lack of free-standing water in their high mountain forest habitat in the Seychelles Islands, which lie northeast of Madagascar in the Indian Ocean. In A. darlingtoni, gray-to-reddish, inch-long frogs that live in the tropical forests of western Australia, a male carries about ten tadpoles in brood pouches that open on either side of his groin. These pouches, which are part of the frog's lymphatic system, extend along the side and belly and bulge as the tadpoles grow into frogs."
Jacana spinosa,"Exclusive male care is found in ratites (kiwis, rheas, and oth er flightless species) and some shorebirds that nest on the ground. These birds have young that are precocial, which means that, like ducklings, they are down-covered and able to move freely immediately after hatching. Because precocial young are ready to leave the nest soon after hatching, they require far less care than the young of song birds and other birds that have young that are altricial-naked, blind, and helpless upon hatching.",64057453,23,1995.0,Internet Archive,zoogoerv24nfriee,Smithsonian Libraries and Archives,English,https://biodiversitylibrary.org/permissions,In copyright. Digitized with the permission of the rights holder.,"Exclusive male care is found in ratites (kiwis, rheas, and other flightless species) and some shorebirds that nest on the ground. These birds have young that are precocial, meaning they are down-covered and able to move freely immediately after hatching. Because precocial young are ready to leave the nest soon after hatching, they require far less care than the young of songbirds and other birds with altricial young that are naked, blind, and helpless upon hatching."
Jacana spinosa,"The shorebirds with exclusive male care include jacanas, seven inch birds of tropical wetlands that have long green legs and ex ceptionally long toes, and phalaropes, sandpiper-like birds that breed near ponds in the northern U.S. and Canada. In the northern jacana (Jacana spinosa), a species that lives from Central America to south ern Texas, a female defends a territory where as many as four males build nests on floating plants. She lays up to five eggs in each nest, and the males in cubate them for four weeks and then defend the hatchlings until they can fly. To distract preda tors, males crouch and slap their wings and feet against the ground or floating plants. Fe male jacanas ate: quite.a bit larger than the males and domi nate them completely.",64057453,23,1995.0,Internet Archive,zoogoerv24nfriee,Smithsonian Libraries and Archives,English,https://biodiversitylibrary.org/permissions,In copyright. Digitized with the permission of the rights holder.,"The shorebirds with exclusive male care include jacanas, seven-inch birds of tropical wetlands that have long green legs and exceptionally long toes, and phalaropes, sandpiper-like birds that breed near ponds in the northern U.S. and Canada. In the northern jacana (Jacana spinosa), a species that lives from Central America to southern Texas, a female defends a territory where as many as four males build nests on floating plants. She lays up to five eggs in each nest, and the males incubate them for four weeks and then defend the hatchlings until they can fly. To distract predators, males crouch and slap their wings and feet against the ground or floating plants. Female jacanas are quite a bit larger than the males and dominate them completely."
Jacana spinosa,"This all goes to show us that we can't second-guess parent hood in the animal kingdom. From diligent polychaete fathers to lactating male Dayak fruit bats, we are beginning to understand more about the diverse ways the sexes divide their duties, and with that understanding comes the realization that sometimes fathers prove to be the best moth ers.",64057453,23,1995.0,Internet Archive,zoogoerv24nfriee,Smithsonian Libraries and Archives,English,https://biodiversitylibrary.org/permissions,In copyright. Digitized with the permission of the rights holder.,"This all shows us that we can't second-guess parenthood in the animal kingdom. From diligent polychaete fathers to lactating male Dayak fruit bats, we are beginning to understand more about the diverse ways the sexes divide their duties. With that understanding comes the realization that sometimes fathers prove to be the best mothers."
Jacana spinosa,"We find described as new Amazona leucocephala palmarum (p. 228), Isle of Pines; Vireo gundlachii orientalis (p. 256) Guantanamo, Cuba; and Holoquiscalus caymanensis dispar (p. 276), Isle of Pines,the last being renamed on an erratum insert Q. c. caribeus, dispar proving untenable. The species and subspecies of Holoquiscalus and the races of Jacana spinosa are considered at length and reasons are set forth for the rejection of Podi lymbus podiceps antillarum Bangs and Agelaius subniger Bangs, as well as the races of Squatarola squatarola recently proposed by Thayer and Bangs, and the West Indian races of the Green Heron proposed by Oberholser. As Mr. Todd is confessedly not following the A. O. U. Check-List where the ""latest and best authorities "" differ from it, attention might be called to the fact that by Opinion 62 of the International Commission on Zoological Nomenclature (March, 1914) the genera Herodias and Urubitinga become untenable, being synonyms respectively of Hgretta and Morphnus.",15982799,33,1916.0,Internet Archive,auk331916amer,Smithsonian Libraries and Archives,English,,Public domain. The BHL considers that this work is no longer under copyright protection.,"We describe as new Amazona leucocephala palmarum (p. 228), Isle of Pines; Vireo gundlachii orientalis (p. 256), Guantanamo, Cuba; and Holoquiscalus caymanensis dispar (p. 276), Isle of Pines. The last was renamed in an erratum as Q. c. caribeus, but dispar proved untenable. The species and subspecies of Holoquiscalus and the races of Jacana spinosa are considered at length, and reasons are provided for rejecting Podilymbus podiceps antillarum Bangs, Agelaius subniger Bangs, as well as the races of Squatarola squatarola recently proposed by Thayer and Bangs, and the West Indian races of the Green Heron proposed by Oberholser. Since Mr. Todd admits he is not strictly following the A. O. U. Check-List where the ""latest and best authorities"" differ from it, it is worth noting that, according to Opinion 62 of the International Commission on Zoological Nomenclature (March 1914), the genera Herodias and Urubitinga are considered untenable, being synonyms of Hgretta and Morphnus, respectively."
Jacana spinosa,"XIV, 1 Shufeldt: Osteology of Porphyrio 101 two toes, though thin and flattened, they are no wider than the joint next behind them in the case of either toe; this is also characteristic of the American grebes. NOTE ON THE SKELETON OF HYDROPHASIANUS CHIRURGUS (SCOPOLI) Hydrophasiamis possesses no special osteological characters not found in any typical jacana; as, for example, in Jacana spinosa (Linngeus), the Mexican jacana. This is what we would look for, in as much as it is but a good average representative of the Jacanidse of the world's avifauna. Its skull is to some considerable extent pneumatic, including the mandible, while no other part of the skeleton enjoys that condition. There is an unusual resemblance in its skull to some of the sandpipers, and, to a slighter degree, this is likewise to be observed in the remainder of the skeleton; though this does not apply, to be sure, to the greatly lengthened digits of pes. The sternum is somewhat narrow and elongate, being pro foundly once-notched on either side, which gives rise to long, slender xiphoidal processes, and a rather broadish midxiphoidal part with slightly projecting outer angles. As the skeleton of this species has probably not been heretofore flgured and certainly not from a photograph made direct from the dried skeleton I am here giving such a plate, which I per sonally prepared from the skeleton forwarded me by Mr. Richard C. McGregor, and which now forms a part of the collection of bird skeletons in the United States National Museum.",51388936,,,Internet Archive,philippinejourn141919phil,Smithsonian Libraries and Archives,English,,Not in copyright. The BHL knows of no copyright restrictions on this item.,"XIV, 1 Shufeldt: Osteology of Porphyrio. Two toes, though thin and flattened, are no wider than the joint behind them in either toe; this is also characteristic of the American grebes. 

Note on the skeleton of Hydrophasianus chirurgus (Scopoli): Hydrophasianus possesses no special osteological characters not found in any typical jacana, such as Jacana spinosa (Linnaeus), the Mexican jacana. It is a good average representative of the Jacanidae of the world's avifauna. Its skull is to some extent pneumatic, including the mandible, while no other part of the skeleton exhibits this condition. There is an unusual resemblance in its skull to some sandpipers, and to a lesser degree, this is also observable in the rest of the skeleton; however, this does not apply to the greatly lengthened digits of the pes. 

The sternum is somewhat narrow and elongated, with profound notches on either side, giving rise to long, slender xiphoidal processes. It also has a rather broad midxiphoidal part with slightly projecting outer angles. Since the skeleton of this species has probably not been previously illustrated, and certainly not from a photograph made directly from the dried skeleton, I am providing such an illustration. I personally prepared it from the skeleton forwarded to me by Mr. Richard C. McGregor. This skeleton now forms part of the collection of bird skeletons in the United States National Museum."
Jacana spinosa,"Sexual-selection driven infanticide has been demonstrated in several species of birds. Both male and female House Sparrows (Passer domes ticus) have been observed committing infanticide to increase mating opportunities in a polygynous population (Veiga 1990a, 2004). Infanticide by females of two polyandrous species that demon strate behavioral sex role reversal (male care for eggs and young), Wattled Jacana (Jacana jacana) and Northern Jacana (Jacana spinosa), also supports the sexual selection hypothesis (Stephens 1982, Emlen et al. 1989). Stacey and Edwards (1983) also reported suspected infanticide by an immigrant female in a breeding group of Acorn Woodpeckers (Melanerpes formicivorus), which shared a communal nest; the immigrant female subsequently laid eggs in a different nest cavity. Female Tree Swallows (Tachycineta bicolor) also committed infanticide when replacing missing females at a nest (Chek and Robertson 1991). Infanticide was also observed by replacement male and female House Wrens (Troglodytes aedon) in Panama (Freed 1986).",64747524,126,2014.0,Internet Archive,wilsonjournalorv126wils,"Academy of Natural Sciences of Drexel University, Library and Archives",English,https://biodiversitylibrary.org/permissions,In copyright. Digitized with the permission of the rights holder.,"Sexual-selection driven infanticide has been demonstrated in several species of birds. Both male and female house sparrows (Passer domesticus) have been observed committing infanticide to increase mating opportunities in a polygynous population. Infanticide by females of two polyandrous species that demonstrate behavioral sex role reversal—namely, Wattled Jacana (Jacana jacana) and Northern Jacana (Jacana spinosa)—also supports the sexual selection hypothesis. Stacey and Edwards (1983) reported suspected infanticide by an immigrant female in a breeding group of Acorn Woodpeckers (Melanerpes formicivorus), which shared a communal nest; the immigrant female subsequently laid eggs in a different nest cavity. Female tree swallows (Tachycineta bicolor) also committed infanticide when replacing missing females at a nest. Infanticide was also observed by replacement males and females of house wrens (Troglodytes aedon) in Panama."
Jacana spinosa,"(Acrocephalus arundinaceus) (Bensch and Has selquist 1994, Hansson et al. 1997). The feeding rate by males was lower at nests of secondary females when compared with the primary female for both House Sparrows and Great Reed Warblers (Veiga 1990b, Bensch and Hasselquist 1994). Secondary Great Reed Warbler females received more male assistance and fledged more young when the primary female's nest failed (Bensch and Hasselquist 1994, Bensch 1996). Experimental evidence of destruction of primary females' eggs by secondary females in Great Reed Warblers (Hansson et al. 1997, Trnka et al. 2010) supports the idea of infanticide by secondary females to secure more parental investment.",64747524,126,2014.0,Internet Archive,wilsonjournalorv126wils,"Academy of Natural Sciences of Drexel University, Library and Archives",English,https://biodiversitylibrary.org/permissions,In copyright. Digitized with the permission of the rights holder.,"Acrocephalus arundinaceus (Bensch and Hasselquist 1994, Hansson et al. 1997). The feeding rate by males was lower at nests of secondary females compared to the primary female for both House Sparrows and Great Reed Warblers (Veiga 1990b, Bensch and Hasselquist 1994). Secondary Great Reed Warbler females received more male assistance and fledged more young when the primary female's nest failed (Bensch and Hasselquist 1994, Bensch 1996). Experimental evidence of destruction of primary females' eggs by secondary females in Great Reed Warblers supports the idea of infanticide by secondary females to secure more parental investment."
Jacana spinosa,"Red-winged Blackbirds are common in mead ows at Valley Forge National Historical Park in Pennsylvania. Blackbirds occurred at 86% of survey points in meadows and the estimated density was 6.33 birds per ha in 2011 and 2012 (LDM, unpubl. data). Nests of Red-winged Blackbirds were located as part of a larger study of the nesting ecology of birds in grasslands at Valley Forge.",64747524,126,2014.0,Internet Archive,wilsonjournalorv126wils,"Academy of Natural Sciences of Drexel University, Library and Archives",English,https://biodiversitylibrary.org/permissions,In copyright. Digitized with the permission of the rights holder.,"Red-winged Blackbirds are common in meadows at Valley Forge National Historical Park in Pennsylvania. They were observed at 86% of survey points in meadows, with an estimated density of 6.33 birds per hectare in 2011 and 2012 (LDM, unpubl. data). Nests of Red-winged Blackbirds were located as part of a larger study on the nesting ecology of birds in grasslands at Valley Forge."
Dermanura tolteca,"BIODIVERSIDAD EN ECOSISTEMAS MODIFICADOS POR ACTIVIDADES AGROPECUARIAS Apéndice IV. 6. 5 Lista de murciélagos de cafetales y bosque mesófilo de montaña para el centro de Veracruz Fuente: Hemández-Salazar (2006). Molossidae Molossus rufus (É. Geoffroy St.-Fiilaire, 1805) X Mormoopidae Mormoops megalophylla (Peters, 1864) X X Pteronotus davyi Cray, 1838 X X Pteronotus parnellii (Cray, 1843) X Phyllostomidae Amura geojfroyi Cray, 1838 X Artibeus intermedius . A. Alien, 1897 X Artibeus jamaicensis Eeach, 1821 X X Artibeus lituratus (Olfers, 1818) X Carollia perspicillata (Einnaeus, 1758) X X Carollia sowelli Baker, Solary y tioffmann, 2002 X X Centuria senex Cray, 1 842 X Chiroderma salviniCiohson, 1878 X Chiroderma villosum Peters, 1860 X Choeroniscus godmani (Thomas, 1903) X Dermanura tolteca (de Saussure, 1860) X X Desmodus rotundus (E. Geoffroy St.-Fiilaire, 1810) X X Enchisthenes hartii (Thomas, 1982) X Glossophaga soricina (Pallas, 1766) X Micronycteris microtis mexicana Miller, 1898 (antes Micronycteris brachyotis Dobson, 1879) X Platyrrhinus helleri (Peters, 1866) X Sturnira lilium (E. Geoffroy St.-Fiilaire, 1810) X X Sturnira ludovici Anthony, 1 924 X X Uroderma bilobatum Peters, 1866 X Vespertilionidae Eptesicus fuscus (Palisot de Beauvois, 1796) X Myotis keaysi , A. Alien, 1914 X 1",50680388,Appendix,2011.0,Internet Archive,LabiodiversidadAppeCruz,Comisión Nacional para el Conocimiento y Uso de la Biodiversidad (CONABIO),Spanish,https://biodiversitylibrary.org/permissions,In copyright. Digitized with the permission of the rights holder.,"Biodiversidad en ecosistemas modificados por actividades agropecuarias

Apéndice IV. 6. 5 Lista de murciélagos de cafetales y bosque mesófilo de montaña para el centro de Veracruz

Fuente: Hernández-Salazar (2006).

Molossidae  
- Molossus rufus (É. Geoffroy Saint-Hilaire, 1805)  

Mormoopidae  
- Mormoops megalophylla (Peters, 1864)  
- Pteronotus davyi Cray, 1838  
- Pteronotus parnellii (Cray, 1843)  

Phyllostomidae  
- Artibeus geoffroyi Cray, 1838  
- Artibeus intermedius A. Alien, 1897  
- Artibeus jamaicensis E. Geoffroy, 1821  
- Artibeus lituratus (Olfers, 1818)  
- Carollia perspicillata (Linnaeus, 1758)  
- Carollia sowelli Baker, Solary y Tioffmann, 2002  
- Centuria senex Cray, 1842  
- Chiroderma salvini Ciohson, 1878  
- Chiroderma villosum Peters, 1860  
- Choeroniscus godmani (Thomas, 1903)  
- Dermanura tolteca (de Saussure, 1860)  
- Desmodus rotundus (E. Geoffroy Saint-Hilaire, 1810)  
- Enchisthenes hartii (Thomas, 1982)  
- Glossophaga soricina (Pallas, 1766)  
- Micronycteris microtis mexicana Miller, 1898 (antes Micronycteris brachyotis Dobson, 1879)  
- Platyrrhinus helleri (Peters, 1866)  
- Sturnira lilium (E. Geoffroy Saint-Hilaire, 1810)  
- Sturnira ludovici Anthony, 1924  
- Uroderma bilobatum Peters, 1866  

Vespertilionidae  
- Eptesicus fuscus (Palisot de Beauvois, 1796)  
- Myotis keaysi, A. Alien, 1914"
Dermanura tolteca,"Regionalización de la Conabio 141 Uso de recursos: extracción de leña y madera para construcción. Especies introducidas de trucha arcoiris Oncorhynchus mykiss y lobina negra Micropterus salmoides. Conservación: preocupa la deforestación. Comprende el Parque Nacional Lagunas de Montebello, Grupos e instituciones: Instituto de Biología, Instituto de Ciencias del Mar y Limnología, Instituto de Geología, Instituto de Geografía, unam; Comisión Nacional del Agua, Procuraduría Federal de Protección al Ambiente, Semarnap; Universidad Autónoma de Chiapas; Instituto Nacional de Antropología e Historia; El Colegio de la Frontera Sur. 89. RÍO TULIJÁ ALTOS DE CHIAPAS Estado(s): Chiapas y Tbbasco Extensión: 4 ISS.SSkm Polígono: Latitud 17 57'36 17 00 00 N Longitud 92 49 12 92 03'00 W Recursos hídricos principales lénticos: cascada de Agua Azul, lóticos: ríos Tülijá, Encanto y Rascón. Limnología básica: ND. Geología edafología: al sur la sierra Norte de Chiapas. Suelos de tipo Luvisol, Nitosol, Gleysol, Acrisol, Rendzina y Regosol. Características varias: clima templado húmedo, cálido húmedo, semicálido húmedo con lluvias todo el año y cálido húmedo con abundante lluvias en verano. Ifemperatura media anual 18-28 C. Precipitación total anual 2 000-4 500 mm. Principales poblados: Bachajón, Salto de Agua, Macuspana, Hidalgo, Palenque. Actividad económica principal: agrícola, ganadera, forestal y turismo. Indicadores de calidad de agua: ND. Biodiversidad: tipos de vegetación: selva alta perennifolia, bosques mesófílo de montaña, de pino-encino, de pino, de encino, vegetación riparia, popal, sabana, pastizal cultivado, inducido y natural. Flora característica: cuerillo Ampélocera hottlei, guacirán Balizia leucocalyx, corcho colorado Bdotia me?ácana, Calocarpum mammosum, patastillo Christiana africana, chaxchum Cupania auriculata, guapaque Dialium guineense, mirasol Didymopanax morototoni, copó Ficus rubiginosa, amates Ficus spp., calaguaste Guanea chichón, tempesquite Laetia thamnia, Lonchocarpus sp., canishté Lucuma campechiana, cacaté Oecopetalum mexicanum, masamorro Poulsenia armata, encinos Quercus corrugata, Q. glaucescens, roble Q. oleoides, cantulán colorado Q. oocaipa, tzajalchit Q. skinneri, palmas corozales Scheelea liebmannii y S. lundellii, pazaque Simarouha glauca, achiote Sloanea castanaecarpa, chacté Sweetia panamensis, caoba Swietenia macrophylla, guayacán Tabebuia guayacan, T. palmeri, palo de brujo Vochysia hondurensis, capulín Xylopia frutescens. Fauna característica: de aves la guacamaya roja Ara macao, Aspatha gularis, Atthis ellioti, Bubo virginianus, Cyanolyca cucullata, Dactylortyx thoracicus, el troglodita selvático Henicorhina leucosticta, los murciélagos Carollia subrufa, Dermanura tolteca, Myotis elegans y M. fortidens, el pajuil Penelopina nigra, el tucán pico multicolor Ramphastos sulfuratus, todas amenazadas; de mamiferos el ratón tlacuache Marmosa mexicana, el jaguar Panthera onca, el tapir Tapirus bairdii. Gran diversidad de lepidópteros, anfibios, reptiles y aves. Endemismo de plantas Encyclia sp. y Laelia bella-, de crustáceos Cryphiops villalobosi, Odontothelphusa lacandona, O, palenquensis, O. toninae, Phrygiopilus yoshibensis; de peces Astyanax armandoi y Poecilia sulphuraria, especies raras con poblaciones pequeñas. Aspectos económicos: actividad agrícola, ganadera, forestal y turística. Problemática: Modificación del entorno: deforestación; fragmentación del hábitat debido al incremento de la población humana. Contaminación: ND. Uso de recursos: extracción de orquídeas y bromeliáceas; utilización de madera carbón y leña; uso forestal (maderables y no maderables); extracción de agua urbana e industrial. Cambio de uso de suelo para ganadería extensiva.",50927289,,2000.0,Internet Archive,Aguascontinenta00Arri,Comisión Nacional para el Conocimiento y Uso de la Biodiversidad (CONABIO),Spanish,https://biodiversitylibrary.org/permissions,In copyright. Digitized with the permission of the rights holder.,"Regionalización de la Conabio 141

Uso de recursos: extracción de leña y madera para construcción. Especies introducidas de trucha arcoíris (Oncorhynchus mykiss) y lobina negra (Micropterus salmoides). 

Conservación: preocupa la deforestación. 

Comprende el Parque Nacional Lagunas de Montebello. 

Grupos e instituciones: Instituto de Biología, Instituto de Ciencias del Mar y Limnología, Instituto de Geología, Instituto de Geografía, UNAM; Comisión Nacional del Agua; Procuraduría Federal de Protección al Ambiente; Semarnap; Universidad Autónoma de Chiapas; Instituto Nacional de Antropología e Historia; El Colegio de la Frontera Sur.

Río Tulijá Altos de Chiapas

Estado(s): Chiapas y Tabasco

Extensión: 4,000 km²

Polígono: Latitud 17°57'36"" a 17°00'00"" N, Longitud 92°49'12"" a 92°03'00"" W

Recursos hídricos principales: lagos como Agua Azul, ríos Tülijá, Encanto y Rascón.

Limnología básica: no disponible.

Geología y edafología: al sur, la Sierra Norte de Chiapas. Suelos de tipo Luvisol, Nitosol, Gleysol, Acrisol, Rendzina y Regosol.

Características varias: clima templado húmedo, cálido húmedo, semicálido húmedo con lluvias todo el año y cálido húmedo con abundantes lluvias en verano. La temperatura media anual oscila entre 18 y 28°C. La precipitación total anual varía entre 2,000 y 4,500 mm.

Principales poblados: Bachajón, Salto de Agua, Macuspana, Hidalgo, Palenque.

Actividad económica principal: agrícola, ganadera, forestal y turismo.

Indicadores de calidad de agua: no disponible.

Biodiversidad: tipos de vegetación incluyen selva alta perennifolia, bosques mesófilos de montaña, bosques de pino-encino, de pino, de encino, vegetación riparia, popal, sabana, pastizal cultivado, inducido y natural.

Flora característica: especies como Ampélocera hottlei, Balizia leucocalyx, Bdoia me?ácana, Calocarpum mammosum, Christiana africana, Cupania auriculata, Dialium guineense, Didymopanax morototoni, Ficus rubiginosa, Ficus spp., Guanea chichón, Laetia thamnia, Lonchocarpus sp., Lucuma campechiana, Oecopetalum mexicanum, Poulsenia armata, Quercus corrugata, Q. glaucescens, Q. oleoides, Q. oocaipa, Q. skinneri, Scheelea liebmannii y S. lundellii, diversas palmas como Corozales, además de especies como Simarouha glauca, achiote, Sloanea castanaecarpa, chacté, caoba, guayacán, Vochysia hondurensis, y capulín.

Fauna característica: aves como la guacamaya roja (Ara macao), Aspatha gularis, Atthis ellioti, Bubo virginianus, Cyanolyca cucullata, Dactylortyx thoracicus, y el troglodita selvático (Henicorhina leucosticta). Murciélagos como Carollia subrufa, Dermanura tolteca, Myotis elegans y M. fortidens. Otros animales: pajuil (Penelopina nigra), tucán pico multicolor (Ramphastos sulfuratus), todos amenazados. Mamíferos como el ratón tlacuache (Marmosa mexicana), jaguar (Panthera onca) y tapir (Tapirus bairdii). Gran diversidad de lepidópteros, anfibios y reptiles. 

Endemismo de plantas como Encyclia sp. y Laelia bella. Endemismo de crustáceos como Cryphiops villalobosi, Odontothelphusa lacandona, O. palenquensis, O. toninae, Phrygiopilus yoshibensis. Endemismo de peces como Astyanax armandoi y Poecilia sulphuraria, especies raras con poblaciones pequeñas.

Aspectos económicos: actividades agrícola, ganadera, forestal y turística.

Problemática: modificación del entorno por deforestación y fragmentación del hábitat debido al incremento de la población humana. 

Contaminación: no disponible.

Uso de recursos: extracción de orquídeas y bromeliáceas; utilización de madera, carbón y leña; uso forestal (maderables y no maderables); extracción de agua urbana e industrial. Cambio de uso de suelo para ganadería extensiva."
Aechmea magdalenae,"FLORA DE NICARAGUA BROMELIACEAE 463 café claras; láminas liguladas, 4.5-6.5 cm de ancho, agudas a redondeadas, serradas, densamente lepidotas. Escapo erecto, 25-38 cm de largo, flocoso, con algunas partes glabrescentes, brácteas más largas que los entrenudos, enteras, nera y descomponiéndose inmediatamente des e la antesis; inflorescencia 1 (2)-compuesta, raquis 12-20 (226 cm de largo, flocoso, brácteas primarias lineares a filiformes, todas excepto las inferiores mucho más las ramas, membranáceas y descom: ente; racimos con 2-5 flores ae ticas, patentes, brácteas florales filiformes, ca 3 mm de largo, más cortas que los pedicelos o casi de la sépalos 34.5 mm de largo, libres, asimétricos, esparcidamente pubescentes; pétalos azules a rosados. onocida en Nicaragua por una sola colección (Grijalva 505) de bosques muy húmedos perennifolios, zona atlántica; 900-1000 m; fr abr; México a Costa Rica. Esta especies se distingue de A. mexicana en el tamaño de la planta y la longitud de los sépalos. Si bien estas características generalmente sirven para pac estas dos especies, los ejemplares robustos de a e individuos delgados de A. lueddmanniana son n difíciles de distinguir. Aechmea magdalenae (André) André ex Baker, H Bromel. 65. 1889; Chevaliera magdalenae André; A. magdalenae var. quadricolor M.B. Foster. Terrestres, 100-200 cm de alto en flor. Hojas 200-300 cm de largo; vainas elípticas, escasamente ás anchas que las láminas, enteras, café-lepidotas; láminas liguladas a subliguladas, 5-7.5 cm de ancho, atenuadas, serradas, glabras a inconspicuamente adpreso-lepidotas. Escapo erecto, 48-84 cm de largo o más, blanco-flocoso, glabrescente, brácteas divergentes a patentes o reflexas, más largas que los entrenudos, serradas, foliáceas; inflorescencia (simple) digitado compuesta con 2-5 espigas de 4-15 cm de rimarias como las brácteas superiores largas que los entrenudos, serradas, lepidoto-punteadas abaxialmente, sésiles; sépalos 35-38 mm de largo, libres, subsim: tricos hasta asimétricos, atenuados, comia a cinéreo-lepidotos; pétalos amarillos mún, bosques hlrnedos y muy húmedos, bosques pantanosos, zona atlántica; 0-500 m; fl feb oct, fr probablemente casi todo el año; Araquistain 3271, Stevens 23425; México a Colombia, Venezuela we y Ecuador. Los indígenas extraen las fibras y las utilizan para hacer cañas de pescar, sombreros, hamacas y sogas. Cuando estéril esta especie se parece mucho a los miembros del género terrestre Bromelia. Aechmea mariae-reginae H. Wendl., Hamburger Garten-Blumenzeitung 19: 32. 1863. Epífitas, 40-100 cm de alto en flor. Hojas 70-90 cm de largo; vainas elípticas, hasta 23 cm de ancho, enteras proximalmente, dentadas distalmente, densamente café-lepidotas; láminas ampliamente triangulares a liguladas, 8-15 cm de ancho, agudas a cortamente acuminadas, apiculadas, serradas, densamente adpreso-lepidotas, tricomas adaxiales frecuentemente coalescentes y exfoliantes. Escapo erecto, 10-73 cm de largo, glabro a farinoso-pubescente en algunas partes, brácteas inferiores erectas, las superiores patentes, más largas que los entrenudos y ocultando gran parte del escapo, serradas; inflorescencia simple, 10-20 cm de largo, generalmente con 50 flores polísticas o más, flocoso-pubescente, brácteas florales ausentes o angostamente triangulares, hasta ca 4 mm argo, más cortas que los entrenudos, flocosas, Acné sésiles; sépalos 8-12 mm de largo, fuertemente asimétricos, espiniforme-mucronados, flocosos en la base, opa pétalos azules distalmente; blancos proxi nte. Aún no ha sido colectada en Nicaragua pero se espera encontrar en la zona atlántica; Costa Rica. Esta es la única especie dioica del género. Aechmea mexicana Baker, J. Bot. 17: 165. 1879; A. bernoulliana Wittm. Epífitas, 60-130 cm de alto en flor. Hojas 60-140 cm de largo; vainas ovadas a elípticas, 8-14 cm de ancho, enteras o serradas distalmente, subdensa a densamente adpreso-lepidotas, pajizas o café-rojizas; láminas liguladas, 5.5-9 cm de ancho, crea serradas, ot Pc Escapo erecto, 28-5 , Drácteas erectas pero las superiores rradas, a menudo descomponiéndose luego de la antesis; inflorescencia 1 ó 2-compuesta, raquis 30-60 cm de largo, flocoso, brácteas primarias enteras, las inferiores frecuentemente casi tan largas como las ramas de la inflorescencia o ligeramente más largas, las superiores consistentemente más cortas, ramas y racimos de la inflorescencia polísticos, patentes; racimo con 6-9 flores polísticas, patentes, brácteas florales filiformes, 2-5 mm de largo, mucho más cortas que los pedicelos o a veces de la misma longitud, filiformes, glabrescentes, flores con pedicelos 0.4-1.2 (1.6) cm de largo; sépalos 4.5-7 mm de largo,",62359543,v.85,2001.0,Internet Archive,mobot31753002849914,"Missouri Botanical Garden, Peter H. Raven Library",Spanish,http://biodiversity.org/permissions,In copyright. Digitized with the permission of the rights holder.,"Flora de Nicaragua Bromeliaceae

Café claro; láminas liguladas, de 4.5 a 6.5 cm de ancho, agudas a redondeadas, serradas, densamente lepidotas. Escapo erecto, de 25 a 38 cm de largo, flocoso, con algunas partes glabrescentes, brácteas más largas que los entrenudos, enteras, negras y descomponiéndose inmediatamente después de la antesis. La inflorescencia es 1 (2)-compuesta, con un raquis de 12 a 20 (226) cm de largo, flocoso, brácteas primarias lineares a filiformes, todas, excepto las inferiores, mucho más largas, membranáceas y descomponiéndose; racimos con 2 a 5 flores estéticas, patentes, brácteas florales filiformes, de aproximadamente 3 mm de largo, más cortas que los pedicelos o casi del mismo tamaño que los sépalos, de 3.4 a 5 mm de largo, libres, asimétricos, esparcidamente pubescentes; pétalos azules a rosados. Esta especie ha sido registrada en Nicaragua por una sola colección (Grijalva 505) en bosques muy húmedos perennifolios, en la zona atlántica, a una altitud de 900 a 1000 m, en temporada de abril; también se encuentra en México y Costa Rica. Se distingue de A. mexicana por el tamaño de la planta y la longitud de los sépalos. Aunque estas características generalmente ayudan a diferenciar estas dos especies, los ejemplares robustos y los individuos delgados de A. lueddmanniana son difíciles de distinguir.

Aechmea magdalenae (André) André ex Baker, Bromeliaceae, 1889; también conocida como Chevaliera magdalenae André y A. magdalenae var. quadricolor M.B. Foster. Es una especie terrestre, que alcanza de 100 a 200 cm de altura en flor. Las hojas miden entre 200 y 300 cm de largo; las vainas son elípticas, escasamente más anchas que las láminas, enteras, de color café lepidoto; las láminas son liguladas a subliguladas, de 5 a 7.5 cm de ancho, atenuadas, serradas, glabras a inconspicuamente lepidotas. El escapo es erecto, de 48 a 84 cm de largo o más, blanco-flocoso, glabrescente, con brácteas divergentes a patentes o reflexas, más largas que los entrenudos, serradas, foliáceas. La inflorescencia, simple y digitada, está compuesta por 2 a 5 espigas de 4 a 15 cm de largo, con brácteas largas que superan los entrenudos, serradas, lepidoto-punteadas en la parte inferior, sésiles; los sépalos miden entre 35 y 38 mm de largo, son libres, en su mayoría asimétricos, atenuados, con lepidotos en la parte media y cínereos; los pétalos son amarillos, en bosques húmedos y muy húmedos, en zonas pantanosas de la zona atlántica, a altitudes de 0 a 500 m, en temporada de febrero a octubre, probablemente casi todo el año. Ejemplares recolectados en Costa Rica y México. Los indígenas extraen fibras de esta especie para fabricar cañas de pescar, sombreros, hamacas y sogas. Cuando está en estado estéril, esta especie se asemeja mucho a los miembros del género terrestre Bromelia.

Aechmea mariae-reginae H. Wendl., fue descrita en 1863. Es una epífita de 40 a 100 cm de alto en flor. Las hojas miden entre 70 y 90 cm de largo; las vainas son elípticas, hasta 23 cm de ancho, enteras en la proximidad, dentadas en la parte distal, densamente lepidotas café; las láminas son ampliamente triangulares a liguladas, de 8 a 15 cm de ancho, agudas a cortamente acuminadas, apiculadas, serradas, densamente lepidotas, con tricomas adaxiales frecuentemente coalescentes y exfoliantes. El escapo es erecto, de 10 a 73 cm de largo, glabro a farinoso-pubescente en algunas partes, con brácteas inferiores erectas y las superiores patentes, más largas que los entrenudos y que ocultan gran parte del escapo, serradas. La inflorescencia es simple, de 10 a 20 cm de largo, generalmente con 50 o más flores polísticas, flocoso-pubescente, con brácteas florales ausentes o angostamente triangulares, de hasta 4 mm de largo, más cortas que los entrenudos, flocosas, con flores sésiles; los sépalos miden entre 8 y 12 mm de largo, son fuertemente asimétricos, espiniforme-mucronados, con base flocosa, y los pétalos son azules en la parte distal y blancos en la proximal. Aún no ha sido colectada en Nicaragua, pero se espera que se encuentre en la zona atlántica de Costa Rica. Es la única especie dioica del género.

Aechmea mexicana Baker, descrita en 1879, también conocida como A. bernoulliana Wittm. Es una epífita de 60 a 130 cm de alto en flor. Las hojas miden entre 60 y 140 cm de largo; las vainas son ovadas a elípticas, de 8 a 14 cm de ancho, enteras o serradas en la parte distal, con una superficie que puede ser pajiza o café-rojiza; las láminas son liguladas, de 5.5 a 9 cm de ancho, con bordes serrados. El escapo es erecto, de 28 a 50 cm de largo, con brácteas erectas, aunque las superiores a menudo se descomponen después de la antesis. La inflorescencia puede ser 1 o 2-compuesta, con un raquis de 30 a 60 cm de largo, flocoso, con brácteas primarias enteras, las inferiores frecuentemente casi tan largas como las ramas de la inflorescencia o ligeramente más largas, y las superiores consistentemente más cortas, con ramas y racimos polísticos, patentes. El racimo tiene de 6 a 9 flores polísticas, patentes, con brácteas florales filiformes de 2 a 5 mm de largo, mucho más cortas que los pedicelos o a veces de la misma longitud, filiformes, glabrescentes, con pedicelos de 0.4 a 1.2 (hasta 1.6) cm de largo. Los sépalos miden entre 4.5 y 7 mm de largo."
Aechmea magdalenae,"ubicación de mercados. Nuestro agrónomo ha cultivado con los kunas de Wargandi dos parcelas: una de 5 hectáreas, con 5,000 ca fetos de la variedad caturra, y dos de 10 hectáreas con 10,000 plantones de la mis ma variedad. Estudio de conservación de plantas útiles Un aspecto importante para el desarrollo sostenible de Wargandi es conservar las plantas útiles. Para los kunas el bosque es a la vez un supermercado, farmacia y fe rretería. De él obtienen toda clase de ma teriales para construir sus viviendas, cayu cos, fibras para tejidos, utensilios domésti cos como pilones, batidores y cucharones para la cocina. También materiales para la confección de flautas, chichas, y pepitas pa ra sus ceremonias religiosas, así como una extensa lista de plantas medicinales. Por el papel fundamental de las plantas pa ra la supervivencia de la cultura kuna, es crítico conservar la flora, especialmente las plantas útiles y los conocimientos asocia dos a ellas. Debido a presiones externas que han reducido su territorio, como por cambios suscitados por el crecimiento de la población y a cambios culturales entre los mismos kunas de esta región, es vital estu diar los problemas en el manejo de las plantas de uso tradicional y encontrar es trategias para conservarlas. Esta inquietud motivó a Dobbo Yala, en co laboración con la Universidad McGill de Canadá, a iniciar un proyecto de investigaPLANTAS CON ALTO VALOR CULTURAL EN LA COMUNIDAD DE NURNA VOCABLO KUNA ESPAÑOL NOMBRE CIENTIFICO USOS Alar-uar Bactris Colorodonis Utensilios de casa Baila Bálsamo Myroxylon balsamum Postes de casas, ornamento Buarsip Postes de casas Bunur sapi Batidos Dubsip Cortezo Apeiba tibourbou Soga Dupu Membrillo Gustavia superba Comestible lia Jira Socratea exorrhiza Paredes de casas Ipup Nazareno Peltogyne purpurea Leña Kaoban Caoba Swietenia macrophylla Construcción, madera comercial, piraguas Koibir Cocobolo Dalbergia retusa Construcción, postes de casas, utensilios de casa, artesanías Mageb Arrabidaea chica Tinta Mutu Cerillo Symphonia globulifera Herramientas para coser Naba-uar Chunga Astrocaryum standleyanum Paredes de casas, comestible Nai-uar Carludovica pal mata Cestería 0a Pita Aechmea magdalenae Comestible, ritos Sabdur Jagua Genipa americana Tinta Sargi Bejuco real Heteropsis oblongifoiia Amarres de techo Sianele Theobroma sp. Ritos, comestible Siler Maquengué Oenocarpus mapora Paredes de casas, cestería Soska (Soso) Guágara Sabal mauritiiformis Techos de casas, ornamentos Ugar-uar Laurel Cordia alliodora Leña Ukur-uar Balsa Ochroma lagopus Ritos, escaleras, muñecos Uichur-sichit Oxandra sp. Postes de casas",59146915,,,Internet Archive,panamapuentebiol00heck,Smithsonian Libraries and Archives,Spanish,http://www.biodiversitylibrary.org/permissions/,In Copyright. Digitized with the permission of the rights holder,"Ubicación de mercados. Nuestro agrónomo ha cultivado con los kunas de Wargandi dos parcelas: una de 5 hectáreas, con 5,000 cafetos de la variedad caturra, y dos de 10 hectáreas con 10,000 plantones de la misma variedad. 

Estudio de conservación de plantas útiles. Un aspecto importante para el desarrollo sostenible de Wargandi es conservar las plantas útiles. Para los kunas, el bosque es a la vez un supermercado, farmacia y ferretería. De él obtienen toda clase de materiales para construir sus viviendas, cayucos, fibras para tejidos y utensilios domésticos como pilones, batidores y cucharones para la cocina. También obtienen materiales para la confección de flautas, chichas y pepitas para sus ceremonias religiosas, así como una extensa lista de plantas medicinales. 

Debido a la importancia de las plantas para la supervivencia de la cultura kuna, es fundamental conservar la flora, especialmente las plantas útiles y los conocimientos asociados a ellas. Debido a presiones externas que han reducido su territorio, como cambios provocados por el crecimiento de la población y cambios culturales entre los mismos kunas de esta región, es vital estudiar los problemas en el manejo de las plantas de uso tradicional y encontrar estrategias para conservarlas. 

Esta inquietud motivó a Dobbo Yala, en colaboración con la Universidad McGill de Canadá, a iniciar un proyecto de investigación sobre plantas con alto valor cultural en la comunidad de Nurna."
Aechmea magdalenae,"1 08 Capital natural de México Vol. III : Políticas públicas y perspectivas de sustentabi idad tener el hábitat de estas especies, el cual se modifica para otras actividades productivas con los consecuentes impactos ambientales y sociales. Otra de las consecuencias del incremento en la demanda de los pfnm es la sustitución de la forma tradicional de recolección, que por lo general implica el mantenimiento del hábitat natural, por el cultivo. La domesticación de los pfnm tiene también consecuencias sobre la especie. En algunos casos, la propagación controlada y el interés económico han permitido rescatar especies amenazadas, como por ejemplo la pita o la vainilla, cuyas poblaciones naturales eran cada vez más reducidas. En contraparte, una excesiva selección de los caracteres más prometedores, desde el punto de vista de los rendimientos, ha disminuido la diversidad genética y la resistencia a enfermedades naturales. En materia de regulación de estos procesos de domesticación, persisten aún muchas lagunas en el marco normativo mexicano. Entre las especies que han sido sujetas a procesos de domesticación se encuentran las palmas camedor ( Cha maedorea spp.), cultivadas en los estados de Veracruz, Hidalgo, Oaxaca y San Luis Potosí; la vainilla ( Vanilla planifolia), desarrollada en plantaciones en Veracruz, Oaxaca y Chiapas; los magueyes (varias especies de Agave), cultivados en diferentes estados del sur y centro del país; la pita ( Aechmea magdalenaé), domesticada en Oaxaca, Veracruz y Chiapas (véase el capítulo 18 del volumen I). 3.6 La actividad pesquera Esta actividad empezó a tener importancia económica y social en el país en los años cuarenta. Paulatinamente se fue transformando de una pesca extranjera a una realizada por mexicanos y se dio prioridad al mercado nacional. El auge productivo de la pesca con alta intervención del Estado ocurrió entre la década de los sesenta y de los ochenta, con altos costos en términos de la sustentabilidad de las pesquerías, lo que llevó a un posterior estancamiento y abatimiento para muchas pesquerías en la actualidad. 3.6.1 Tendencias La pesca en México tuvo un periodo de crecimiento muy acelerado entre 1940 y 1980, en el que se pueden distinguir dos etapas (Fig. 3.6). La primera entre 1940 y 1960, cuando las capturas pesqueras casi se triplicaron. Con un crecimiento promedio anual de 9.6 , pasaron de casi 70 000 a 206 370 toneladas. En esta etapa dominaron las pesquerías de exportación, particularmente las de túnidos y camarón, que en 1950 llegaron a constituir 68.8 . Las capturas de túnidos fueron realizadas prácticamente en su totalidad por embarcaciones extranjeras, en proporciones que van de 91 a 99 según el año. Figura 3.6 Producción pesquera nacional, 1940-2000. Principales pesquerías. Fuente: Conapesca (2003).",49525074,,2008.0,Internet Archive,Politicaspublic00Saru,Comisión Nacional para el Conocimiento y Uso de la Biodiversidad (CONABIO),Spanish,https://biodiversitylibrary.org/permissions,In copyright. Digitized with the permission of the rights holder.,"Capital natural de México Vol. III: Políticas públicas y perspectivas de sustentabilidad

Tener el hábitat de estas especies, el cual se modifica para otras actividades productivas con los consecuentes impactos ambientales y sociales. Otra de las consecuencias del incremento en la demanda de los pfnm es la sustitución de la forma tradicional de recolección, que por lo general implica el mantenimiento del hábitat natural, por el cultivo. La domesticación de los pfnm también tiene consecuencias sobre la especie. En algunos casos, la propagación controlada y el interés económico han permitido rescatar especies amenazadas, como la pita o la vainilla, cuyas poblaciones naturales eran cada vez más reducidas. En contraparte, una excesiva selección de los caracteres más prometedores, desde el punto de vista de los rendimientos, ha disminuido la diversidad genética y la resistencia a enfermedades naturales. En materia de regulación de estos procesos de domesticación, persisten aún muchas lagunas en el marco normativo mexicano. Entre las especies que han sido sujetas a procesos de domesticación se encuentran las palmas camedor (Chamaedorea spp.), cultivadas en los estados de Veracruz, Hidalgo, Oaxaca y San Luis Potosí; la vainilla (Vanilla planifolia), desarrollada en plantaciones en Veracruz, Oaxaca y Chiapas; los magueyes (varias especies de Agave), cultivados en diferentes estados del sur y centro del país; la pita (Aechmea magdalenae), domesticada en Oaxaca, Veracruz y Chiapas.

La actividad pesquera empezó a tener importancia económica y social en el país en los años cuarenta. Paulatinamente, se fue transformando de una pesca extranjera a una realizada por mexicanos, priorizando el mercado nacional. El auge productivo de la pesca con alta intervención del Estado ocurrió entre las décadas de los sesenta y ochenta, con altos costos en términos de sustentabilidad de las pesquerías, lo que llevó a un posterior estancamiento y abatimiento para muchas pesquerías en la actualidad.

Tendencias

La pesca en México tuvo un período de crecimiento muy acelerado entre 1940 y 1980, en el que se pueden distinguir dos etapas. La primera, entre 1940 y 1960, cuando las capturas pesqueras casi se triplicaron. Con un crecimiento promedio anual del 9.6 %, pasaron de casi 70,000 a 206,370 toneladas. En esta etapa dominaron las pesquerías de exportación, particularmente las de túnidos y camarón, que en 1950 llegaron a constituir el 68.8 %. Las capturas de túnidos fueron realizadas prácticamente en su totalidad por embarcaciones extranjeras, en proporciones que van del 91 al 99 % según el año."
Aechmea magdalenae,"512 La biodiversidad en Chiapas la diversidad de especies encontradas en el proceso de sucesión vegetal, la gran variedad de formas para su aprovechamiento y las posibilidades que se vislumbran para el desarrollo de tecnología silvicultural de las especies relevantes. El detallado cet maya-lacandón es capaz de reconocer la amplia distribución espacial de los árboles y las preferencias de algunas especies en relación con las condiciones que explora la agricultura, asimismo, este conocimiento resulta de gran utilidad para el desarrollo de estrategias de restauración al identificar las especies capaces de crecer en condiciones degradadas. Método de estudio Hacia finales de la década de 1990, se evaluaron las trayectorias de la sucesión vegetal, derivadas de diferentes patrones de uso de la vegetación por los maya-lacandones con lo que se pudo obtener una clasificación de acahuales con base en su manejo e historia de uso. La frecuencia y duración del aprovechamiento agrícola, así como la duración del periodo de barbecho previo de los acahuales, fue determinante en la clasificación de las diferentes resultantes sucesionales. Destaca que el manejo tradicional lacandón permite la ruta sucesional más directa hacia la vegetación madura. También fue posible hacer una caracterización de los grupos de especies asociadas a diferentes patrones de manejo agrícola, así como de su participación a lo largo del proceso sucesional, en donde sorprende la existencia de especies que persisten en la sucesión y que llegan a ser dominantes en la vegetación madura (Levy, 2000; Levy y Aguirre, 2005). En el proceso, se documentó el conocimiento etnobotánico del grupo lacandón con respecto a dichas especies. Asimismo, se estudiaron las características de las poblaciones y las formas de manejo y aprovechamiento de especies nativas no maderables de importancia económica, entre ellas varias palmas comoxafe ( Chamaedorea oblongata ), pata de vaca ( Ch . ernesti-augustii ) y cambray (Ch. elegans ), así como la bromeliácea textil llamada pita (Aechmea magdalenae ) y orquídeas como la vainilla (Van illa plan i folia) (Buda, 2002, 2006; Ocampo, 2002; Sánchez, 2002). La siguiente fase de la investigación se enfocó hacia la experimentación con un grupo de 40 especies forestales nativas maderables. Se monitoreó el crecimiento y desempeño de estas especies mediante la implementación de parcelas en acahuales con historial de uso frecuente y potreros con suelo compactado. En dichas parcelas se aplicaron tratamientos con distintas frecuencias de deshierbe y se realizaron siembras y transplantes de plántulas en diferentes épocas del año. Para la selección de estas especies forestales, también se tomaron en cuenta algunos criterios ecológicos y de aprovechamiento como: a) tasa de crecimiento, b) producción de hojarasca, c) atracción de fauna, y d) usos y valor comercial. Resultados preliminares La mayoría de las especies presentaron una buena sobrevivencia, a excepción de algunas típicas de las etapas más tardías de la sucesión vegetal, mientras que algunos árboles se destacaron por su rápido crecimiento. Se encontró un desempeño diferencial de las especies de acuerdo con su estatus sucesional y con la condición de degradación, lo cual tiene relevancia para el diseño y establecimiento de plantaciones de rehabilitación (Román et al., 2008). En cuanto a las deshierbas, cada especie o grupo similar de especies requiere de un manejo determinado, el cual depende de la velocidad con que alcancen una altura mínima que garantice su supervivencia. Otras consideraciones importantes son realizar el transplante al inicio de la estación lluviosa y evitar las deshierbas durante la época de sequía, lo cual favorece una mayor sobrevivencia de las especies de crecimiento lento (Román, 2006; Román et al., 2007). Perspectivas de utilización Creemos conveniente que los árboles seleccionados para la implementación de acciones de restauración tengan ciclos de vida y ritmos de crecimiento diferentes, lo cual puede permitir el aprovechamiento persistente para autoconsumo y venta de leña, fruta y madera a lo largo del tiempo (cuadro 2). Manejar una amplia diversidad de especies implica diseñar modelos de plantación para optimizar los recursos disponibles y alcanzar los objetivos deseados. Así, las especies de crecimiento más rápido (pioneras, proveedoras de leña y fruta a corto plazo) serían plantadas en mayor número para facilitar el camino a otros árboles de lento crecimiento, tolerantes de sombra y proveedores de",50750934,v.1 (2013),2013.0,Internet Archive,biodiversidadenv120Cruz,Comisión Nacional para el Conocimiento y Uso de la Biodiversidad (CONABIO),Spanish,https://biodiversitylibrary.org/permissions,In copyright. Digitized with the permission of the rights holder.,"La biodiversidad en Chiapas abarca la variedad de especies encontradas en el proceso de sucesión vegetal, la gran variedad de formas para su aprovechamiento y las posibilidades que se vislumbran para el desarrollo de tecnología silvicultural de las especies relevantes. El conocimiento detallado de las comunidades maya-lacandón permite reconocer la amplia distribución espacial de los árboles y las preferencias de algunas especies en relación con las condiciones que explora la agricultura. Asimismo, este conocimiento resulta de gran utilidad para el desarrollo de estrategias de restauración, al identificar las especies capaces de crecer en condiciones degradadas.

Método de estudio

Hacia finales de la década de 1990, se evaluaron las trayectorias de la sucesión vegetal derivadas de diferentes patrones de uso de la vegetación por los maya-lacandones, lo que permitió obtener una clasificación de acahuales basada en su manejo e historia de uso. La frecuencia y duración del aprovechamiento agrícola, así como la duración del período de barbecho previo en los acahuales, fueron determinantes en la clasificación de las diferentes sucesiones resultantes. Destaca que el manejo tradicional lacandón permite la ruta sucesional más directa hacia la vegetación madura.

También fue posible caracterizar los grupos de especies asociadas a diferentes patrones de manejo agrícola, así como su participación a lo largo del proceso sucesional. Es sorprendente la existencia de especies que persisten en la sucesión y que llegan a ser dominantes en la vegetación madura. En el proceso, se documentó el conocimiento etnobotánico del grupo lacandón respecto a dichas especies.

Asimismo, se estudiaron las características de las poblaciones y las formas de manejo y aprovechamiento de especies nativas no maderables de importancia económica, entre ellas varias palmas como comoxafe (Chamaedorea oblongata), pata de vaca (Chamaedorea ernesti-augustii) y cambray (Chamaedorea elegans), así como la bromeliácea textil llamada pita (Aechmea magdalenae) y orquídeas como la vainilla (Vanilla planifolia).

La siguiente fase de la investigación se enfocó en la experimentación con un grupo de 40 especies forestales nativas maderables. Se monitoreó el crecimiento y desempeño de estas especies mediante la implementación de parcelas en acahuales con historial de uso frecuente y potreros con suelo compactado. En dichas parcelas, se aplicaron tratamientos con distintas frecuencias de deshierbe y se realizaron siembras y trasplantes de plántulas en diferentes épocas del año. Para la selección de estas especies forestales, también se consideraron criterios ecológicos y de aprovechamiento, como: a) tasa de crecimiento, b) producción de hojarasca, c) atracción de fauna y d) usos y valor comercial.

Resultados preliminares

La mayoría de las especies presentaron una buena supervivencia, a excepción de algunas típicas de las etapas más tardías de la sucesión vegetal, mientras que algunos árboles destacaron por su rápido crecimiento. Se encontró un desempeño diferencial de las especies según su estatus sucesional y la condición de degradación, lo cual es relevante para el diseño y establecimiento de plantaciones de rehabilitación.

En cuanto a las deshierbas, cada especie o grupo similar requiere un manejo específico, que depende de la velocidad con la que alcancen una altura mínima que garantice su supervivencia. Otras consideraciones importantes son realizar el trasplante al inicio de la estación lluviosa y evitar las deshierbas durante la época de sequía, lo cual favorece una mayor supervivencia de las especies de crecimiento lento.

Perspectivas de utilización

Se considera conveniente que los árboles seleccionados para acciones de restauración tengan ciclos de vida y ritmos de crecimiento diferentes, lo que puede permitir un aprovechamiento persistente para autoconsumo y venta de leña, fruta y madera a lo largo del tiempo. Manejar una amplia diversidad de especies implica diseñar modelos de plantación que optimicen los recursos disponibles y permitan alcanzar los objetivos deseados. Así, las especies de crecimiento más rápido (pioneras, proveedoras de leña y fruta a corto plazo) serían plantadas en mayor número para facilitar el establecimiento de otros árboles de crecimiento lento, tolerantes a la sombra y proveedores de recursos diversos."
Aechmea magdalenae,"Diversidad y distribución de las Bromeliáceas Mario Adolfo Espejo-Serna Ana Rosa López-Ferrari Introducción La familia Bromeliaceae está constituida por cerca de 56 géneros y aproximadamente 3 086 especies (Luther, 2006), restringidos al Nuevo Mundo con excepción de Pitcairnia feliciana (A. Chev.) Harms Mildbr. que habita en África. De México se han reportado entre 1 8 y 23 géneros y entre 326 y 342 especies (Espejo y López-Ferrari, 1994, 1998; Espejo et ai, 2004) de los cuales, se conocen de Veracruz 14 y 91, respectivamente (cuadrol). La familia es interesante desde el punto de vista ecológico debido al hábito epífito de muchas de sus especies, así como a las diversas adaptaciones que presentan para vivir en hábitats xéricos (Benzing, 2000) y a los diversos nichos que ocupan en la vegetación, los que al mismo tiempo ofrecen a otros miembros de la comunidad. Desde el punto de vista económico, algunas especies como la pifia Ananas sativas Schult. Schult. f), el timbiriche Bromelia karatas L.), la pita Aechmea magdalenae André ex Baker) o el heno Tillandsia usneoides L.), son importantes ya que generan recursos a nivel local y representan una fuente de ingresos alternativa para muchas comunidades o incluso, como es el caso de la pifia, forman una parte fundamental de la economía estatal. En lo que toca a su clasificación, la familia se ha dividido tradicionalmente en tres subfamilias, Pitcairnioideae, Bromelioideae y Tillandsioideae, las tres representadas en Veracruz. La monofilia de la familia ha sido corroborada por distintos estudios tanto morfológicos (Dahlgren et al., 1985) como moleculares con ADN de cloroplasto cpADN), aunque los grupos recuperados tienen una diferente composición de las subfamilias (Ranker et ai, 1990; Chase et ai, 1993, 1995a; Barfuss et ai, 2005). Diversidad De los géneros presentes en México, Ursulaea, con dos especies, es endémico. Hechtia tiene su centro de diversidad en el país, con 50 de las 53 especies 177",50628860,vol.2 (2011),2011.0,Internet Archive,Labiodiversidadvol2Cruz,Comisión Nacional para el Conocimiento y Uso de la Biodiversidad (CONABIO),Spanish,https://biodiversitylibrary.org/permissions,In copyright. Digitized with the permission of the rights holder.,"Diversidad y distribución de las Bromeliáceas  
Mario Adolfo Espejo-Serna, Ana Rosa López-Ferrari

Introducción  
La familia Bromeliaceae está constituida por cerca de 56 géneros y aproximadamente 3,086 especies (Luther, 2006), restringidos al Nuevo Mundo, con excepción de Pitcairnia feliciana (A. Chev.) Harms Mildbr., que habita en África. En México se han reportado entre 18 y 23 géneros y entre 326 y 342 especies (Espejo y López-Ferrari, 1994, 1998; Espejo et al., 2004), de las cuales se conocen 14 géneros y 91 especies en Veracruz. La familia es interesante desde el punto de vista ecológico debido al hábito epífito de muchas de sus especies, así como a las diversas adaptaciones que presentan para vivir en hábitats xerófilos (Benzing, 2000) y a los diferentes nichos que ocupan en la vegetación, los cuales también ofrecen recursos a otros miembros de la comunidad. Desde el punto de vista económico, algunas especies como la piña (Ananas sativa Schult. f.), el timbiriche (Bromelia karatas L.), la pita (Aechmea magdalenae André ex Baker) o el heno (Tillandsia usneoides L.) son importantes, ya que generan recursos a nivel local y representan una fuente de ingresos alternativa para muchas comunidades. Además, en el caso de la piña, forma una parte fundamental de la economía estatal.  

En cuanto a su clasificación, la familia se ha dividido tradicionalmente en tres subfamilias: Pitcairnioideae, Bromelioideae y Tillandsioideae, las cuales están representadas en Veracruz. La monofilia de la familia ha sido corroborada por distintos estudios tanto morfológicos (Dahlgren et al., 1985) como moleculares con ADN de cloroplasto (cpDNA), aunque los grupos recuperados presentan diferentes composiciones en las subfamilias (Ranker et al., 1990; Chase et al., 1993, 1995a; Barfuss et al., 2005).  

Diversidad  
De los géneros presentes en México, Ursulaea, con dos especies, es endémico. Hechtia tiene su centro de diversidad en el país, con 50 de las 53 especies."
Aechmea magdalenae,"PITA DE LA SELVA La fibra que se extrae de las hojas de la pita Aechmea magdalenae), desde muchos puntos de vista excepcional, es la fibra natural más resistente y cotizada en el mercado nacional. Los talabarteros del norte de México ornamentan con pita artículos de cuero como cinturones, botas y sillas de montar que se venden en México, Estados Unidos y España. La pita se cultiva en comunidades de Oaxaca, Chiapas y Veracruz. Con el incremento de la demanda de la artesanía piteada a principios de los 90, cada vez más comunidades han establecido plantaciones de pita. Es probable que hoy existan poblaciones más extensas que hace 15 años, aunque la diversidad genética disponible quizás sea menor debido a la reproducción vegetativa vía hijuelos, temas relevantes para la conservación de la biodiversidad y que comenzamos a investigar. Desde 1996 diferentes organizaciones civiles e instituciones públicas han promovido y apoyado la propagación del cultivo de ixtle o pita como una alternativa productiva y para la conservación de las selvas. Con la iniciativa de Methodus Consultora, S.C., dio comienzo en octubre de 2001 la instrumentación de una dinámica de encuentros talleres consecutivos para el intercambio de conocimientos y experiencias en el cultivo, aprovechamiento y comercialización de pita entre productores de los estados de Oaxaca, Veracruz y, más recientemente, Chiapas. El prbc se incorporó en este proceso a partir del tercer encuentro taller con la idea de fortalecer la participación de diferentes actores, así como para reforzar la capacidad de las organizaciones sociales para manejar sustentablemente su recurso y para la integración de cadenas productivas y comerciales. Al término del sexto encuentro taller, en marzo de 2003, se constituyó el Consejo de Organizaciones de Productores Pita de la Selva, A.C. (Conppita), que funcionará como consejo regulador de un recurso biológico colectivo y con vocación por la calidad en su manejo, su beneficiado, la di versificación y la comercialización de sus productos derivados. Las líneas de acción prioritarias del Conppita incluyen la capacitación y la coordinación, el manejo sustentable de la pita, la conservación de las selvas, el combate a plagas y enfermedades, el mejoramiento en el beneficiado, el control de calidad, la regularización de aprovechamientos, la innovación para desarrollar nuevos productos y mejoras en la comercialización. 10",50506353,no.53 (2004),2004.0,Internet Archive,Biodiversitasno53Comi,Comisión Nacional para el Conocimiento y Uso de la Biodiversidad (CONABIO),Spanish,https://biodiversitylibrary.org/permissions,In copyright. Digitized with the permission of the rights holder.,"PITA DE LA SELVA

La fibra que se extrae de las hojas de la pita (Aechmea magdalenae), desde muchos puntos de vista excepcional, es la fibra natural más resistente y cotizada en el mercado nacional. Los talabarteros del norte de México ornamentan con pita artículos de cuero como cinturones, botas y sillas de montar que se venden en México, Estados Unidos y España. La pita se cultiva en comunidades de Oaxaca, Chiapas y Veracruz. Con el incremento de la demanda de la artesanía piteada a principios de los años 90, cada vez más comunidades han establecido plantaciones de pita. Es probable que hoy existan poblaciones más extensas que hace 15 años, aunque la diversidad genética disponible quizás sea menor debido a la reproducción vegetativa vía hijuelos, temas relevantes para la conservación de la biodiversidad y que comenzamos a investigar.

Desde 1996, diferentes organizaciones civiles e instituciones públicas han promovido y apoyado la propagación del cultivo de ixtle o pita como una alternativa productiva y para la conservación de las selvas. Con la iniciativa de Methodus Consultora, S.C., en octubre de 2001 se inició una serie de encuentros y talleres consecutivos para el intercambio de conocimientos y experiencias en el cultivo, aprovechamiento y comercialización de pita entre productores de los estados de Oaxaca, Veracruz y, más recientemente, Chiapas. El proceso se incorporó en este programa a partir del tercer encuentro taller con la finalidad de fortalecer la participación de diferentes actores, así como para reforzar la capacidad de las organizaciones sociales para manejar sustentablemente su recurso y para la integración de cadenas productivas y comerciales.

Al término del sexto encuentro taller, en marzo de 2003, se constituyó el Consejo de Organizaciones de Productores Pita de la Selva, A.C. (Conppita), que funcionará como consejo regulador de un recurso biológico colectivo y con vocación por la calidad en su manejo, su beneficiado, la diversificación y la comercialización de sus productos derivados. Las líneas de acción prioritarias del Conppita incluyen la capacitación y la coordinación, el manejo sustentable de la pita, la conservación de las selvas, el combate a plagas y enfermedades, el mejoramiento en el beneficiado, el control de calidad, la regularización de aprovechamientos, la innovación para desarrollar nuevos productos y mejoras en la comercialización."
Catopsis sessiliflora,"FLÓRULA DE LAS RESERVAS DE IQUITOS Billbergia Thunb. Plantas terrestres, saxícolas o epífitas, acaules o con tallos muy cortos. Hojas en rosetas ampliamente infundibuliformes a longitubulares; vainas diferenciadas a inconspicuas; láminas generalmente liguladas con ápices anchos, usualmente con bandas o con máculas, aserradas o serruladas (enteras). Escapo erguido o decurvado, con brácteas grandes, delgadas, usualmente rojizas; inflorescencias compuestas O simples; flores grandes, vistosas; sépalos libres, erguidos, glabros a densamente farinosos o flocosos; pétalos libres, actinomorfos o ligeramente zigomorfos, con 2 apéndices cerca de la base, uña larga, limbo estrecho; estambres exertos en la antesis, ambas series libres o la segunda adnada a los pétalos; ovario ínfero. Fruto baya. Billbergia formosa Ule Hojas hasta 60 cm de largo; vainas estrechamente elípticas, con láminas lineares, acuminadas, hasta 5 cm de ancho, diminutamente espinuloso-serradas. Escapo arqueado, delgado, brácteas ovado-lanceoladas, hasta 10 cm de largo, rosadas, abundantes debajo de la inflorescencia; inflorescencias simples, ovoides, hasta 10 cm de largo, blanco-farinosas; brácteas florales escuamiformes, agudas; flores sésiles, hasta 9 cm de largo; sépalos lanceolados, agudos, 25-28 mm de largo; pétalos estrechos, acuminados, hasta 85 mm de largo, amarillo-verdosos excepto por el ápice violeta; ovario turbinado. H: en tierra firme, bosque primario (ALL-M). Nv: bromilia. Catopsis Griseb. Plantas epífitas. Hojas densamente utrículo-arrosetadas, diminutamente adpreso-lepidotas, enteras, verdes; vainas grandes. Escapo conspicuo; inflorescencia 2-pinnada (simple o 3-pinnada), que excede a las hojas, con ramitas polísticas; flores pequeñas a diminutas, sésiles (pediceladas), perfectas o dimorfas y funcionalmente dioicas; sépalos libres, usualmente redondeados y fuertemente asimétricos; pétalos libres, desnudos, generalmente con limbo muy corto; estambres incluidos, las 2 series usualmente muy desiguales; anteras ovadas o elípticas; ovario superior, ampliamente ovoide o elipsoide; estilo corto o ausente; óvulos pocos a varios. Fruto cápsula, septicida; semilla con una coma apical. Catopsis sessiliflora (Ruiz 8 Pav.) Mez LÁMINA 101 B Hojas formado un rosetón ciatiforme o tubular, 8-20 cm de largo, inconspicuamente punteado-lepidotas; vainas elípticas, inconspicuas, casi del mismo tamaño que las láminas, pero más amplias; láminas liguladas, 10-25 mm de ancho, las externas generalmente agudas, las internas redondeadas y apiculadas. Escapo suberguido a decurvado, 1-1.5 mm de diámetro, glabro; brácteas del escapo erguidas, involutas, elípticas, apiculadas; inflorescencias generalmente ramificadas en las plantas estaminadas, y simples en las pistiladas o bisexuales; brácteas primarias similares a las del escapo; espigas divergentes, 2-11 cm de largo, laxamente florecidas; brácteas florales ampliamente ovadas, ampliamente agudas u obtusas, mucho más cortas que los sépalos, delgadas, nervadas; flores suberguidas a extendidas, bisexuales O funcionalmente unisexuales y dimorfas; sépalos asimétricos, ampliamente elípticos, delgados, nervados; pétalos ovadolanceolados, apenas exertos, blancos; estambres desiguales; ovario ovoide. H: en tierra firme, bosque primario (Y AN). Guzmania Ruiz 4 Pav. Plantas epífitas, acaules (caulescentes). Hojas densamente polísticas, enteras. Escapo usualmente conspicuo; inflorescencia generalmente 2-pinnada o simple, ramitas polísticas; sépalos libres a connados, simétricos o casi simétricos; pétalos desnudos, uñas diferenciadas del limbo, aglutinados en un tubo; estambres ifiiales aglutinados a los pétalos; ovario súpero; estilo alargado. Fruto cápsula septicida; semilla con coma basal, recta, usualmente marrón 1. Flores en espigas 1 . Flores en fascículos G. eduardii G. lingulata var. lingulata 780",62253049,series v. 63,1997.0,Internet Archive,mobot31753002737853,"Missouri Botanical Garden, Peter H. Raven Library",Spanish,http://biodiversity.org/permissions,In copyright. Digitized with the permission of the rights holder.,"Flórula de las reservas de Iquitos

Billbergia Thunb.  
Plantas terrestres, saxícolas o epífitas, acaules o con tallos muy cortos. Hojas en rosetas ampliamente infundibuliformes o longitubulares; vainas diferenciadas o inconspicuas; láminas generalmente liguladas con ápices anchos, usualmente con bandas o máculas, aserradas o serruladas (enteras). Escapo erguido o decurvado, con brácteas grandes, delgadas, usualmente rojizas; inflorescencias compuestas o simples; flores grandes y vistosas; sépalos libres, erguidos, glabros o densamente farinosos o flocosos; pétalos libres, actinomorfos o ligeramente zigomorfos, con 2 apéndices cerca de la base, uña larga, limbo estrecho; estambres exertos en la antesis, ambas series libres o la segunda adnada a los pétalos; ovario ínfero. Fruto baya.

Billbergia formosa Ule  
Hojas hasta 60 cm de largo; vainas estrechamente elípticas, con láminas lineares, acuminadas, hasta 5 cm de ancho, diminutamente espinuloso-serradas. Escapo arqueado, delgado, con brácteas ovado-lanceoladas, hasta 10 cm de largo, rosadas, abundantes debajo de la inflorescencia; inflorescencias simples, ovoides, hasta 10 cm de largo, blancas y farinosas; brácteas florales escuamiformes, agudas; flores sésiles, hasta 9 cm de largo; sépalos lanceolados, agudos, 25-28 mm de largo; pétalos estrechos, acuminados, hasta 85 mm de largo, amarillentos o verdosos, excepto por el ápice violeta; ovario turbinado.

H: en tierra firme, bosque primario (ALL-M).  
Nv: bromilia.

Catopsis Griseb.  
Plantas epífitas. Hojas densamente utrículo-arrosetadas, diminutamente adpreso-lepidotas, enteras, verdes; vainas grandes. Escapo conspicuo; inflorescencia 2-pinnada (simple o 3-pinnada), que excede a las hojas, con ramitas polísticas; flores pequeñas a diminutas, sésiles (pediceladas), perfectas o dimorfas y funcionalmente dioicas; sépalos libres, usualmente redondeados y fuertemente asimétricos; pétalos libres, desnudos, generalmente con limbo muy corto; estambres incluidos, las 2 series usualmente muy desiguales; anteras ovadas o elípticas; ovario superior, ampliamente ovoide o elipsoide; estilo corto o ausente; óvulos pocos a varios. Fruto cápsula, septicida; semilla con una coma apical.

Catopsis sessiliflora (Ruiz & Pav.) Mez  
Hojas formando un rosetón ciatiforme o tubular, de 8-20 cm de largo, inconspicuamente punteado-lepidotas; vainas elípticas, inconspicuas, casi del mismo tamaño que las láminas, pero más amplias; láminas liguladas, 10-25 mm de ancho, las externas generalmente agudas, las internas redondeadas y apiculadas. Escapo suberguido a decurvado, de 1-1.5 mm de diámetro, glabro; brácteas del escapo erguidas, involutas, elípticas, apiculadas; inflorescencias generalmente ramificadas en las plantas estaminadas, y simples en las pistiladas o bisexuales; brácteas primarias similares a las del escapo; espigas divergentes, de 2-11 cm de largo, laxamente florecidas; brácteas florales ampliamente ovadas, agudas u obtusas, mucho más cortas que los sépalos, delgadas, nervadas; flores suberguidas a extendidas, bisexuales o funcionalmente unisexuales y dimorfas; sépalos asimétricos, ampliamente elípticos, delgados, nervados; pétalos ovado-lanceolados, apenas exertos, blancos; estambres desiguales; ovario ovoide.

H: en tierra firme, bosque primario (Y AN).  

Guzmania Ruiz & Pav.  
Plantas epífitas, acaules (caulescentes). Hojas densamente polísticas, enteras. Escapo usualmente conspicuo; inflorescencia generalmente 2-pinnada o simple, con ramitas polísticas; sépalos libres o connados, simétricos o casi simétricos; pétalos desnudos, con uñas diferenciadas del limbo, aglutinados en un tubo; estambres aglutinados a los pétalos; ovario súpero; estilo alargado. Fruto cápsula septicida; semilla con coma basal, recta, usualmente marrón.  

Flores en espigas.  
Flores en fascículos."
Catopsis sessiliflora,"BROMELIACEAS 73 2 CATOPSIS SESSILIFLORA Mez. L. B. Smirh. Studies, in the Bromel. LXXXIX. 1 : 70. 1930. De 20 a 40 centímetros de alto; hojas tubuloso-arrosetadas (15 centímetros por 2) redondeado-mucronadasescapo erguido; con sus bracteas distanciadas; inflorescencia sencilla o poco ramosa, de raquis derecho' brácteas florales más cortas que los sépalos; flores hermafroditas, de 1 centímetro de largo; sépalos suborbiculares pétalos blancos ovalado-lanceoladas, algo más largos que los sépalos; estilo corto pero distinto; ovario ovoideo V México, sin localidad especificada. ' 3 CATOPSIS CUCULLATA L. B. Smith. IV-Studies, in Bromeliaceae, Contr. Gray. Herb. Harv. Univ. CIV: 72. 1934, con lámina. Planta acaule, de hojas arrosetadas, punteado-escamositas, agudas y apiadadas, de 22 centímetros de largo por 2 de ancho en su base; escapo encorvado, de vainas ovaladas, agudas, más largas que los entrenudos, inflores cencia sencilla o algo paniculada, colgante; espigas como de 10 centímetros de largo; brácteas floríferas ovaladas (1 a lj 2 centímetros de largo) más largas que las flores, con su ápice enconado abarquillado; flores hermafro ditas de sépalos asimétricos (1 centímetro); pétalos algo más largos; estambres desiguales y estilo muy corto. Veracruz: La Banderilla, Jilotepec, Jalapa, a 1,400 metros, (Comisión Geográfico Exploradora). 4 -CATOPSIS APICROIDES Baker. Magueyito epifítico, de 25 centímetros o menos de alto; hojas basilares lanceolado-mucronadas (15 centí metros de largo por 2Vz en su parte más ancha); escapo delgado, algo más corto que las hojas, bi-tribracteolado; panoja terminal (9 centímetros de largo) muy poco ramosa, con pocas florecitas individualmente acompañadas de una pequeña bractea en su base. Cantón de Córdoba, Veracruz, (Conzatti, Núm. 165). 5 CATOPSIS COMPACTA Mez. Epifítica dioica (?), de 40 a 65 centímetros de alto; hojas basilares coriáceas, lampiñas, agudas, hasta de 40 centímetros"" de largo por 5 de ancho en su medianía, gradualmente reducidas en el escapo que es fuerte y ter minado en una panícula bipinada, de 15 a 25 centímetros de longitud; inflorescencia masculina de ramificaciones ramosas siendo sencillas o muy poco ramificadas en la base las de la femenina. Portillo de Coyula, Cuicatlán, Oaxaca, a 1,300 metros, junio de 1909 y noviembre de 1919, (C. Conzatti, Núms. 2375 y 3870 ). 7 TILLANDSIA L. L B Smith. Studies in Bromel LXXXIX. L: 70. 1930. E honor del Dr. Elias Till-Lands, profesor de medicina en Abo. En su mayor parte comprende plantas epi. . n Q c ubiertas de escamas grises y de hábito variable; hojas fasciculadas o distribuidas a lo largo del rtictas, ampim. j os Q más series, enteras, angosta y comúnmente subtriangulares. Flores hermafroditas, en getallo, ispues una eS pig a terminal, sencilla o compuesta, en raro caso reducida a una sola flor; sépalos ñera IS P U , imbricados; pétalos también libres, desnudos y deciduos; estambres libres o filamentos filiformes i res er ul c j as . ovar io supero con numerosos óvulos apendiailado cápsula septicida, con semillas cilindricas o fusiformes provistas de una cama derecha y blanca Es género ampliamente representado en la flora mexicana. CLAVE DE LAS ESPECIES Hojas dísticas o dispuestas en dos series. Espigas terminales, plurífloras. Espigas axilares unifloras. Hojas polísticas o dispuesta en varias series. Plantas con varios escapos.. .. Plantas sin escapo o con escapo único. Inflorescencia sencilla, con flores dísticas o polísticas. Flores sésiles en medio de la roseta foliar, inclusas o apenas salientes de ella. Plantita con rizoma grueso y leñoso. Plantita sin rizoma. Cápsulas de 2 cm. o menos de largo. Cápsulas maduras de 314 cm. o más dé largo. 1T. RECURVATA 2T. USNEOIDES 3 -T. COMPLANATA 4T. ARGÉNTEA 5T. IONANTHA 6 T. BRACHYCAUL1S",55224332,II,1947.0,Internet Archive,florataxonomicaiiconz,"Biblioteca Conjunta de Ciencias de la Tierra, Instituto de Ciencias del Mar y Limnología, UNAM",Spanish,,Public domain. The BHL considers that this work is no longer under copyright protection.,"Bromeliáceas 73

1. Catopsis sessiliflora Mez. L. B. Smith. Estudios en Bromeliaceae, LXXXIX. 1: 70. 1930. De 20 a 40 centímetros de altura; hojas tubuloso-arrosetadas (15 centímetros por 2), redondeadas y mucronadas; escapo erguido con bracteas distanciadas; inflorescencia sencilla o poco ramosa, con raquis recto; bracteas florales más cortas que los sépalos; flores hermafroditas, de 1 centímetro de largo; sépalos suborbiculares; pétalos blancos, ovalado-lanceolados, algo más largos que los sépalos; estilo corto pero distinto; ovario ovoideo. Localidad en México sin especificar.

2. Catopsis cucullata L. B. Smith. Estudios en Bromeliaceae, Contr. Gray Herb. Harv. Univ. CIV: 72. 1934. Planta acaule, con hojas arrosetadas, punteado-escamosas, agudas y apiñadas, de 22 centímetros de largo por 2 de ancho en su base; escapo encorvado, con vainas ovaladas, agudas, más largas que los entrenudos; inflorescencia sencilla o algo paniculada, colgante; espigas de unos 10 centímetros de largo; bracteas floríferas ovaladas (1 a 1.2 centímetros de largo), más largas que las flores, con ápice enconado y abarquillado; flores hermafroditas con sépalos asimétricos (1 centímetro); pétalos algo más largos; estambres desiguales y estilo muy corto. Localidades en Veracruz: La Banderilla, Jilotepec, Jalapa, a 1,400 metros de altitud.

3. Catopsis apicroides Baker. Magueyito epifítico, de 25 centímetros o menos de altura; hojas basilares lanceolado-mucronadas (15 centímetros de largo por 2.5 en su parte más ancha); escapo delgado, algo más corto que las hojas, con dos bracteas; panoja terminal (9 centímetros de largo), muy poco ramosa, con pocas florecitas acompañadas de una pequeña bractea en su base. Localidad en el Cantón de Córdoba, Veracruz.

4. Catopsis compacta Mez. Epifítica dioica (?), de 40 a 65 centímetros de altura; hojas basilares coriáceas, lampiñas, agudas, hasta 40 centímetros de largo por 5 de ancho en su medianía, reduciéndose en el escapo, que es fuerte y termina en una panícula bipinada de 15 a 25 centímetros de longitud; inflorescencia masculina con ramificaciones ramosas, siendo sencillas o muy poco ramificadas en la base de las femeninas. Localidad en Coyula, Cuicatlán, Oaxaca, a 1,300 metros de altitud, en junio de 1909 y noviembre de 1919.

5. Tillandsia L. L. Smith. Estudios en Bromeliaceae, LXXXIX. 1: 70. 1930. En honor del Dr. Elias Till-Lands, profesor de medicina en Abo. En su mayor parte comprende plantas epífitas cubiertas de escamas grises y de hábito variable; hojas fasciculadas o distribuidas a lo largo del tallo, angostas y generalmente subtriangulares. Flores hermafroditas, en racimo, con una espiga terminal, sencilla o compuesta, en raros casos reducida a una sola flor; sépalos imbricados; pétalos libres, desnudos y deciduos; estambres libres o con filamentos filiformes; ovario supero con numerosos óvulos; cápsula septicida, con semillas cilíndricas o fusiformes, provistas de una cama blanca y derecha. Este género está ampliamente representado en la flora mexicana.

Clave de las especies:
- Hojas dispuestas en dos series.
- Espigas terminales, plurífloras.
- Espigas axilares unifloras.
- Hojas polísticas o dispuestas en varias series.
- Plantas con varios escapos.
- Plantas sin escapo o con escapo único.
- Inflorescencia sencilla, con flores dispuestas en dos series.
- Flores sésiles en medio de la roseta foliar, incluidas o apenas salientes.
- Plantita con rizoma grueso y leñoso.
- Plantita sin rizoma.
- Cápsulas de 2 cm o menos de largo.
- Cápsulas maduras de 3.14 cm o más de largo.

Especies:
1. T. recurbata
2. T. usneoidés
3. T. complanata
4. T. argéntea
5. T. ionantha
6. T. brachycaulis"
Cavendishia bracteata,"A AA A FLORA DE NICARAGUA ERICACEAE 825 Cavendishia bracteata (Ruiz Pav. ex J. St.-Hil.) oerold, Bot. Jahrb. Syst. 42: 280. 1909; Arbustos epífitos o terrestres, 1-4 m de alto, raramente arborescentes hasta 12 m de alto, glabros. Hojas oblongas, elípticas, ovadas o lanceoladas, (4.5) 6-10 (-16) cm de largo y (1.5-) 3-8 cm de ancho, ápice agudo a acuminado con frecuencia largamente acuminado, base redondeada, cuneada, subcordada, subtruncada o algo atenuada, plinervias; pecíolos 5-12 (-20) mm de largo, glabros a puberulentos. Inflorescencias axilares, racemosas a subfasciculadas, (4-) 6-20 flores, raquis (0.7-) 1.5-2 -3) cm de largo, brácteas florales elípticas a oblanceoladas, 16-20 mm de largo, rojas, pedicelos 5-8 (-13) mm de largo, basalmente bibracteolados, bractéolas 1.5-2.5 mm de largo, fimbriado-glandulares; cáliz ca 5-6 mm de largo, hipanto y limbo campanulado, lobos triangulares, agudos, 1.5-2.5 mm de largo, marginalmente eglandulares o fimbriado glandulares; corola (11-) 15-18 mm de largo, blanca o más comúnmente roja con ápices blancos; estambres ca (10-) 14-17 mm de largo. Baya 8-10 mm de diámetro. Ocasional a abundante en nebliselvas o bosques enanos, en todas las zonas del país; 600-1700 m; fl y fr durante todo el año; Pipoly 5256, Stevens 5559; México a Bolivia. Cavendishia callista Donn. Sm., Bot. Gaz. (Crawfordsville) 20: 5. 1895. Arbustos 1.5-2 m de alto, glabros, excepto en los pecíolos y corolas. Hojas lanceoladas a elípticas, 617 cm de largo y 2.5-6.5 cm de ancho, ápice corto acuminado, base redondeada a subcordada, plinervias; pecíolo 5-15 mm de largo, piloso dorsalmente. Inflorescencias axilares, racemosas, 20-35-flores, raquis hasta 13 cm de largo, brácteas florales oblongas, obovadas a oblanceoladas, 25-30 mm de largo, rosadas, pedicelos 8-9 mm de largo, bibracteolados cerca de la base, bractéolas 1 mm de largo, casi completamente engrosadas por glándulas; cáliz ca 7 de largo; hipanto cilíndrico, con apófisis basales, limbo cilíndrico, lobos triangulares, ca 2 mm de largo, agudos, completamente engrosados por glándulas; corola 18-23 mm de largo, densamente serícea, blanca, márgenes de los lobos con ápices morados; estambres ca 17-22 mm de largo. Baya (no conocida en Nicaragua) ca 10 mm de diámetro. Rara, conocida en Nicaragua por una sola colección, Neill 360 (7241) realizada en nebliselvas, Matagalpa; 1300 m; fl may; Guatemala a Ecuador, norte de Brasil y macizo guayanés. Cavendishia complectens Hemsl. ssp. complectens, Biol. Cent.-Amer., Bot. 2: 272. 1881. Arbustos epífitos, 1-1.5 m de alto, glabros. Hojas ovadas a semiorbiculares, 8-16 (-26) cm de largo y 5.5-10 (-17) cm de ancho, ápice obtuso a ampliamente redondeado, base cordada con los lobos basales redondeados e imbricados, amplexicaules, innatinervias; sésiles. Inflorescencias axilares, racemosas, 10-27 (-60) flores; raquis 4-9 (-20) cm de largo, brácteas florales elípticas a ovado-lanceoladas, 11-14 (-20) mm de largo, rojas, pedicelos mm de largo, basalmente bibracteolados, bocilcias 2-4 mm de largo, fimbriado-glandulares; cáliz 6-8 mm de largo; hipanto hemisférico, limbo campanulado, lobos reniformes, o ampliamente ovados, imbricados, redondeados, ca 3 mm de largo, medio y blanca apicalmente; estambres ca 7-9 mm de largo. Baya (no vista en colecciones de Nicaragua) ca 9 mm de diámetro Rara, nebliselvas, zona norcentral; 1200-1500 m; fl ene y may, fr ene y feb; Stevens 11503, 11695; Nicaragua al norte de Colombia. La otra subespecie, C. complectens ssp. striata (A.C. Sm.) Luteyn s distribuye desde el centro de Colombia hasta Perú. COMAROSTAPHYTIS Zucc. pra came arbutoides uy ssp. arbutoides, s Bot. Reg. 29: t. 30. 1843; Arctosperebeió pes Epa Hemsl.; C. chiriquiensis Camp; C. sleumeri Suess. Arbustos a árboles pequeños, 1-4 (-10) m de alto; ramitas jóvenes densamente pubérulas con tricomas rizados, eglandulares, canescentes a ferrugíneos, glabrescentes, corteza rojiza, delgada y desprendiéndose en tiras largas. Hojas alternas, elípticas a oblongas, (3-) 4.57 cm de largo y 1-2 cm de ancho, ápice obtuso o agudo, apiculado, base cuneada, margen entero e inconspicuamente undulado, pinnacon nervios densamente tomentulosos y al madurar a y nítidas en la haz, densamente ferrugíneas rnándose canescentetomentulosas en el envés; Pres 3-5 (-12) mm de largo, acanalados en la",62359441,v.85,2001.0,Internet Archive,mobot31753002849914,"Missouri Botanical Garden, Peter H. Raven Library",Spanish,http://biodiversity.org/permissions,In copyright. Digitized with the permission of the rights holder.,"Aquí tienes el texto limpio y corregido en español:

---

**FLORA DE NICARAGUA ERICACEAE**

*Cavendishia bracteata* (Ruiz Pav. ex J. St.-Hil.) oerold, Bot. Jahrb. Syst. 42: 280. 1909.  
Arbustos epífitos o terrestres, de 1 a 4 m de alto, raramente arborescentes hasta 12 m, glabros.  
Hojas oblongas, elípticas, ovadas o lanceoladas, de 4.5 a 16 cm de largo y 1.5 a 8 cm de ancho, con ápice agudo a acuminado, a menudo largamente acuminado, base redondeada, cuneada, subcordada, subtruncada o algo atenuada, con nervios plinervios.  
Pecíolos de 5 a 12 (hasta 20) mm de largo, glabros a puberulentos.  
Inflorescencias axilares, racemosas a subfasciculadas, con 4 a 20 flores, raquis de 0.7 a 3 cm de largo.  
Brácteas florales elípticas a oblanceoladas, de 16 a 20 mm de largo, rojas.  
Pedicelos de 5 a 8 (hasta 13) mm de largo, basalmente bibracteolados.  
Bractéolas de 1.5 a 2.5 mm de largo, fimbriado-glandulares.  
Cáliz de aproximadamente 5 a 6 mm de largo, con hipanto y limbo en forma de campana, lobos triangulares, agudos, de 1.5 a 2.5 mm de largo, marginalmente eglandulares o fimbriado glandulares.  
Corola de 11 a 18 mm de largo, blanca o más comúnmente roja con ápices blancos.  
Estambres de aproximadamente 10 a 17 mm de largo.  
La baya mide entre 8 y 10 mm de diámetro.  
Ocasionalmente abundante en nebliselvas o bosques enanos en todas las zonas del país, entre 600 y 1700 m de altitud. Florece y fructifica durante todo el año.  
Ejemplares: Pipoly 5256, Stevens 5559.  
Distribución: desde México hasta Bolivia.

*Cavendishia callista* Donn. Sm., Bot. Gaz. (Crawfordsville) 20: 5. 1895.  
Arbustos de 1.5 a 2 m de alto, glabros, excepto en los pecíolos y la corola.  
Hojas lanceoladas a elípticas, de 6 a 17 cm de largo y 2.5 a 6.5 cm de ancho, con ápice corto acuminado, base redondeada a subcordada, nervios plinervios.  
Pecíolos de 5 a 15 mm de largo, pilosos dorsalmente.  
Inflorescencias axilares, racemosas, con 20 a 35 flores, raquis de hasta 13 cm de largo.  
Brácteas florales oblongas, obovadas a oblanceoladas, de 25 a 30 mm de largo, rosadas.  
Pedicelos de 8 a 9 mm de largo, bibracteolados cerca de la base.  
Bractéolas de 1 mm de largo, casi completamente engrosadas por glándulas.  
Cáliz de aproximadamente 7 mm de largo.  
Hipanto cilíndrico, con apófisis basales.  
Limbo cilíndrico, lobos triangulares, de unos 2 mm de largo, agudos, completamente engrosados por glándulas.  
Corola de 18 a 23 mm de largo, densamente serícea, blanca, con márgenes de los lobos con ápices morados.  
Estambres de aproximadamente 17 a 22 mm de largo.  
La baya, no conocida en Nicaragua, mide alrededor de 10 mm de diámetro.  
Rara, conocida en Nicaragua por una sola colección, Neill 360 (7241), en nebliselvas de Matagalpa, a 1300 m de altitud. Florece en mayo.  
Distribución: desde Guatemala hasta Ecuador, norte de Brasil y el macizo guayanés.

*Cavendishia complectens* Hemsl. ssp. *complectens*, Biol. Cent.-Amer., Bot. 2: 272. 1881.  
Arbustos epífitos de 1 a 1.5 m de alto, glabros.  
Hojas ovadas a semiorbiculares, de 8 a 26 cm de largo y 5.5 a 10 cm de ancho, con ápice obtuso a ampliamente redondeado, base cordada con los lobos basales redondeados e imbricados, amplexicaules, con nervios densamente tomentulosos y al madurar nítidos en la haz, densamente ferrugíneas y canescentes en el envés.  
Peciolos de 3 a 5 (hasta 12) mm de largo, acanalados.

---

¿Quieres que continúe con el resto del texto?"
Jacana spinosa,"Characters.-Difiers from Jacana spinosa jacana (Linnaeus)? of northeastern South America in having the back paler (hazel instead of liver brown); rump and upper tail coverts Hessian brown instead of diamine brown; flanks and.under wing coverts chestnut instead of bay, the latter area much less marked-with blackish, the color of flanks often encroaching more on belly.",34606534,52.0,1939.0,Internet Archive,proceedingsofbi521939biol,Smithsonian Libraries and Archives,English,https://biodiversitylibrary.org/permissions,In copyright. Digitized with the permission of the rights holder.,"Characters: Differences from Jacana spinosa jacana (Linnaeus) of northeastern South America include a paler back (hazel instead of liver brown); rump and upper tail coverts Hessian brown instead of diamine brown; flanks and underwing coverts chestnut instead of bay, with the latter area being less marked and often showing blackish tones, with the flank color encroaching more on the belly."
Jacana spinosa,"The tarsus averages a little shorter in dorsalis, but the difference is so slight that it is of no use in identifying specimens. Eight adult males and six adult females of both forms compare in tarsal length as followsmales: dorsalis 49.5-57 (53.1), jacana 53.5-60.5 (56.8); females: dorsalis 57-62.5 (59.7), jacana 56.5-64 (60.3 mm.).",34606534,52.0,1939.0,Internet Archive,proceedingsofbi521939biol,Smithsonian Libraries and Archives,English,https://biodiversitylibrary.org/permissions,In copyright. Digitized with the permission of the rights holder.,"The tarsus is slightly shorter in dorsalis, but the difference is so minor that it is not useful for identifying specimens. Eight adult males and six adult females of both forms were compared in tarsal length as follows: males—dorsalis 49.5-57 mm (average 53.1 mm), jacana 53.5-60.5 mm (average 56.8 mm); females—dorsalis 57-62.5 mm (average 59.7 mm), jacana 56.5-64 mm (average 60.3 mm)."
Jacana spinosa,"The snipes, sandpipers, curlews, ete., form another and still larger family than the plovers, being known as the Scoropaciy , a group of considerable homogeneity, and chiefly characterized by the long, thin, and flexible bill, which is coyered by a soft skin, at the end richly provided with nerves that make the bill a very sensitive probe",13507327,,,Internet Archive,standardnaturalh00kings,Smithsonian Libraries and Archives,English,,Public domain. The BHL considers that this work is no longer under copyright protection.,"The snipes, sandpipers, curlews, etc., form another and even larger family than the plovers, known as the Scolopacidae. This group is of considerable homogeneity and is chiefly characterized by the long, thin, and flexible bill, which is covered by soft skin and richly supplied with nerves at the end, making the bill a very sensitive probe."
Jacana spinosa,"76 tllE CONDOR Vol. XII considerably incubated and Heermann Gulls were both fresh and advanced in incubation; one chick just hatcht was found on April 14. Other birds that pass the southern border of the United States, found nesting there, are Audubon Caracara ( Polyborus cheriway ) , Mexican Ground Dove ( Columbigallina passerine! pallescens ) and Frazar Oyster-catcher. Tho Caracaras were so abundant in Mexico only one nest was located, found by Mr. Virgil Owen on April 10. A few Yellow-crowned Night Herons ( Nycticorax violaceus) were observed but were not nesting. Mr. Pingree Osburn shot a Laughing Falcon ( Herpetotheres cachinnans) with a Ridgway Noddy (Anous stolidus ridgwayi) in its talons, the only ones of either seen. One Duck Hawk ( Falco peregrinus a nation) was seen. On the loth we left the islands in a little yawl for Las Penas situated on Banderas Bay and some twenty miles away. We spent three weeks there where practically all our collecting was done. At Las Penas the hills come right down to the beach andjrack of the hills rise mountains some 4000 feet in elevation. To the north of the town is a flat country in which there are several rivers and many sloughs or esteros and considerable forest, mostly of cocoanut and other tropical trees. We found this wet flat land ideal for the herons and they were well represented in both species and numbers. Here we made acquaintance with the Roseate Spoonbill ( Ajaia ajaia ), a bird of which I believe we have only two records for California. Only fourteen were seen. A pair or so would come down to the river mouth early in the mornings to feed; in feeding they are very graceful and exceedingly quick. We could not locate their breeding grounds as the swamps were simply impenetrable. The Wood Ibis ( Tantalus loculator ) was present tho sparingly. Mr. Owen took one and I had the good fortune to witness several in their flights. That curious heron, the Boat-bill ( Cancroma zeledoni) occupied every bog hole in company with the Black-crowned Night Heron Nycticorax nycticorax naevius) Anthony Green Heron ( Butorides virescens anthonyi) Louisiana Heron ( Hydranassa tricolor nt icollis) and Little Blue Heron ( Florida cacrulca ), while the Great Blue Heron seemed to keep more to the beach. American Egrets Udcrodias egretta) and Snowy Herons ( Ardca candidissima ) were quite rare. A few were seen in secluded swamps. Anhingas ( Anhinga anhinga) Mexican Cormorants ( Phala crocorax mexicanus) , White Ibis ( Guam alba) White-faced Glossy Ibis ( I 'l egad is guarauna) were present in large numbers, tho the first two were solitary in their habits. The latter two fed in flocks, the two species not intermingling however. Mexican Grebes ( Colymbus dominions brachypterus) , Mexican Jacanas ( Jacana spinosa), Blue-winged Teal ( Querquedula discors) and American Coots (Fulica americana) were common. The only rail seen was the Mexican King Rail ( Rallus tenuirostris) a single specimen being taken by Mr. Osburn at San Bias. Going from the swamps to the beach at the river mouth, old familiar friends could be found such as Royal Terns ( Sterna maxima ), Least Terns ( Sterna antillarum ) , Black-neckt Stilts ( Himantopus mexicanus) Least Sandpipers ( Pisobia minutilla) Greater Yellow-legs ( Totanus melanoleucus) , Yellow-legs ( Totauus Jlavipes) , Western Willets ( Symphemia semipalmata inornata) , Hudsonian Curlew pjumenius hudsonicus) , Long-billed Curlew ( Nunienius longirostris) , Killdeer( Oxyechus voci ferns) , Snowy Plover (Aegialitis nivosa) and Spotted Sandpipers ( Act it is macularia) . Two Black Skimmers ( Rynchops nigra) were seen together on one occasion, and one was secured. In the cocoanut groves and around the mangoe trees were the homes of Finsch Parrots ( Amazona Jinschi ) , White-fronted Parrots (Amazona alln fro ns), Red-andblue-headed Parakeets Como us canicular is) and the Military Macaw r ( Ara mili-",53617345,,,Internet Archive,condor111219091910coop,Smithsonian Libraries and Archives,English,,Not in copyright. The BHL knows of no copyright restrictions on this item.,"Here is the cleaned and corrected version of your text:

---

The Condor Vol. XII

Considerably incubated, Heermann Gulls were both fresh and advanced in incubation; one chick just hatched was found on April 14. Other birds passing the southern border of the United States and nesting there include the Audubon Caracara (Polyborus cheriway), Mexican Ground Dove (Columbigallina passerina pallescens), and Frazar Oyster-catcher. The Caracaras were so abundant in Mexico that only one nest was located, found by Mr. Virgil Owen on April 10. A few Yellow-crowned Night Herons (Nycticorax violaceus) were observed but were not nesting. Mr. Pingree Osburn shot a Laughing Falcon (Herpetotheres cachinnans) with a Ridgway Noddy (Anous stolidus ridgwayi) in its talons—the only ones of either species seen. One Duck Hawk (Falco peregrinus anatum) was also observed.

On the 10th, we left the islands in a small yawl for Las Penas, situated on Banderas Bay, about twenty miles away. We spent three weeks there, during which practically all our collecting was done. At Las Penas, the hills come right down to the beach, and ridges of the hills rise to mountains approximately 4,000 feet in elevation. To the north of the town is a flat country with several rivers, many sloughs or esteros, and considerable forest, mostly of coconut and other tropical trees. We found this wet flat land ideal for herons, which were well represented in both species and numbers.

Here, we made the acquaintance of the Roseate Spoonbill (Ajaia ajaia), a bird for which we have only two records in California. Only fourteen were seen. A pair or so would come down to the river mouth early in the mornings to feed; they are very graceful and exceedingly quick when feeding. We could not locate their breeding grounds, as the swamps were simply impenetrable. The Wood Ibis (Tantalus loculator) was present but sparingly. Mr. Owen took one, and I had the good fortune to witness several in flight.

The curious heron, the Boat-bill (Cancroma zeledoni), occupied every bog hole in company with the Black-crowned Night Heron (Nycticorax nycticorax naevius), Anthony Green Heron (Butorides virescens anthonyi), Louisiana Heron (Hydranassa tricolor nigricollis), and Little Blue Heron (Egretta caerulea), while the Great Blue Heron seemed to stay more along the beach. American Egrets (Egretta egretta) and Snowy Herons (Ardea candidissima) were quite rare, with a few seen in secluded swamps. Anhingas (Anhinga anhinga), Mexican Cormorants (Phalacrocorax mexicanus), White Ibis (Guara alba), and White-faced Glossy Ibis (Plegadis guarauna) were present in large numbers, though the first two species were solitary in their habits. The latter two fed in flocks, but the two species did not intermix.

Mexican Grebes (Colymbus dominicus brachypterus), Mexican Jacanas (Jacana spinosa), Blue-winged Teal (Querquedula discors), and American Coots (Fulica americana) were common. The only rail observed was the Mexican King Rail (Rallus tenuirostris), with a single specimen taken by Mr. Osburn at San Bias.

Moving from the swamps to the beach at the river mouth, familiar species could be found, such as Royal Terns (Sterna maxima), Least Terns (Sterna antillarum), Black-necked Stilts (Himantopus mexicanus), Least Sandpipers (Calidris minutilla), Greater Yellowlegs (Tottinus melanoleucus), Yellowlegs (Tottinus flavipes), Western Willets (Scolopax semipalmata inornata), Hudsonian Curlew (Numenius hudsonicus), Long-billed Curlew (Numenius longirostris), Killdeer (Oxyechus vociferus), Snowy Plover (Aegialitis nivosa), and Spotted Sandpipers (Actitis macularia). Two Black Skimmers (Rynchops niger) were seen together on one occasion, and one was secured.

In the coconut groves and around mango trees, the homes of Finsch Parrots (Amazona finschi), White-fronted Parrots (Amazona albifrons), Red- and Blue-headed Parakeets (Cyanoliseus canicularis), and the Military Macaw (Ara militaris) could be found.

---

Let me know if you'd like any further revisions!"
Jacana spinosa,"Waterfowl: A very important breeding area for waterfowl and wintering area for Nearctic migrants. Common breeding species include Nycticorax nycticorax, Cochlearius cochlearius, Egretta caerulea, E. thula, E. alba, Mycteria americana, Eudocimus albus, Ajaia ajaja, Dendrocygna autumnalis, Cairina moschata, Aramus guarauna, Aramides cajanea, Porphyrula martinica and Jacana spinosa. Jabiru mycteria also breeds. Common migrants include Ardea herodias, Anas discors, A. clypeata, Fulica americana, a variety of shorebirds, and Larus atricilla.",31351015,,,Internet Archive,directoryofneotr86scot,"UNEP-WCMC, Cambridge",English,,Copyright Owner: IUCN Conservation Monitoring Centre,"Waterfowl: A very important breeding and wintering area for waterfowl and Nearctic migrants. Common breeding species include Nycticorax nycticorax, Cochlearius cochlearius, Egretta caerulea, Egretta thula, Egretta alba, Mycteria americana, Eudocimus albus, Ajaia ajaja, Dendrocygna autumnalis, Cairina moschata, Aramus guarauna, Aramides cajanea, Porphyrula martinica, and Jacana spinosa. Jabiru mycteria also breeds here. Common migrants include Ardea herodias, Anas discors, Anas clypeata, Fulica americana, various shorebirds, and Larus atricilla."
Jacana spinosa,"Other fauna: Rostrhamus sociabilis is a common breeding bird, and Caiman crocodilus occurs. Threats: The main threats to the region are a project to drain the whole area for rice cultivation and other agriculture (Proyecto de Riego Zambrano-Tisma), and a project to build a canal between Lake Managua and Lago de Tisma and pump water back into Lake Managua for the generation of hydroelectricity (Proyecto Armijo).",31351015,,,Internet Archive,directoryofneotr86scot,"UNEP-WCMC, Cambridge",English,,Copyright Owner: IUCN Conservation Monitoring Centre,"Other fauna: Rostrhamus sociabilis is a common breeding bird, and Caiman crocodilus is present. Threats: The main threats to the region include a project to drain the entire area for rice cultivation and other agricultural activities (Proyecto de Riego Zambrano-Tisma), as well as a project to build a canal between Lake Managua and Lago de Tisma and pump water back into Lake Managua for hydroelectric power generation (Proyecto Armijo)."
Jacana spinosa,"Location: 15 45 N, 88 50 W; between Lago de Izabal and Bahia de Amatique on the Caribbean coast, Izabal Department. Area: c.10,000 ha. Altitude: 0-10m. Province and type: 8.16.4; 07, 08, 09, 16, 17 18. Site description: A very slow-flowing river between Lago de Izabal and the Caribbean, with a wide lake-like section (Golfete) 16 km long by 7 km at its widest, and up to 13m deep. The water level fluctuates seasonally by about 0.9m. There are mangrove swamps near the coast; swamp forests inland; and extensive marshes, wet meadows and seasonally flooded plains, particularly along the lower Rio Chocon. Winter flooding creates one large lake. In summer, as the water level falls, sea water intrudes into the Rio Dulce, and the water becomes brackish up to Lago de Izabal. Some of the best wetland habitat is in the delta marshes of the Rio Chocon, on the north shore of Golfete. Principal vegetation: Mangrove swamps dominated by Rhizophora mangle and Pachira aquatica; lakes and marshes with species of Typha, Scirpus, Ceratophyllum, Vallisneria and Cabomba; and swamp forest with Pithecolobium belizense, Pterocarpus officinalis, Spondias mombin, Terminalia amazonia and the palm Desmoncus ferox. In a region of humid tropical forest, although most of the original forest has now been cleared. Land tenure: State owned. Protection: A strip one km wide along the shore of the river is included in the Rio Dulce National Park. The northern portion of Golfete, the delta of the Rio Chocon and adjacent land are included in the ""Biotopo Chocon-Machacas"" reserve (7,600 ha), established for the conservation of the manatee and managed by CECON with the assistance of INGUAT. The southern shore of Golfete is unprotected. Land use: Traditional fishing, transportation and recreation. Waterfowl: An important area for a wide variety of waterfowl including several which are rare elsewhere in Guatemala. Residents include Podilymbus podiceps, Pelecanus cccidentalis, Anhinga anhinga, Tigrisoma mexicanum, Nyctanassa violacea, Cochlearius cochlearius, Butorides virescens, Egretta thula, E. alba, Mycteria americana, Jabiru mycteria, Ajaia ajaja, Cairina moschata, Aramus guarauna, Aramides cajanea, Laterallus ruber, Porphyrula martinica, Fulica americana, Heliornis fulica, Eurypyga helias, Jacana spinosa and Himantopus himantopus. A number of Nearctic shorebirds and Laridae have been recorded on migration and in winter, the commoner species including Charadrius vociferus, Tringa solitaria and Actitis macularia. Other fauna: The Osprey Pandion haliaetus is a common non-breeding visitor. The Central American Otter Lutra anectens, Baird s Tapir Tapirus bairdii and the manatee Trichechus manatus occur in small numbers, and the area supports a rich fish fauna. Threats: A project for intensive agricultural development in the region threatens to alter much of the wetland habitat. There is some pollution from domestic sewage, and some illegal hunting. Surrounding areas are rapidly being deforested. Research and conservation: The region is of considerable geological interest in that it lies on the Polochic Fault which cuts across Guatemala from east to west, and delimits the North American and Caribbean tectonic plates. Some preliminary studies have been conducted on the fauna and flora, and a master plan has been prepared for the Biotopo Chocon-Machacas. The area under management includes five small lakes with an average size of 20 ha, and seven small tributaries. References: USAC INGUAT (1981); IUCN (1982). Source: Luis M. Villar Anleu. Criteria for inclusion: 2a, 2b 3a.",31350968,,,Internet Archive,directoryofneotr86scot,"UNEP-WCMC, Cambridge",English,,Copyright Owner: IUCN Conservation Monitoring Centre,"Location: 15°45′N, 88°50′W; between Lago de Izabal and Bahia de Amatique on the Caribbean coast, Izabal Department.  
Area: approximately 10,000 hectares.  
Altitude: 0-10 meters.  
Province and type: 8.16.4; 07, 08, 09, 16, 17, 18.  

Site description: A very slow-flowing river between Lago de Izabal and the Caribbean, featuring a wide lake-like section called Golfete, which is 16 km long and up to 7 km wide, with depths reaching 13 meters. The water level fluctuates seasonally by about 0.9 meters. Mangrove swamps are located near the coast, with inland swamp forests, extensive marshes, wet meadows, and seasonally flooded plains, especially along the lower Rio Chocon. Winter flooding creates a large lake, while in summer, as water levels fall, seawater intrudes into the Rio Dulce, making the water brackish up to Lago de Izabal. The delta marshes of the Rio Chocon on the north shore of Golfete contain some of the best wetland habitats.  

Principal vegetation: Mangrove swamps dominated by Rhizophora mangle and Pachira aquatica; lakes and marshes with species such as Typha, Scirpus, Ceratophyllum, Vallisneria, and Cabomba; swamp forests with Pithecolobium belizense, Pterocarpus officinalis, Spondias mombin, Terminalia amazonia, and the palm Desmoncus ferox.  

In a region of humid tropical forest, most of the original forest has now been cleared.  

Land tenure: State-owned.  

Protection: A one-kilometer-wide strip along the river shore is included in the Rio Dulce National Park. The northern portion of Golfete, the delta of the Rio Chocon, and adjacent land are part of the Biotopo Chocon-Machacas reserve (7,600 hectares), established to conserve the manatee and managed by CECON with assistance from INGUAT. The southern shore of Golfete remains unprotected.  

Land use: Traditional fishing, transportation, and recreation.  

Waterfowl: An important habitat for a wide variety of waterfowl, including several species that are rare elsewhere in Guatemala. Resident species include Podilymbus podiceps, Pelecanus occidentalis, Anhinga anhinga, Tigrisoma mexicanum, Nyctanassa violacea, Cochlearius cochlearius, Butorides virescens, Egretta thula, Egretta alba, Mycteria americana, Jabiru mycteria, Ajaia ajaja, Cairina moschata, Aramus guarauna, Aramides cajanea, Laterallus ruber, Porphyrula martinica, Fulica americana, Heliornis fulica, Eurypyga helias, Jacana spinosa, and Himantopus himantopus.  

Migration and wintering species include Nearctic shorebirds and Laridae, such as Charadrius vociferus, Tringa solitaria, and Actitis macularia.  

Other fauna: The Osprey (Pandion haliaetus) is a common non-breeding visitor. Small numbers of Central American Otters (Lutra anectens), Baird’s Tapir (Tapirus bairdii), and manatees (Trichechus manatus) are present, and the area supports a rich fish fauna.  

Threats: Intensive agricultural development projects threaten to alter much of the wetland habitat. Pollution from domestic sewage and illegal hunting are concerns. Surrounding areas are experiencing rapid deforestation.  

Research and conservation: The region is of significant geological interest as it lies on the Polochic Fault, which cuts across Guatemala from east to west and separates the North American and Caribbean tectonic plates. Preliminary studies have been conducted on the flora and fauna, and a master plan has been developed for the Biotopo Chocon-Machacas. The protected area includes five small lakes averaging 20 hectares each and seven small tributaries.  

References: USAC INGUAT (1981); IUCN (1982)."
Jacana spinosa,"Our bird fauna, like our entire fauna, owing to the protection given by the great lakes, which nearly surround us, is very interesting. As Dr. C. Hart Merriam has shown by a colored map, issued by the Department of Agriculture in March, 1892, we have three distinct faunz represented in our State: The Boreal in the north, which includes our Northern Peninsula and the northern part of the Southern Peninsula; the Transition, which occupies nearly all of the Southern Peninsula and reaches slightly into Indiana and Ohio; and the Upper Sonoran which, though mostly to the south of us, reaches into the southeastern and southwestern corners of the State. Thus we meet in Michigan many birds peculiar to the far north, and others that dwell for the most part in the states and countries south of us, even reaching to or beyond the gulf. The first are illustrated in the Bohemian Wax-wing, the Spruce Partridge, the Canada Jay and the Pine Grosbeak; while the Summer Red Bird, the Mocking Bird and the Cardinal Red Bird illustrate the second group. The large lakes attract to us many birds that are usually maritime, like the gulls and the terns; while in southern Michigan, with its prairies and woodlands both widely distributed, we get the prairie fauna, illustrated in the Pinnated Grouse, as well as those birds which are most at home in the forests or wooded areas, like most of the thrushes and the warblers. This accounts for the very large list of woodland warblers which we find in our State.",4921116,,,Internet Archive,annualreportofse32mich,"New York Botanical Garden, LuEsther T. Mertz Library",English,,NOT_IN_COPYRIGHT,"Our bird fauna, like our entire fauna, is very interesting due to the protection provided by the Great Lakes, which nearly surround us. As Dr. C. Hart Merriam has shown on a colored map issued by the Department of Agriculture in March 1892, our state is home to three distinct faunas: the Boreal in the north, which includes our Northern Peninsula and the northern part of the Southern Peninsula; the Transition, which occupies nearly all of the Southern Peninsula and extends slightly into Indiana and Ohio; and the Upper Sonoran, which, although mostly to the south of us, reaches into the southeastern and southwestern corners of the state. 

In Michigan, we encounter many birds peculiar to the far north, as well as others that primarily dwell in states and countries south of us, even reaching the Gulf or beyond. The first group includes species such as the Bohemian Waxwing, the Spruce Partridge, the Canada Jay, and the Pine Grosbeak. The second group is represented by birds like the Summer Red Bird, the Mockingbird, and the Cardinal Red Bird. 

The large lakes attract many maritime birds, such as gulls and terns. In southern Michigan, with its widespread prairies and woodlands, we find prairie fauna, exemplified by the Pinnated Grouse, as well as birds that are most at home in forests or wooded areas, like most thrushes and warblers. This diversity accounts for the very large list of woodland warblers found in our state."
Jacana spinosa,"The following birds have been reported from Michigan, but after as full inquiry as I have been able to make, I do not feel warranted in admitting them to this list: Sula bassana, Camptolaimus labradorius, Somateria mollissima boreallis, Ardea coerulea, Nycticorax violaceus, Rallus longirostris crepitans, Tringa maritima, Pavoncella pugnax, Hematopus paliatus, Jacana spinosa, Dendragapus franklinii, Sayornis saya, Quiscalus quiscula, Milvulus tyrannus, Acanthis hornemanii exilipes, Ammodramus leconteii, Sitta pusilla, Parus carolinensis, and Sialia arctica. There are a few more that seem to be of very doubtful occurrence in our State. but I do not feel warranted in excluding them, but have expressed doubt as to their belonging to our Michigan fauna in the text.",4921116,,,Internet Archive,annualreportofse32mich,"New York Botanical Garden, LuEsther T. Mertz Library",English,,NOT_IN_COPYRIGHT,"The following birds have been reported from Michigan, but after a thorough inquiry, I do not feel justified in including them in this list: Sula bassana, Camptolaimus labradorius, Somateria mollissima borealis, Ardea coerulea, Nycticorax violaceus, Rallus longirostris crepitans, Tringa maritima, Pavoncella pugnax, Hematopus palliatus, Jacana spinosa, Dendragapus franklinii, Sayornis saya, Quiscalus quiscula, Milvulus tyrannus, Acanthis hornemanni exilipes, Ammodramus leconteii, Sitta pusilla, Parus carolinensis, and Sialia arctica. There are a few others that seem to be of very doubtful occurrence in our state, but I do not feel justified in excluding them; I have expressed doubt regarding their inclusion in the Michigan fauna in the text."
Jacana spinosa,"Waterfowl: A very important breeding area for waterfowl, and an important passage and wintering area for Anatidae and shorebirds. Breeding birds include Phalacrocorax olivaceus (500 pairs), Anhinga anhinga (50 pairs), Nycticorax nycticorax (50 pairs), Cochlearius cochlearius (300 pairs), Bubulcus ibis (200 pairs), Egretta tricolor (600 pairs), E. thula (600 pairs), E. alba (200 pairs), Mycteria americana (200 pairs), Eudocimus albus (25 pairs), Ajaia ajaja (250 pairs), Himantopus himantopus (10 pairs), and Sterna albifrons (10 pairs). Jacana spinosa also breeds. Wintering birds in recent years have included up to 105 Pelecanus occidentalis, small numbers of Ajaia ajaja, up to 26,000 Anatidae (mainly Aythya affinis), and 1,200 Fulica americana.",31350995,,,Internet Archive,directoryofneotr86scot,"UNEP-WCMC, Cambridge",English,,Copyright Owner: IUCN Conservation Monitoring Centre,"Waterfowl: This area is a very important breeding site for waterfowl and serves as a key passage and wintering area for Anatidae and shorebirds. Breeding birds include Phalacrocorax olivaceus (500 pairs), Anhinga anhinga (50 pairs), Nycticorax nycticorax (50 pairs), Cochlearius cochlearius (300 pairs), Bubulcus ibis (200 pairs), Egretta tricolor (600 pairs), Egretta thula (600 pairs), Egretta alba (200 pairs), Mycteria americana (200 pairs), Eudocimus albus (25 pairs), Ajaia ajaja (250 pairs), Himantopus himantopus (10 pairs), and Sterna albifrons (10 pairs). Jacana spinosa also breeds. In recent years, wintering birds have included up to 105 Pelecanus occidentalis, small numbers of Ajaia ajaja, up to 26,000 Anatidae (mainly Aythya affinis), and 1,200 Fulica americana."
Jacana spinosa,"Other fauna: Pandion haliaetus occurs in winter. A wide variety of mammals have been recorded in the National Park, including Felis pardalis, Canis latrans and Odocoileus virginianus. The freshwater turtles Kinosternon cruentatum and Pseudemys scripta occur in the lagoons, and the sea turtles Lepidochelys olivacea, Eretmochelys imbricata and Dermochelys coriacea occur along the coast.",31350995,,,Internet Archive,directoryofneotr86scot,"UNEP-WCMC, Cambridge",English,,Copyright Owner: IUCN Conservation Monitoring Centre,"Other fauna: Pandion haliaetus occurs in winter. A wide variety of mammals have been recorded in the national park, including Felis pardalis, Canis latrans, and Odocoileus virginianus. The freshwater turtles Kinosternon cruentatum and Pseudemys scripta are found in the lagoons, and the sea turtles Lepidochelys olivacea, Eretmochelys imbricata, and Dermochelys coriacea occur along the coast."
Jacana spinosa,"Two years ago Dr. Arthur P. Chadbourne described a new Spizella from southern Texas. His description was based on specimens in winter plumage, from which he assumed the new form to be merely a subspecies of Spzzella pusilla. Mr. Ridgway redescribed the bird in his new Manual of North American Birds, but was no better off for material, all of his specimens being in fall or winter plumage (though not so stated in the Manual). Mr. Vernon Bailey has recently sent me an adult",16315750,5.0,1888.0,Internet Archive,auk51888amer,Smithsonian Libraries and Archives,English,,Public domain. The BHL considers that this work is no longer under copyright protection.,"Two years ago, Dr. Arthur P. Chadbourne described a new Spizella from southern Texas. His description was based on specimens in winter plumage, leading him to assume that the new form was merely a subspecies of Spizella pusilla. Mr. Ridgway redescribed the bird in his new Manual of North American Birds but was limited by the available material, as all of his specimens were in fall or winter plumage (though this was not specified in the Manual). Recently, Mr. Vernon Bailey sent me an adult specimen."
Jacana spinosa,"The semipalmated plover is at present apparently rather a rare migrant. One was seen on the north coast of Vieques March 380, but was not secured. Gundlach (1878a, p. 189) records it as common in September at Mayagitiez and as occurring in April, May, and June, while Sundevall (1869, p. 602) notes a specimen taken by Hjalmarson in winter. Stahl (1883, p. 152) had three specimens in his collection, one of which was examined in San Juan by Dr. Richmond (MS.), who also collected specimens March 5, 1900, at Luquillo, which were not preserved. Stahl (1887, p. 449) notes that they arrive the middle of August.",41879262,,,Internet Archive,birdsofportorico326wetm,"U.S. Department of Agriculture, National Agricultural Library",English,,The contributing institution believes that this item is not in copyright,"The semipalmated plover is currently considered a rather rare migrant. One was observed on the north coast of Vieques in March, but it was not captured. Gundlach (1878a, p. 189) records it as common in September at Mayagitiez and as occurring in April, May, and June. Sundevall (1869, p. 602) notes a specimen taken by Hjalmarson during winter. Stahl (1883, p. 152) had three specimens in his collection, one of which was examined in San Juan by Dr. Richmond (MS.), who also collected specimens on March 5, 1900, at Luquillo, though they were not preserved. Stahl (1887, p. 449) mentions that they arrive in mid-August."
Jacana spinosa,"Waterfowl: An extremely important area for a wide variety of breeding and wintering waterfowl; about 70 species have been recorded. The Zapata Rail Cyanolimnas cerverai is apparently confined to the swamp. The bird is not common, but recent observations indicate that it may be more widespread in the swamp that was previously supposed, and it appears not to be in any real danger. The swamp is also the most important breeding area for the endangered Cuban race of the Sandhill Crane Grus canadensis nesiotes. The population in the swamp is currently thought to number 30-40 birds. Other resident species include Pelecanus occidentalis, Phalacrocorax olivaceus, Anhinga anhinga, Ixobrychus exilis, Nycticorax nycticorax, Egretta caerulea, E. tricolor, E. rufescens, E. thula, E. alba, Ardea herodias repens, Mycteria americana, Eudocimus albus, Plegadis falcinellus, Ajaia ajaja, Oxyura jamaicensis, Aramus guarauna, Rallus elegans ramsdeni, R. maculatus, Porzana flaviventer, Gallinula chloropus, Porphyrula martinica, Fulica americana, Jacana spinosa and Charadrius vociferus. Phoenicopterus ruber is a regular non-breeding visitor in large numbers; up to 3,000 have been observed at Las Salinas. Many Nearctic Ardeidae, Anatidae, shorebirds and Laridae are common on passage and in winter, and Anas discors is abundant.",31351114,,,Internet Archive,directoryofneotr86scot,"UNEP-WCMC, Cambridge",English,,Copyright Owner: IUCN Conservation Monitoring Centre,"Waterfowl: An extremely important area for a wide variety of breeding and wintering waterfowl, with about 70 species recorded. The Zapata Rail Cyanolimnas cerverai is apparently confined to the swamp. Although the bird is not common, recent observations suggest it may be more widespread in the swamp than previously thought, and it does not appear to be in any real danger. The swamp is also the most important breeding area for the endangered Cuban race of the Sandhill Crane Grus canadensis nesiotes. The population in the swamp is currently estimated to be between 30 and 40 birds. Other resident species include Pelecanus occidentalis, Phalacrocorax olivaceus, Anhinga anhinga, Ixobrychus exilis, Nycticorax nycticorax, Egretta caerulea, Egretta tricolor, Egretta rufescens, Egretta thula, Egretta alba, Ardea herodias repens, Mycteria americana, Eudocimus albus, Plegadis falcinellus, Ajaia ajaja, Oxyura jamaicensis, Aramus guarauna, Rallus elegans ramsdeni, Rallus maculatus, Porzana flaviventer, Gallinula chloropus, Porphyrula martinica, Fulica americana, Jacana spinosa, and Charadrius vociferus. The American flamingo Phoenicopterus ruber is a regular non-breeding visitor in large numbers; up to 3,000 individuals have been observed at Las Salinas. Many Nearctic Ardeidae, Anatidae, shorebirds, and Laridae are common during migration and winter, with Anas discors being particularly abundant."
Jacana spinosa,"Other fauna: There are two passerines endemic to the swamp; the rare Zapata Wren Ferminia cerverai, and the nominate race of the Zapata Sparrow Torreornis inexpectata. The Snail Kite Rostrhamus sociabilis plumbeus is still very common, and the rare Gundlach s Hawk Accipiter gundlachii breeds. The endangered Bachman s Warbler Vermivora bachmani was observed twice by Garrido in the early 1960s. Pandion haliaetus and Falco peregrinus occur in winter.",31351114,,,Internet Archive,directoryofneotr86scot,"UNEP-WCMC, Cambridge",English,,Copyright Owner: IUCN Conservation Monitoring Centre,"Other fauna: There are two passerines endemic to the swamp: the rare Zapata Wren (Ferminia cerverai) and the nominate race of the Zapata Sparrow (Torreornis inexpectata). The Snail Kite (Rostrhamus sociabilis plumbeus) remains very common, and the rare Gundlach's Hawk (Accipiter gundlachii) breeds in the area. The endangered Bachman's Warbler (Vermivora bachmani) was observed twice by Garrido in the early 1960s. Pandion haliaetus and Falco peregrinus occur during winter."
Jacana spinosa,"MISCELLANEOUS NOTES 10. SIGHTING OF THE THREETOED KINGFISHER CEYX ERITHACUS ERITHACUS (LINN.) IN PUNE CITY On October 1 1, 1995, a threetoed kingfisher Ceyx erithacus erithacus was sighted on the banks of the Mula-Mutha river in the vicinity of one of the most crowded parts of Pune. Mr. Deepak Shinde, a local forest guard, first reported having seen a multicoloured bird which I subsequently identified as the threetoed kingfisher. I was deeply overwhelmed on sighting this kingfisher, which usually inhabits moist deciduous and evergreen forests and resides close to waterbodies like streams and rivulets. During the monsoon this bird disperses far and wide and usually dies by dashing against walls or shutters of windows. (compact HANDBOOK OF THE BIRDS OF INDIA AND PAKISTAN, Ali and Ripley, 1987). When I first saw this bird, it was perched on a bamboo twig and seemed to be completely exhausted. We tried to save the bird. However, on that rain-soaked, breezy, cloudy evening an evening difficult for local migratory birds the kingfisher was soon found to be dead. Mr. Ramesh Salunke, a taxidermist of the Zoological Survey of India, while skinning the bird, noticed fine fissures and cracks on the skull. From these head injuries it appeared that the bird had hit against something. Dr. Savita Paknikar, a pathologist, found nothing in the stomach that could have contributed to its death. During the monsoons, the threetoed kingfisher is occasionally seen in the dry deciduous forests of the Sinhagad valley about 20 km southwest of Pune. October 27, 1 997 KIRAN PURAND ARE 62 A, Prashant , Erandwane Gaonthan, Off Karve Road, Pune 411 004. 1 1 . INFANTICIDE IN HOOPOE UPUPA EPOPS LINNAEUS During a stay at Corbett Tiger Reserve in Uttar Pradesh, India, I witnessed interesting behaviour in hoopoes ( Upupa epops). I stayed at Dhikala in a house which had a wooden floor, with numerous crevices in it. According to the residents, a pair of hoopoes would make a nest in one of these holes almost every year. On March 3, 1997, the first nesting was observed . After a few days, the female started incubating while the male brought her food. Sometimes the male would bring food (usually grubs, termites etc.) almost forty times in a day. After about two weeks, the chicks hatched and faint noises from inside the hole could be heard. The female had now come out of the nest and on March 20, 1 997, 1 saw a hoopoe, probably a male, constantly pecking at the entrance of the nest. 1 saw it trying to go inside the nest in which it finally succeeded. It appeared to be pecking at something, as a lot of drumming noises could be heard. After some time, it came out with some feathers in its beak which it promptly threw down the balcony. It went back in, to come out with a live chick in its beak. This chick was also thrown down the balcony. The robbing continued, and again it managed to come out with an egg which was also thrown down. Such systematic killing of dependent offspring by replacing males is widespread among animals and has been reported in several primate species e.g. langurs ( Presbytis entellus, Hrdy 1977), lions Panther a leo , Bertram 1975), captive rodents e.g. collared lemming Dicrostonyx groenlandicus, Mallory and Brooks 1978) and among birds in male bam swallows Hirundo rustica), house wrens Troglodytes aedon), house sparrows Passer domesticus) and female Northern jacanas Jacana spinosa) as reported by Rowher (1986). 318 JOURNAL, BOMBAY NATURAL HISTORY SOCIETY, 96(2) AUG. 1999",48582997,96.0,1999.0,Internet Archive,journalofbombay961999bomb,Smithsonian Libraries and Archives,English,https://www.biodiversitylibrary.org/permissions/,In Copyright. Digitized with the permission of the rights holder,"Here is the cleaned and corrected version of your text:

---

**MISCELLANEOUS NOTES**

**10. Sighting of the Threetoed Kingfisher (Ceyx erithacus erithacus) in Pune City**  
On October 11, 1995, a threetoed kingfisher was sighted on the banks of the Mula-Mutha River near one of the most crowded parts of Pune. Mr. Deepak Shinde, a local forest guard, first reported seeing a multicoloured bird, which I subsequently identified as the threetoed kingfisher. I was deeply overwhelmed upon seeing this bird, which usually inhabits moist deciduous and evergreen forests and resides close to water bodies like streams and rivulets. During the monsoon, this bird disperses widely and often dies by dashing against walls or window shutters. When I first saw the bird, it was perched on a bamboo twig and appeared to be completely exhausted. We tried to save it; however, on that rain-soaked, breezy, cloudy evening—an especially difficult time for local migratory birds—the kingfisher was soon found to be dead. Mr. Ramesh Salunke, a taxidermist at the Zoological Survey of India, noticed fine fissures and cracks on the skull while skinning the bird. These head injuries suggested that the bird had hit against something. Dr. Savita Paknikar, a pathologist, found nothing in the stomach that could have contributed to its death. During the monsoons, the threetoed kingfisher is occasionally seen in the dry deciduous forests of the Sinhagad Valley, about 20 km southwest of Pune.

**11. Infanticide in Hoopoe (Upupa epops Linnaeus)**  
During a stay at Corbett Tiger Reserve in Uttar Pradesh, India, I observed interesting behavior in hoopoes. I stayed at Dhikala in a house with a wooden floor that had numerous crevices. According to the residents, a pair of hoopoes would nest in one of these holes almost every year. On March 3, 1997, the first nesting was observed. After a few days, the female began incubating while the male brought her food. Sometimes, the male would bring food—usually grubs, termites, etc.—almost forty times a day. After about two weeks, the chicks hatched, and faint noises could be heard from inside the hole. The female had now left the nest, and on March 20, 1997, I saw a hoopoe, probably a male, repeatedly pecking at the entrance of the nest. It eventually succeeded in entering the nest, seemingly pecking at something, as drumming noises could be heard. After some time, it came out with some feathers in its beak, which it promptly threw down. It then went back inside and emerged with a live chick, which was also thrown down. The robbing continued, and the male managed to come out with an egg, which was also discarded. Such systematic killing of dependent offspring by replacing males is widespread among animals and has been reported in several primate species, such as langurs (Presbytis entellus), lions (Panthera leo), as well as in captive rodents like collared lemmings (Dicrostonyx groenlandicus), and among birds such as barn swallows (Hirundo rustica), house wrens (Troglodytes aedon), house sparrows (Passer domesticus), and female Northern jacanas (Jacana spinosa), as reported by Rowher (1986).

---"
Jacana spinosa,"Tnmature birds are clove brown above, becoming dull black on the tertials,rump, and tail. Top of head dull dark grayish, the feathers indistinctly edged with dark brown; sides of neck, and nape, with faint tinge of rufus; sides of head, neck, and breast smoke gray, obscurely tipped with dusky; throat, and underparts medially, dull white, the latter more or less tipped with dusky; lower sides and flanks dark grayish, obscurely barred with dull white. Wings sepia brown. In birds slightly older than this there is a buffy suffusion on the abdomen and under tail-coverts, and isolated cinnamon feathers appear on the breast.",15780870,16.0,1893.0,Internet Archive,proceedingsofuni161893unit,Smithsonian Libraries and Archives,English,,Public domain. The BHL considers that this work is no longer under copyright protection.,"Mature birds are clove brown above, becoming dull black on the tertials, rump, and tail. The top of the head is dull dark grayish, with feathers indistinctly edged in dark brown. The sides of the neck and nape have a faint tinge of rufous. The sides of the head, neck, and breast are smoke gray, obscurely tipped with dusky. The throat and underparts medially are dull white, with the latter more or less tipped with dusky. The lower sides and flanks are dark grayish, obscurely barred with dull white. The wings are sepia brown. In slightly older birds, there is a buffy suffusion on the abdomen and under tail-coverts, and isolated cinnamon feathers appear on the breast."
Jacana spinosa,"Waterfowl: An important breeding area, with large numbers of nesting Butorides virescens, Egretta caerulea and Dendrocygna autumnalis, and smaller numbers of Egretta tricolor, E. alba and Mycteria americana. Thousands of Pelecanus occidentalis occur as non-breeding visitors, and large numbers of Anas discors, Nearctic shorebirds and Larus atricilla occur on migration and in winter.",31351012,,,Internet Archive,directoryofneotr86scot,"UNEP-WCMC, Cambridge",English,,Copyright Owner: IUCN Conservation Monitoring Centre,"Waterfowl: An important breeding area with large numbers of nesting Butorides virescens, Egretta caerulea, and Dendrocygna autumnalis, as well as smaller numbers of Egretta tricolor, Egretta alba, and Mycteria americana. Thousands of Pelecanus occidentalis occur as non-breeding visitors, and large numbers of Anas discors, Nearctic shorebirds, and Larus atricilla are present during migration and winter."
Jacana spinosa,"I think I can safely say, however, that the feature of bird-life in the immediate vicinity and also in the city of Georgetown, British Guiana, where we remained between three and four days, was the abundance of that Tyrant Shrike (Pitangus sulphuratus), or Kis-ka-dee, whose kis; kis; kis-ka-dee and perhaps more frequently, kis-ka-dee can be heard from almost any quarter, and all hours of the day. Here in Cayenne and also in Surinam, it appears to be less plentiful. Indeed, I am not altogether certain of having heard it yet in Cayenne.",35491264,14.0,1902.0,Internet Archive,wilsonbulletin141902wils,Smithsonian Libraries and Archives,English,,Public domain. The BHL considers that this work is no longer under copyright protection.,"I think I can safely say, however, that the most notable feature of bird life in the immediate vicinity and in the city of Georgetown, British Guiana, where we stayed for three to four days, was the abundance of the Tyrant Shrike (Pitangus sulphuratus), also known as Kis-ka-dee. Its call—kis; kis; kis-ka-dee—and perhaps more frequently, kis-ka-dee—can be heard from almost any direction and at all hours of the day. Here in Cayenne and in Suriname, it appears to be less common. Indeed, I am not entirely certain that I have heard it in Cayenne yet."
Jacana spinosa,"At the Botanical Garden of Demerara these birds were particularly numerous, as also were several flycatchers and hummers. From among the beds of the Victoria regia, while there, we had: the good fortune of flushing two beautiful specimens of the Jacana (Jacana spinosa). A peculiar bird in the garden, too, was the Ani (Crotophagus ani) also a species of grackle (possibly Quiscalus lugubris) of Which several were seen. The former kept close to some gardeners who were mowing the lawn; crowding up at times so closely as to almost come in contact with their seythes, presumably in quest of grubs of some kind. A large oriole also attracted our attention in the garden and in addition to the foregoing, several herons and one large hawk were recorded.",35491264,14.0,1902.0,Internet Archive,wilsonbulletin141902wils,Smithsonian Libraries and Archives,English,,Public domain. The BHL considers that this work is no longer under copyright protection.,"At the Botanical Garden of Demerara, these birds were particularly numerous, as were several flycatchers and hummingbirds. While there, among the beds of Victoria regia, we had the good fortune of flushing two beautiful specimens of the Jacana (Jacana spinosa). A peculiar bird in the garden was the Ani (Crotophaga ani), and there were also several grackles, possibly Quiscalus lugubris. The Ani kept close to some gardeners who were mowing the lawn, crowding up at times so closely as to almost come into contact with their scythes, presumably in search of grubs. A large oriole also attracted our attention in the garden. In addition, several herons and one large hawk were observed."
Jacana spinosa,"In Cayenne the Carrion Crow (Catharistes atrata) is an exceedingly abundant bird, unsuspicious as the domestic fowl and thoroughly at home everywhere. Numbers of them roost in the tall royal palms (a beautiful grove of them by the way, and one of the attractions of the city) across the street from our hotel. In the harbor during the early morning hours gulls and terns are common about the pounds or traps of the fishermen. A nesting resort of the latter must be in this vicinity as we have seen quantities of what were taken to be eggs of the Royal Tern (Sterna maxima) on sale in the public market place, as are also various species of wild birds such as the Toucan and Parrot,",35491264,14.0,1902.0,Internet Archive,wilsonbulletin141902wils,Smithsonian Libraries and Archives,English,,Public domain. The BHL considers that this work is no longer under copyright protection.,"In Cayenne, the Carrion Crow (Catharistes atrata) is an exceedingly abundant bird, unafraid like the domestic fowl and comfortable everywhere. Many of them roost in the tall royal palms, which form a beautiful grove and are one of the city's attractions. In the harbor during the early morning hours, gulls and terns are common around the pounds or traps of fishermen. A nesting site for these birds must be nearby, as we have seen quantities of eggs believed to be from the Royal Tern (Sterna maxima) sold in the public marketplace, along with various species of wild birds such as toucans and parrots."
Jacana spinosa,"So far as I am aware, no race of Jacana jacana has been recorded from west of the Andes. In eastern Colombia we found J. 7. intermedia only at La Morelia! in the Amazonian Fauna, while specimens from the Magdalena and Cauca Valleys are referable to Jacana nigra. The range of, scapularis is therefore separated from that of jacana intermedia by the Andes-an impassable barrier-and this fact, in connection with its pronounced characters, indicates the specific distinctness of the western Ecuadorean bird. In this connection it is also pertinent to note that the white outer primaries characterize the immature as well as the adult bird.",63855405,55.0,1926.0,Internet Archive,bulletinamerica55amer,Smithsonian Libraries and Archives,English,,Public domain. The BHL considers that this work is no longer under copyright protection.,"So far as I am aware, no race of Jacana jacana has been recorded from west of the Andes. In eastern Colombia, we found J. intermedia only at La Morelia in the Amazonian fauna, while specimens from the Magdalena and Cauca Valleys are referable to Jacana nigra. The range of scapularis is therefore separated from that of Jacana intermedia by the Andes, an impassable barrier. This, along with its pronounced characteristics, indicates the specific distinctness of the western Ecuadorean bird. It is also noteworthy that the white outer primaries characterize both immature and adult birds."
Jacana spinosa,"Waterfowl: A very important lake for both breeding and wintering waterfowl of a wide variety of species. The San Francisco del Carnicera marshes are particularly important for breeding birds. Common breeding species include Phalacrocorax olivaceus, Anhinga anhinga, Egretta caerulea, E. alba, Mycteria americana, Eudocimus albus, Dendrocygna autumnalis, Cairina moschata, Aramus guarauna and Jacana spinosa. Jabiru mycteria is reported to nest in the San Francisco del Carnicera marshes. Common passage and wintering species include Anas discors, a variety of shorebirds and Larus atricilla.",31351014,,,Internet Archive,directoryofneotr86scot,"UNEP-WCMC, Cambridge",English,,Copyright Owner: IUCN Conservation Monitoring Centre,"Waterfowl: This lake is very important for both breeding and wintering waterfowl of a wide variety of species. The San Francisco del Carnicera marshes are particularly significant for breeding birds. Common breeding species include Phalacrocorax olivaceus, Anhinga anhinga, Egretta caerulea, Egretta alba, Mycteria americana, Eudocimus albus, Dendrocygna autumnalis, Cairina moschata, Aramus guarauna, and Jacana spinosa. The Jabiru (Mycteria americana) is reported to nest in the San Francisco del Carnicera marshes. Common passage and wintering species include Anas discors, various shorebirds, and Larus atricilla."
Jacana spinosa,"In the case of plants, as of mammals, the tropical element of southern Texas has been overestimated. A number of species of genera that are mainly tropical extend into the Lower Rio Grande region, but very few species of known tropical range. The Texas palm (Znodes texana Cook) is found in limited numbers in the Brownsville region, but apparently nothing is known of its southern extension or zonal significance. So with other supposedly tropical forms the southern limits and zonal position have not been satisfactorily determined, but evidently no purely tropical species holds an important place.in the flora of the Lower Rio Grande region. This absence or scarcity of tropical plants is fully accounted for by Professor Bray in the Botanical Gazette for August, 1901 (p. 102), as follows:",45621045,,,Internet Archive,biologicalsurvey25bail,"U.S. Department of Agriculture, National Agricultural Library",English,,Not provided. Contact Holding Institution to verify copyright status.,"In the case of plants, as with mammals, the tropical element of southern Texas has been overestimated. Several species of genera that are mainly tropical extend into the Lower Rio Grande region, but very few species have a known tropical range. The Texas palm (Zonotes texana Cook) is found in limited numbers in the Brownsville area, but nothing is known about its southern extension or zonal significance. Similarly, for other supposedly tropical forms, the southern limits and zonal positions have not been satisfactorily determined. However, it is evident that no purely tropical species plays a significant role in the flora of the Lower Rio Grande region. This absence or scarcity of tropical plants is fully explained by Professor Bray in the Botanical Gazette of August 1901 (p. 102), as follows:"
Jacana spinosa,"MEXICAN JACANA Jacana spinosa. 8 in. A very peculiar species. Bill plover-like; at the base, terminating in a leaf-like sheaf that covers the forehead; a hard spur on the shoulder of each wing; legs and toes extremely long, the toenails being abnormally so, the hind nail often being an inch and a half long. Young very different from the adult. Grayish-brown above, with wings greenish-yellow as in adult; below whitish, darker across the breast and on the sides; a light line above the eye. Jacanas are inhabitants of marshy, muddy pools and ponds, where they can easily run over the surface, their long toes getting a good foothold on the floating aquatic plants. They are said to be very pugnacious in defence of their young, and also to fight among themselves during th mating season. Nest. Nests made of weeds and trash, on little floating islands or lily pads. 3 to 5 olive colored eggs, curiously scrawled with black. ( 1.20 x .95) ; May. Range. Is found and breeds within our borders only in Southern Texas.",51933781,,,Internet Archive,birdguidewaterbi00reed_0,University of Toronto - Thomas Fisher Rare Book Library,English,,Not provided. Contact Holding Institution to verify copyright status.,"The Mexican Jacana (Jacana spinosa) is a very peculiar species measuring about 8 inches. It has a plover-like bill with a leaf-like sheaf at the base that covers the forehead. There is a hard spur on the shoulder of each wing. Its legs and toes are extremely long, with the toenails being abnormally large; the hind nail often measures an inch and a half. Young birds are very different from adults. They are grayish-brown above, with wings that are greenish-yellow, similar to adults. Below, they are whitish, darker across the breast and on the sides, with a light line above the eye.

Jacanas inhabit marshy, muddy pools and ponds, where they can easily run over the surface due to their long toes, which provide good footing on floating aquatic plants. They are known to be very pugnacious in defense of their young and are also known to fight among themselves during the mating season.

Nests are made of weeds and trash, built on little floating islands or lily pads. They lay 3 to 5 olive-colored eggs, which are curiously scrawled with black. The eggs measure approximately 1.20 by 0.95 inches. The Mexican Jacana is found and breeds within our borders only in southern Texas."
Jacana spinosa,"Threats: Fishermen kill crocodiles as competitors for fish stocks, and some crocodiles are drowned in fishing nets. There is some hunting of sea turtles and collection of their eggs. Research and conservation: The wetland and adjacent coastline have been delineated by the Natural Resource Conservation Department for protection by the Petroleum Corporation of Jamaica as a sanctuary for crocodiles and other fauna. A crocodile tagging project is in operation at Luana, Black River and Parottee.",31351162,,,Internet Archive,directoryofneotr86scot,"UNEP-WCMC, Cambridge",English,,Copyright Owner: IUCN Conservation Monitoring Centre,"Threats: Fishermen kill crocodiles as competitors for fish stocks, and some crocodiles are drowned in fishing nets. There is also some hunting of sea turtles and collection of their eggs. Research and conservation: The wetland and adjacent coastline have been delineated by the Natural Resource Conservation Department for protection by the Petroleum Corporation of Jamaica as a sanctuary for crocodiles and other fauna. A crocodile tagging project is in operation at Luana, Black River, and Parottee."
Jacana spinosa,"Principal vegetation: Coastal and riverine mangrove swamps, principally Rhizophora mangle; extensive marshes with Typha domingensis, Cladium jamaicensis and, in drier parts, Sabal Jamaicensis; and swamp forest. The vegetation has been described in detail by Bjork (1983). Land tenure: Owned partly by the state and partly by the Petroleum Corporation of Jamaica. Protection: No legal protection; a designated Conservation Area in the Parish Development Order, and a proposed inland conservation area in the National Physical Plan.",31351162,,,Internet Archive,directoryofneotr86scot,"UNEP-WCMC, Cambridge",English,,Copyright Owner: IUCN Conservation Monitoring Centre,"Principal vegetation: Coastal and riverine mangrove swamps, primarily Rhizophora mangle; extensive marshes with Typha domingensis, Cladium jamaicensis, and, in drier areas, Sabal jamaicensis; and swamp forest. The vegetation has been described in detail by Bjork (1983). Land tenure: Partly owned by the state and partly by the Petroleum Corporation of Jamaica. Protection: No legal protection; a designated conservation area in the Parish Development Order and a proposed inland conservation area in the National Physical Plan."
Jacana spinosa,"This not uncommon species from Virginia southward, is confined exclusively to the coast, and breeds usually in isolated pairs. Wayne states that in the winter it is found on the South Carolina coast in flocks of from twenty to seventy-five individuals. It agrees in habits with other members of this small family.",39416723,,,Internet Archive,handbookofbird00chap,Library of Congress,English,,Not provided. Contact Holding Institution to verify copyright status.,"This not uncommon species from Virginia southward is confined exclusively to the coast and usually breeds in isolated pairs. Wayne states that in winter, it is found on the South Carolina coast in flocks of twenty to seventy-five individuals. It shares habits with other members of this small family."
Jacana spinosa,"The present center of abundance of the American species is in the tropics, to which the seventeen species of Wood Quail of the genus Odontophorus are confined, only seven of the sixty members of the family crossing our southern border. This includes our Bob-white and the Masked Bob-white of northern Sonora, and formerly, at least, southern Arizona, the Scaled, Mearns and Gambel s Quails of our Mexican border States, and the California Valley and Mountain Quails.",39416723,,,Internet Archive,handbookofbird00chap,Library of Congress,English,,Not provided. Contact Holding Institution to verify copyright status.,"The current center of abundance for the American species is in the tropics, where the seventeen species of Wood Quail of the genus Odontophorus are found. Only seven of the sixty members of the family cross our southern border. This includes our Bob-white and the Masked Bob-white of northern Sonora, as well as, historically, at least, southern Arizona, the scaled, Mearns, and Gambel's Quails of our Mexican border states, along with the California Valley and Mountain Quails."
Jacana spinosa,"Painted backgrounds for a large group of Moose and a group of South American Capybara, including a Jaguar, have been prepared, and considerable work on the accessories for both these groups has already been done. The mounting of the specimens for the Moose group, very fine specimens secured by a Museum expedition last fall, is progressing in a satisfactory manner. A new method for making artificial bodies (manikins) for small mammals was introduced by Taxidermist Pray, which seems a decided improvement over the old way. A striking group of East African Buffalo, created by Carl E. Akeley, was installed in the South Court late in the year. This group, which includes two old bulls, one young bull, a cow, and a calf, is an impressive example of the possibilities of modern taxidermy. The five bulky animals are so skilfully and naturally grouped that the effect of space and power is not lost even in the confinement of a case of moderate size. In addition to simplicity and fidelity to nature both in grouping and in modeling, the individual animals of this group have an unusual quality produced by a new and superior technique in the treatment of the skin. The principal feature of this method consists in applying the tanned skin to the model in a dry instead of moistened condition. The result in the finished specimen, especially in the case of thinly haired animals, is much more likelife than that of other methods, the skin appearing soft and natural instead of hard and unyielding. In the exhibition of comparative osteology 445 skulls were cleaned, and the following skeletons mounted and installed: Gila Monster (Heloderma horridum); Box Turtle (Cistudo carolina); Jacana (Jacana spinosa); Pigeon (Columba livia), and Cave Bat (Eonycteris spelea). A large habitat group of birds representing bird life in the far north on Walrus Island, Alaska, has been completed and placed on exhibition. This group includes 51 birds with nests, eggs, and several nestlings; some of them, notably the Red-faced Cormorant, are rare and are becoming more so each year. Among the most interesting birds in this group may be mentioned, in addition to the Red-faced Cormorants, theTufted Puffins, Horned Puffins, Paroquet Auklets, and various species of Gulls (among them the Red-legged Kittiwake Gull), Murres, etc. An instructive feature of the group is in showing the Glaucous and Glaucous-winged Gulls stealing and eating the eggs of the Pallas Murres, which breed in great numbers on this barren, isolated island. For the serial collection there were mounted: 1 Coot (Fulica americana); 1 Redshouldered Hawk (Buteo lineatus); 2 Kittlitz Murrelets (Brachyramphus brevirostris), and 1 Harlequin Duck (Histrionicus histrionicus). A number of bird skins from fresh specimens sent in for the study collection, including the Snowy Owl, were prepared. A number of fishes and",27795643,,,Internet Archive,reportchi1910chic,University of Toronto - Gerstein Science Information Centre,English,,Not provided. Contact Holding Institution to verify copyright status.,"Painted backgrounds for a large group of moose and a group of South American capybaras, including a jaguar, have been prepared, and considerable work on the accessories for both groups has already been completed. The mounting of the specimens for the moose group, very fine specimens secured by a Museum expedition last fall, is progressing satisfactorily. A new method for making artificial bodies (manikins) for small mammals was introduced by taxidermist Pray, which appears to be a significant improvement over the old method. 

A striking group of East African buffalo, created by Carl E. Akeley, was installed in the South Court late in the year. This group, which includes two old bulls, one young bull, a cow, and a calf, is an impressive example of the possibilities of modern taxidermy. The five bulky animals are so skillfully and naturally grouped that the effect of space and power is maintained even within a case of moderate size. 

In addition to simplicity and fidelity to nature in both grouping and modeling, the individual animals in this group possess an unusual quality achieved through a new and superior technique in skin treatment. The principal feature of this method involves applying the tanned skin to the model in a dry state rather than a moistened one. The finished specimen, especially in the case of animals with thinly haired skins, appears much more lifelike, with the skin looking soft and natural instead of hard and unyielding. 

For the exhibition of comparative osteology, 445 skulls were cleaned, and the following skeletons were mounted and installed: Gila monster (Heloderma horridum), box turtle (Cistudo carolina), jacana (Jacana spinosa), pigeon (Columba livia), and cave bat (Eonycteris spelea). 

A large habitat group representing bird life in the far north on Walrus Island, Alaska, has been completed and placed on display. This group includes 51 birds with nests, eggs, and several nestlings; some of them, notably the red-faced cormorant, are rare and becoming increasingly so each year. Among the most interesting birds in this group are the tufted puffins, horned puffins, Parakeet auklets, and various species of gulls, including the red-legged kittiwake gull, murres, and others. An instructive feature of the group is the depiction of glaucous and glaucous-winged gulls stealing and eating the eggs of Pallas murres, which breed in large numbers on this barren, isolated island. 

For the serial collection, the following were mounted: one coot (Fulica americana), one red-shouldered hawk (Buteo lineatus), two Kittlitz murrelets (Brachyramphus brevirostris), and one harlequin duck (Histrionicus histrionicus). Additionally, several bird skins from fresh specimens sent in for the study collection, including the snowy owl, were prepared."
Jacana spinosa,"Waterfowl: An extremely important area for breeding, passage and wintering waterfowl; over sixty species have been recorded. There are important breeding colonies of Ciconiiformes on Isla Pajaros and Isla San Pablo; the average numbers of nesting pairs during the years 1981 to 1983 were as follows: Nycticorax nycticorax 250; Nyctanassa violacea 100; Cochlearius cochlearius 210; Bubulcus ibis 17,500; Egretta caerulea 50; E. thula 250; E. alba 2,650; Mycteria americana 3,000; Eudocimus albus 1,000; Plegadis falcinellus 12; and Ajaia ajaja 1,000. There were also some 90 pairs of Anhinga anhinga. Common breeding species elsewhere in the wetlands include Podilymbus podiceps, Podiceps dominicus, Ixobrychus exilis, Tigrisoma mexicanum, Butorides virescens, Dendrocygna bicolor, D. autumnalis (several hundred pairs), Cairina moschata, Aramus guarauna, Rallus maculatus, Porphyrula martinica and Jacana spinosa. The area is the main locality for Jabiru mycteria in Costa Rica, with eight breeding pairs in recent years. Oxyura dominica is present in small numbers and probably breeds.",31350944,,,Internet Archive,directoryofneotr86scot,"UNEP-WCMC, Cambridge",English,,Copyright Owner: IUCN Conservation Monitoring Centre,"Waterfowl: An extremely important area for breeding, passage, and wintering waterfowl, with over sixty species recorded. There are significant breeding colonies of Ciconiiformes on Isla Pajaros and Isla San Pablo. The average number of nesting pairs during 1981 to 1983 included Nycticorax nycticorax with 250 pairs; Nyctanassa violacea with 100; Cochlearius cochlearius with 210; Bubulcus ibis with 17,500; Egretta caerulea with 50; Egretta thula with 250; Egretta alba with 2,650; Mycteria americana with 3,000; Eudocimus albus with 1,000; Plegadis falcinellus with 12; and Ajaia ajaja with 1,000. Additionally, there were approximately 90 pairs of Anhinga anhinga. Common breeding species elsewhere in the wetlands include Podilymbus podiceps, Podiceps dominicus, Ixobrychus exilis, Tigrisoma mexicanum, Butorides virescens, Dendrocygna bicolor, Dendrocygna autumnalis (several hundred pairs), Cairina moschata, Aramus guarauna, Rallus maculatus, Porphyrula martinica, and Jacana spinosa. The area is the main habitat for Jabiru mycteria in Costa Rica, with eight breeding pairs in recent years. Oxyura dominica is present in small numbers and probably breeds there."
Jacana spinosa,"The wetlands are also important as feeding areas for birds breeding elsewhere in the region, particularly during the dry season (February to March). Peak counts have included up to 1,000 Ajaia ajaja, 20,000 Dendrocygna autumnalis and 400 Cairina moschata. Common passage and wintering birds from the Nearctic include Ardea herodias, Anas americana, A. acuta, A. discors (up to 20,000), A. clypeata, Porzana carolina, Fulica americana and many shorebirds, particularly Catoptrophorus semipalmatus, Tringa solitaria, Calidris mauri and C. minutilla.",31350944,,,Internet Archive,directoryofneotr86scot,"UNEP-WCMC, Cambridge",English,,Copyright Owner: IUCN Conservation Monitoring Centre,"The wetlands are also important as feeding areas for birds breeding elsewhere in the region, particularly during the dry season from February to March. Peak counts have included up to 1,000 Ajaia ajaja, 20,000 Dendrocygna autumnalis, and 400 Cairina moschata. Common passage and wintering birds from the Nearctic include Ardea herodias, Anas americana, A. acuta, A. discors (up to 20,000), A. clypeata, Porzana carolina, Fulica americana, and many shorebirds, particularly Catoptrophorus semipalmatus, Tringa solitaria, Calidris mauri, and C. minutilla."
Jacana spinosa,"Threats: The wetlands are under serious threat from a variety of sources. Eutrophication is Occurring at a rapid rate, and areas of open water and Nymphaea spp are being replaced by a dense growth of Typha domingensis, Cyperaceae and Gramineae. Pesticide run-off from nearby rice, cotton and sugar cultivation is causing a serious toxicity problem in the river. In 1982 and 1983, 40 of the trees on Isla Pajaros died, and many nesting sites were destroyed. The largest irrigation project in Costa Rica is soon to be initiated nearby, and there is a proposal to exclude Laguna Nicaragua from the National Park so that it can be drained for the cultivation of sugar cane.",31350944,,,Internet Archive,directoryofneotr86scot,"UNEP-WCMC, Cambridge",English,,Copyright Owner: IUCN Conservation Monitoring Centre,"Threats: The wetlands are under serious threat from a variety of sources. Eutrophication is occurring at a rapid rate, and areas of open water and Nymphaea species are being replaced by dense growths of Typha domingensis, Cyperaceae, and Gramineae. Pesticide runoff from nearby rice, cotton, and sugar cultivation is causing significant toxicity problems in the river. In 1982 and 1983, 40 trees on Isla Pajaros died, and many nesting sites were destroyed. The largest irrigation project in Costa Rica is soon to be initiated nearby, and there is a proposal to exclude Laguna Nicaragua from the national park so that it can be drained for the cultivation of sugarcane."
Jacana spinosa,"Research and conservation: A considerable amount of faunal and floral research has been conducted in the Wildlife Refuge. A detailed management plan has been prepared for the Refuge, and some management has been implemented, including the cutting, burning and clearing of excess vegetation, construction of artificial impoundments, and erection of nest-boxes for Dendrocygna autumnalis. However, it is clear that unless better control is gained of the quantity and quality of the water entering the wetlands, much of the importance of this unique area will be lost.",31350944,,,Internet Archive,directoryofneotr86scot,"UNEP-WCMC, Cambridge",English,,Copyright Owner: IUCN Conservation Monitoring Centre,"Research and conservation: A significant amount of faunal and floral research has been conducted in the Wildlife Refuge. A detailed management plan has been developed, and some management actions have been implemented, including the cutting, burning, and clearing of excess vegetation, the construction of artificial impoundments, and the erection of nest boxes for Dendrocygna autumnalis. However, it is evident that unless better control is established over the quantity and quality of water entering the wetlands, much of the area's ecological importance will be lost."
Jacana spinosa,"the vegetation and soon returned alone. We determined to capture this chick carrying behaviour and soon succeeded, one person very slowly advancing toward the area where the bird had gone while the other person remained behind the camera. We shot a sequence of the male squatting with the wings partly spread and then standing erect and walking off with the young tucked away under the wings, except for the gangly feet in full viev7. At that time we believed this behaviour unusual. When showing our film Jamho on East Africa, which included footage of the jacanas, we asked many people including ornithologists, but no one had ever heard of its occurence. Dr Alden H. Miller of the Museum of Vertebrate Zoology, University of California, was unable to supply information about this behaviour involving the New World jacanas Jacana spincsa. Dr Gerald Collier of San Diego State University replied in 1960 to an inquiry of ours that the Pheasant-winged Jacana Hydrophasianus chirargus of Asia is known to carry its young. He also recalled that there were reports in the popular literature of South Africa of African Jacanas carrying young. Van Tyne and Berger (1975) mention that the Australian Lotus Bird Iridipaira gallinacea carries young under its wings. Alverez del Toro (1971) reports that the anerican Finfoot Heliornithis is able to fly while carrying its young in two brood pouches on the sides of the breast. PJIFERENCES Alverez del Toro 1971. Living Bird 79-38. Frame, G.W. 1983. Swara Vol.6(3); 28 May June. Hopcraft, J.E.D. 1963. Living Bird 35-88. Van Tyne, J. Berger, A.J. 1976. Fundamentals of Ornithology New York: Wiley. AUTHOR S NOTE: The word jacana"" is properly spelled v ith a cedilla beneath the c, thus producing a soft ""s"" rather than a hard ""k"", being of Spanish, or actually of Carib origin. Thus ""zjhasahna"" would be the most accurate pronunciation and not ""jack-ana"" as is sometimes heard. John D. Goodman and Jeanne M. Goodman, Dept. Zoology, Box 7062, Kampala.' LARGER MAMMALS AROUND KAJIABO LARGE HERBIVORES Kajiado is at the south end of the Athi-Xaputiei plains which used to be famous for their abundant vmldlife. In the ten years since I first went to live in Kajiado the numbers of animals have declined noticably. The Veterinary Officer who was in Kajiado when I first arrived, Dr Rudi Eugster, told me that in the six years he had been there the ""plains game"" had greatly decreased. Thus the decline apparently dates back to 1970 or earlier. The commonest antelope are Thomson s and Grant s gazelle, with impala and eland in better wooded areas. Large herds of zebra, wildebeeste and hartebeeste used to be coromon especially after the rains, and were quite a hazard when driving at night'. Giraffe are usually discretely hidden in riverine bush, but sometimes come out onto the plains to browse on the tops of the rather stunted bushes of Acacia drepanolobium . Dikdik are still abundant in the riverine bush, as can be seen by their numerous latrines of tiny pellets looking like heaps of seeds. The animals can be seen in the early morning and late evening but seem to be invisible at other times. Warthog are also present, but very shy. On the hills south and east of Kajiado mountain reedbuck are quite common and klipspringer can occasionally be seen. Hyrax are also locally abundant in rocky sites. 54",50928943,,,Internet Archive,bulletin08101985east,Smithsonian Libraries and Archives,English,https://www.biodiversitylibrary.org/permissions/,In Copyright. Digitized with the permission of the rights holder,"The vegetation soon returned alone. We determined to capture this chick-carrying behavior and soon succeeded, with one person very slowly advancing toward the area where the bird had gone while the other remained behind the camera. We shot a sequence of the male squatting with the wings partly spread, then standing erect and walking off with the young tucked away under the wings, except for the gangly feet in full view. At that time, we believed this behavior was unusual. When showing our film Jamho on East Africa, which included footage of the jacanas, we asked many people, including ornithologists, but no one had ever heard of its occurrence. Dr. Alden H. Miller of the Museum of Vertebrate Zoology, University of California, was unable to provide information about this behavior involving the New World jacanas Jacana spinosa. Dr. Gerald Collier of San Diego State University replied in 1960 to an inquiry of ours that the Pheasant-winged Jacana Hydrophasianus chirurgus of Asia is known to carry its young. He also recalled that there were reports in the popular literature of South Africa of African Jacanas carrying young. Van Tyne and Berger (1975) mention that the Australian Lotus Bird Iridipaira gallinacea carries young under its wings. Alvarez del Toro (1971) reports that the American Finfoot Heliornis is able to fly while carrying its young in two brood pouches on the sides of the breast.

**References:**
- Alvarez del Toro, 1971. Living Bird, 79-38.
- Frame, G.W., 1983. Swara, Vol. 6(3), 28 May–June.
- Hopcraft, J.E.D., 1963. Living Bird, 35-88.
- Van Tyne, J., Berger, A.J., 1976. *Fundamentals of Ornithology*. New York: Wiley.

**Author's Note:** The word ""jacana"" is properly spelled with a cedilla beneath the ""c,"" producing a soft ""s"" rather than a hard ""k,"" as it is of Spanish or Carib origin. Thus, ""zjhasahna"" would be the most accurate pronunciation, not ""jack-ana"" as sometimes heard.

John D. Goodman and Jeanne M. Goodman, Dept. of Zoology, Box 7062, Kampala.

---

**Larger Mammals Around Kajiado**

**Large Herbivores**

Kajiado is at the south end of the Athi-Kaputiei plains, which used to be famous for their abundant wildlife. In the ten years since I first went to live in Kajiado, the numbers of animals have noticeably declined. The Veterinary Officer who was in Kajiado when I first arrived, Dr. Rudi Eugster, told me that in the six years he had been there, the ""plains game"" had greatly decreased. Thus, the decline apparently dates back to 1970 or earlier.

The most common antelopes are Thomson's and Grant's gazelles, with impala and eland in better wooded areas. Large herds of zebra, wildebeest, and hartebeest used to be common, especially after the rains, and were quite a hazard when driving at night. Giraffes are usually discreetly hidden in riverine bush but sometimes come out onto the plains to browse on the tops of the rather stunted bushes of Acacia drepanolobium. Dik-dik are still abundant in the riverine bush, as evidenced by their numerous latrines of tiny pellets resembling heaps of seeds. These animals can be seen in the early morning and late evening but seem to be invisible at other times. Warthogs are also present but very shy. On the hills south and east of Kajiado, mountain reedbuck are quite common, and klipspringers can occasionally be seen. Hyrax are also locally abundant in rocky sites."
Jacana spinosa,"Painted backgrounds for a large group of Moose and a group of South American Capybara, including a Jaguar, have been prepared, and considerable work on the accessories for both these groups has already been done. The mounting of the specimens for the Moose group, very fine Specimens secured by a Museum expedition last fall, is progressing in a satisfactory manner. A new method for making artificial bodies (manikins) for small mammals was introduced by Taxidermist Pray, which seems a decided improvement over the old way. A striking group of East African Buffalo, created by Carl E. Akeley, was installed in the South Court late in the year. This group, which includes two old bulls, one young bull, a cow, and a calf, is an impressive example of the possibilities of modern taxidermy. The five bulky animals are so skilfully and naturally grouped that the effect of space and power is not lost even in the confinement of a case of moderate size: In addition to simplicity and fidelity to nature both in grouping and in modeling, the individual animals of this group have an unusual quality produced by a new and superior technique in the treatment of the skin. The principal feature of this method consists in applying the tanned skin to the model in a dry instead of moistened condition. The result in the finished specimen, especially in the case of thinly haired animals, is much more likelife than that of other methods, the skin appearing soft and natural instead of hard and unyielding. In the exhibition of comparative osteology 445 skulls were cleaned, and the following skeletons mounted and installed: Gila Monster (Heloderma horridum); Box Turtle (Cistudo carolina); Jacana (Jacana spinosa); Pigeon (Columba livia), and Cave Bat (Eonycterts spelea). A large habitat group of birds representing bird life in the far north on Walrus Island, Alaska, has been completed and placed on exhibition. This group includes 51 birds with nests, eggs, and several nestlings; some of them, notably the Red-faced Cormorant, are rare and are becoming more so each year. Among the most interesting birds in this group may be mentioned, in addition to the Red-faced Cormorants, theTufted Puffins, Horned Puffins, Paroquet Auklets, and various species of Gulls (among them the Red-legged Kittiwake Gull), Murres, etc. An instructive feature of the group is in showing the Glaucous and Glaucous-winged Gulls stealing and eating the eggs of the Pallas Murres, which breed in great numbers on this barren, isolated island. For the serial collection there were mounted: 1 Coot (Fulica americana); 1 Redshouldered Hawk (Buteo lineatus); 2 Kittlitz Murrelets (Brachyramphus brevirostris), and 1 Harlequin Duck (Histrionicus Msirionicus). A number of bird skins from fresh specimens sent in for the study collection, including the Snowy Owl, were prepared. A number of fishes and",46029325,IV,1914.0,Internet Archive,annualreporto19101914fiel,Smithsonian Libraries and Archives,English,,Public domain.. The BHL considers that this work is no longer under copyright protection.,"Painted backgrounds for a large group of moose and a group of South American capybaras, including a jaguar, have been prepared, and considerable work on the accessories for both groups has already been completed. The mounting of the specimens for the moose group, very fine specimens secured by a museum expedition last fall, is progressing satisfactorily. A new method for making artificial bodies (manikins) for small mammals was introduced by taxidermist Pray, which appears to be a significant improvement over the old method. 

A striking group of East African buffalo, created by Carl E. Akeley, was installed in the south court late in the year. This group, which includes two old bulls, one young bull, a cow, and a calf, is an impressive example of the possibilities of modern taxidermy. The five bulky animals are skillfully and naturally grouped, creating an effect of space and power even within a moderately sized case. 

In addition to simplicity and fidelity to nature in both grouping and modeling, the individual animals in this group exhibit an unusual quality achieved through a new and superior technique in skin treatment. The principal feature of this method involves applying the tanned skin to the model in a dry state rather than a moistened one. The finished specimen, especially in the case of animals with thin hair, appears much more lifelike, with the skin looking soft and natural instead of hard and unyielding.

For the exhibition of comparative osteology, 445 skulls were cleaned, and the following skeletons were mounted and installed: Gila monster (Heloderma horridum), box turtle (Cistudo carolina), jacana (Jacana spinosa), pigeon (Columba livia), and cave bat (Eonycteris spelea). 

A large habitat group representing bird life in the far north on Walrus Island, Alaska, has been completed and placed on display. This group includes 51 birds with nests, eggs, and several nestlings; some, notably the red-faced cormorant, are rare and becoming increasingly so each year. Among the most interesting birds in this group are the tufted puffins, horned puffins, Parakeet auklets, and various species of gulls, including the red-legged kittiwake gull, murres, and others. An instructive feature of the group is the depiction of glaucous and glaucous-winged gulls stealing and eating the eggs of Pallas murres, which breed in large numbers on this barren, isolated island.

For the serial collection, the following were mounted: one coot (Fulica americana), one red-shouldered hawk (Buteo lineatus), two Kittlitz murrelets (Brachyramphus brevirostris), and one harlequin duck (Histrionicus histrionicus). Additionally, a number of bird skins from fresh specimens sent in for the study collection, including the snowy owl, were prepared."
Jacana spinosa,"NOTES although there was one previous record for this species from between Charay and Culiacan on 20 December 1973, by R. A. Erickson (L. R. Hays pers. comm.), and one from southern Sonora (Russell and Monson 1998). Collared Plover ( Charadrius collaris). At Ensenada Pabellones we located five nests on seven visits from 28 April to 3 June 2004. Nests were widely spaced and were on mud or salt flats, near water and cattails; some had a little gravel. There were cattle and horses walking through the colony site. At Cacaxtla (23 41' 37"" N, 106 47' 48"" W), near the Rio Piaxtla, we observed two pairs on a sandy surface with gravel and some rocks. On 15 May 2005 we found another nest of this species at the same place and three nests at Mezquitillo (24 31' 34"" N, 107 34' 54"" W). Our records represent only a modest northward extension of the species previously known breeding range (Howell and Webb 1995), but we include it here as very little information on the locations of Collared Plover colonies along the coast of western Mexico has been published. Northern Jacana ( Jacana spinosa ). This species is abundant year round in Ensenada Pabellones. Each year from 2002 to 2005 we found nests and eggs between midFebruary and late May in agricultural canals and areas with cattail, in both fresh and brackish water. We found the species also in the Rio Sinaloa (25 39' 34"" N, 108 23' 17"" W) in May 2001 and at the northern end of the Rio Fuerte (25 57' 20"" N, 109 14' 54"" W) in May 2004, although we did not find breeding evidence. The species previously known range includes only the southern part of the state of Sinaloa (Howell and Webb 1995), but it seems likely that it is a resident locally throughout most of the state s coastal plain. Nonbreeding Species Canada Goose (Branta canadensis). Two individuals were shot by hunters at Patolandia Hunting Club (24 37' 25"" N, 107 43' 22"" W), Bahia Santa Maria-La Reforma, in December 2000. This locality is at the southern fringe of the species reported main winter range (Leopold 1959, AOU 1998, Howell and Webb 1995), and the record is the first for the state of Sinaloa (cf . Howell and Webb 1995). Canada Geese are not kept domestically in Mexico, and these, mixed with other waterfowl, were not likely to have been transported to the area by humans. Red-footed Booby ( Sula sula). We recorded one individual at Farallon de San Ignacio (25 26' 14"" N, 109 22' 47"" W) on 24 October 2004. This species is considered rare inside the Gulf of California, and the only locality in the gulf mapped by Howell and Webb (1995) is off the coast of Baja California. White-tailed Hawk (Buteo albicaudatus). On 12 December 2003 we recorded one adult perched on a cottonwood on the banks of the Rio San Lorenzo (24 19' 01"" N, 107 22' 23"" W), near Ensenada Pabellones. Along the Pacific coast of Mexico the species breeds locally in southern Sonora, Nayarit, and other areas (Howell and Webb 1995), but Sinaloan records are rare. L. R. Hays (unpubl. data) has records of one individual collected (11 January 1947) and one observed (24 March 2001) at Copala, and two individuals at nearby El Salto, Durango (1 September 1996). Black Turnstone ( Arenaria melanocephala). Between March and April 2003 we saw up to five individuals on five different occasions at Isla El Rancho, Bahia Santa Maria-La Reforma (25 04' 15"" N, 108 03' 33"" W). The only other records along the mainland coast south of Sonora consist of a sighting of a single bird at Punta Cerritos (north of Mazatlan), Sinaloa, on 3 April 1994 (L. R. Hays unpubl. data) and two records from Nayarit (Alden 1969, Howell and Webb 1995). Brown Noddy ( Anous stolidus). On 5 February 2001 we saw 22 Brown Noddies feeding 20 km from the coast (25 31' 14""N, 109 09'33""W) between Topolobampo and Farallon de San Ignacio. In the Pacific this species breeds on islands and islets off southern Mexico and, although it disperses in winter, it had not been reported 54",51615418,38,2007.0,Internet Archive,westernbirds38cali,Western Field Ornithologists,English,https://biodiversitylibrary.org/permissions,In copyright. Digitized with the permission of the rights holder.,"Notes: Although there was a previous record for this species from between Charay and Culiacán on December 20, 1973, by R. A. Erickson, and another from southern Sonora, the species' presence in the area is noteworthy. 

Collared Plover (Charadrius collaris): At Ensenada Pabellones, five nests were located over seven visits from April 28 to June 3, 2004. Nests were widely spaced on mud or salt flats near water and cattails; some contained gravel. Cattle and horses frequently walked through the colony site. Near the Rio Piaxtla, two pairs were observed on a sandy surface with gravel and rocks. On May 15, 2005, another nest was found at the same location, along with three nests at Mezquitillo. These records represent a modest northward extension of the species' previously known breeding range, but they are included here due to the limited published information on Collared Plover colonies along the western coast of Mexico.

Northern Jacana (Jacana spinosa): This species is abundant year-round at Ensenada Pabellones. From 2002 to 2005, nests and eggs were found between mid-February and late May in agricultural canals and areas with cattails, in both fresh and brackish water. The species was also observed in the Rio Sinaloa in May 2001 and at the northern end of the Rio Fuerte in May 2004, although no breeding evidence was noted. The species' previously known range includes only the southern part of Sinaloa, but it likely is a resident throughout most of the state's coastal plain.

Nonbreeding Species:
- Canada Goose (Branta canadensis): Two individuals were shot by hunters at Patolandia Hunting Club, Bahia Santa Maria-La Reforma, in December 2000. This location is at the southern edge of the species' main winter range, and this is the first record for Sinaloa. Since Canada Geese are not domestically kept in Mexico and these individuals were not likely transported by humans, their presence suggests natural occurrence.
- Red-footed Booby (Sula sula): One individual was recorded at Farallon de San Ignacio on October 24, 2004. The species is considered rare within the Gulf of California, with the only mapped locality being off the coast of Baja California.
- White-tailed Hawk (Buteo albicaudatus): An adult was observed perched on a cottonwood along the banks of the Rio San Lorenzo near Ensenada Pabellones on December 12, 2003. The species breeds locally in southern Sonora, Nayarit, and other areas along the Pacific coast of Mexico, but records from Sinaloa are rare. Unpublished data include a specimen collected in Copala in January 1947, an observation in March 2001, and two individuals at nearby El Salto, Durango, in September 1996.
- Black Turnstone (Arenaria melanocephala): Between March and April 2003, up to five individuals were observed on five occasions at Isla El Rancho, Bahia Santa Maria-La Reforma. Other records along the mainland coast south of Sonora include a single bird sighted at Punta Cerritos north of Mazatlán, Sinaloa, on April 3, 1994, and two records from Nayarit.
- Brown Noddy (Anous stolidus): On February 5, 2001, 22 individuals were seen feeding 20 km from the coast between Topolobampo and Farallon de San Ignacio. This species breeds on islands and islets off southern Mexico and disperses in winter, but prior to this, it had not been reported in the area."
Jacana spinosa,"probably no more than 45 in late 1984. Other breeding species include xobrychus exilis, Butorides virescens, Egretta alba, Gallinula chloropus, Jacana spinosa and Himantopus himantopus. A variety of other waterfowl occur on migration and in winter, including large numbers of Anas americana, Aythya affinis and Fulica americana, and smaller numbers of Ardea herodias, Anas clypeata, Oxyura jamaicensis, Porzana carolina, Actitis macularia, Gallinago gallinago and Larus atricilla.",31350966,,,Internet Archive,directoryofneotr86scot,"UNEP-WCMC, Cambridge",English,,Copyright Owner: IUCN Conservation Monitoring Centre,"Probably no more than 45 in late 1984. Other breeding species include Xobrychus exilis, Butorides virescens, Egretta alba, Gallinula chloropus, Jacana spinosa, and Himantopus himantopus. A variety of other waterfowl occur during migration and in winter, including large numbers of Anas americana, Aythya affinis, and Fulica americana, as well as smaller numbers of Ardea herodias, Anas clypeata, Oxyura jamaicensis, Porzana carolina, Actitis macularia, Gallinago gallinago, and Larus atricilla."
Jacana spinosa,"Research and conservation: A considerable amount of research has been conducted on the endemic grebe, particularly by LaBastille between 1960 and 1973, and by Velasquez in recent years. Other studies have focussed on the potential of the lake for tourism, its limnology, and the introduced fishery. In early 1984, CECON and INAFOR, with the assistance of the US. Fish and Wildlife Service, initiated a captive breeding programme for P. gigas. It seems very unlikely that the grebe will survive in the wild for many more years, unless immediate steps are taken to improve the integrity of the National Park, and an appropriate management plan is implemented.",31350966,,,Internet Archive,directoryofneotr86scot,"UNEP-WCMC, Cambridge",English,,Copyright Owner: IUCN Conservation Monitoring Centre,"Research and conservation: A considerable amount of research has been conducted on the endemic grebe, particularly by LaBastille between 1960 and 1973, and by Velasquez in recent years. Other studies have focused on the potential of the lake for tourism, its limnology, and the introduced fishery. In early 1984, CECON and INAFOR, with the assistance of the U.S. Fish and Wildlife Service, initiated a captive breeding program for P. gigas. It seems very unlikely that the grebe will survive in the wild for many more years unless immediate steps are taken to improve the integrity of the National Park and an appropriate management plan is implemented."
Jacana spinosa,"breeding grounds where the birds had nested the previous year and their mound-like nests were still standing. The birds nest in June. The number of eggs to a clutch is usually two, sometimes only one and: very rarely three. When three are found in a nest it is generally believed that the third has been laid by another female. According to Mr. Ingraham s observations the nests in our illustration must be considered conventional, the attitude of the bird on the nest being correct, and as stated on page 86.",37642291,,,Internet Archive,cu31924090317730,Cornell University Library,English,,Public domain. The BHL considers that this work is no longer under copyright protection.,"Breeding grounds where the birds had nested the previous year and their mound-like nests were still standing. The birds nest in June. The number of eggs in a clutch is usually two, sometimes only one, and very rarely three. When three eggs are found in a nest, it is generally believed that the third has been laid by another female. According to Mr. Ingraham's observations, the nests in our illustration should be considered conventional, with the bird's posture on the nest being correct, as stated on page 86."
Jacana spinosa,"Waterfowl: An important feeding area for resident species, particularly Ardeidae, and passage and wintering area for Nearctic Anatidae, shorebirds and Laridae. Over 40 species of waterfowl have been recorded. The commoner species include Podilymbus podiceps (hundreds), Podiceps dominicus, Pelecanus occidentalis, Egretta caerulea, E. tricolor, E. thula, E. alba, Ardea herodias, Anas discors (hundreds), Oxyura dominica, Fulica americana (hundreds), Pluvialis squatarola, Charadrius semipalmatus, C. vociferus, Tringa melanoleuca, T. flavipes, Arenaria interpres and Calidris minutilla. Sterna albifrons breeds, and Egretta rufescens",31351164,,,Internet Archive,directoryofneotr86scot,"UNEP-WCMC, Cambridge",English,,Copyright Owner: IUCN Conservation Monitoring Centre,"Waterfowl: An important feeding area for resident species, particularly Ardeidae, and a passage and wintering area for Nearctic Anatidae, shorebirds, and Laridae. Over 40 species of waterfowl have been recorded. The more common species include Podilymbus podiceps, Podiceps dominicus, Pelecanus occidentalis, Egretta caerulea, Egretta tricolor, Egretta thula, Egretta alba, Ardea herodias, Anas discors, Oxyura dominica, Fulica americana, Pluvialis squatarola, Charadrius semipalmatus, Charadrius vociferus, Tringa melanoleuca, Tringa flavipes, Arenaria interpres, and Calidris minutilla. Sterna albifrons breeds, as does Egretta rufescens."
Jacana spinosa,"29. Colinus virginianus floridanus (Cowes). Coporniz. FLORIDA BOB-WHITE.-Six Quails were secured at San Pablo, where they were apparently not uncommon. They frequented the guavas, cane-fields and tobacco plantations. The familiar bob-white and scatter calls were first heard on March 23, when the birds were still in flocks and evidently just beginning to mate.",63703901,4,1892.0,Internet Archive,bulletinamerica4amer,Smithsonian Libraries and Archives,English,,Public domain. The BHL considers that this work is no longer under copyright protection.,"29. Colinus virginianus floridanus (Cowes). Coturnix. FLORIDA BOBWHITE. Six quails were observed at San Pablo, where they appeared to be fairly common. They frequented guava trees, cane fields, and tobacco plantations. The familiar bobwhite and scattered calls were first heard on March 23, when the birds were still in flocks and evidently just beginning to mate."
Jacana spinosa,"I can account for the presence of these birds only on the supposition that Florida Quails have at some time been introduced in Cuba, and that they have interbred with the native birds. The explanation is not unreasonable, for we know that Quail have been introduced into other West Indian Islands.",63703901,4,1892.0,Internet Archive,bulletinamerica4amer,Smithsonian Libraries and Archives,English,,Public domain. The BHL considers that this work is no longer under copyright protection.,"I can account for the presence of these birds only on the assumption that Florida Quails have been introduced in Cuba at some point and have interbred with the native birds. This explanation is plausible, as we know that quail have been introduced to other West Indian islands."
Jacana spinosa,"Ornithologist and Odlogist for August, 1887, gives us an interesting account of a pair of these birds moving their eggs when their nest was discovered. While Mr. Hoxie was watching the parents they carried the eggs about one hundred yards from the old nest, and deposited them safely in a new nest which he saw the birds prepare. The female lifted the eggs between her legs and successfully carried them away.",38057346,,,Internet Archive,cu31924000426472,Cornell University Library,English,,Public domain. The BHL considers that this work is no longer under copyright protection.,"Ornithologist and Oologist for August 1887 provides an interesting account of a pair of these birds moving their eggs when their nest was discovered. While Mr. Hoxie was observing the parents, they carried the eggs about one hundred yards from the old nest and deposited them safely in a new nest that he saw the birds prepare. The female lifted the eggs between her legs and successfully carried them away."
Jacana spinosa,"Mr. William Brewster has dedicated this new species to M. Abbott Frazar, who secured three specimens north of La Paz, on the Gulf of California. It was said to be common in the locality and evidently preparing to breed on the sandy islands and shores of the gulf. It has been seen on Los Corronados Islands, San Quentin Bay, Cerros Island; also at Magdalena Bay, where it was common, and on Santa Margarita Island. Here they mated in January. They feed upon small bivalves. Mr. Brewster describes this species as differing from H. palliatus in having a stouter, more depressed bill, little or no white on the eyelids, the back, scapulars and wing-coverets richer and deeper brown. I have no description concerning the nesting and eggs of this new species.",38057346,,,Internet Archive,cu31924000426472,Cornell University Library,English,,Public domain. The BHL considers that this work is no longer under copyright protection.,"Mr.. William Brewster dedicated this new species to M. Abbott Frazar, who secured three specimens north of La Paz, on the Gulf of California. It was said to be common in the area and evidently preparing to breed on the sandy islands and shores of the gulf. It has been observed on Los Corronados Islands, San Quentin Bay, Cerros Island, as well as at Magdalena Bay, where it was common, and on Santa Margarita Island. Here, they mated in January. They feed on small bivalves. Mr. Brewster describes this species as having a stouter, more depressed bill compared to H. palliatus, with little or no white on the eyelids, and the back, scapulars, and wing coverts are a richer, deeper brown. There is no information available regarding the nesting habits and eggs of this new species."
Jacana spinosa,"Bachman s Oyster-catcher, as it is called, is a characteristic bird of the Pacific coast, being more common to the north than to the south. It is said to be partial to rocky coasts and islands and not always met with on sand beaches. It is common in Alaska, where it is one of the characteristic birds of the seashore, and it is also a summer resident of the entire Aleutian chain of islands. Dall found it breeding the latter part of June on Range Island, one of the Shumagin group. Here he found two nests. In both cases the eggs were placed directly upon the gravel on the beach; one contained two eggs, the other one. They were all partly incupated. The eggs of this species are two 287. BLACK OYSTER-CATCHER. or three in number, light olive-buff, speckled or spotted with brownish-black and purplish-gray. Their average size is 2.20x1.52 inches.",38057346,,,Internet Archive,cu31924000426472,Cornell University Library,English,,Public domain. The BHL considers that this work is no longer under copyright protection.,"Bachman's Oyster-catcher, as it is called, is a characteristic bird of the Pacific coast, being more common in the north than in the south. It is said to prefer rocky coasts and islands and is not always found on sandy beaches. It is common in Alaska, where it is one of the characteristic birds of the seashore, and it is also a summer resident of the entire Aleutian chain of islands. Dall found it breeding in the latter part of June on Range Island, one of the Shumagin group. He observed two nests there, both placed directly on the gravel of the beach; one contained two eggs, and the other one. The eggs were partly incubated. The eggs of this species are usually two or three in number, light olive-buff, speckled or spotted with brownish-black and purplish-gray. Their average size is 2.20 by 1.52 inches."
Jacana spinosa,"AMERICAN QUAIL 269 secondaries white, primaries fuscous, upper tail-coverts white, base of tail white, end fuscous, lower breast and belly white. Jm.-Similar, but head and neck blackish and upperparts more or less margined with buffy. L., 19 00; W., 10 50; Tar., 2 40; B., 3 40. ' Range.-Coasts of N. and 8. A. from Tex., La., and Va. (formerly N. J.) Ss. on both coasts of Mex. to the West Indies, s. Brazil, and cen. Chile; casual n. to N. B. Breeds probably throughout its range. Long Island, A. V. Nest, a depression in the sand. Eggs, 3, buffy white or creamy buff, rather evenly spotted and blotched with chocolate, 2 20 x 1 55. Date, Mouth St. John s River, Fla., Apl. 10; Coast 8. C., Apl. 20; Cobb s Is., Va., May 10. This not uncommon species from Virginia southward, is confined exclusively to the coast, and breeds usually in isolated pairs. Wayne states that in the winter it is found on the South Carolina coast in flocks of from twenty to seventy-five individuals. It agrees in habits with other members of this small family. 1905. Jos, H. K., Wild Wings, 239 (nesting). The Evroprgan Oyster-carcnHer (285. Hematopus ostralegus) is of accidental occurrence in Greenland. The Mexican Jacana (288. Jacana spinosa) occurs in the lower Rio Grande valley of Tex., in Cuba and southward, and has been once recorded from Fla. (Lake Okeechobee, Oct. 1889; Mearns, Auk, 1902, 79). X. ORDER GALLINZE. GALLINACEOUS BIRDS 30. Famity OponTopHoRIDs. AMERICAN QuaiL. (Fig. 44.) . The members of this family, some sixty in number, are the American representatives of the Old World Perdicide, or true Quails and Partridges, to which structurally they are closely related though differing in external appearance. Doubtless the two families, as for convenience we term them, had a common origin, just as Old and New World Pigeons, or Parrots, or Spoonbills, for example, have had, and we may believe that in the later Tertiary Period, when a much warmer climate prevailed in Arctic regions, their range was doubtless continuous. The present center of abundance of the American species is in the tropics, to which the seventeen species of Wood Quail of the genus Odontophorus are confined, only seven of the sixty members of the family crossing our southern border. This includes our Bob-white and the Masked Bob-white of northern Sonora, and formerly, at least, southern Arizona, the Scaled, Mearns and Gambel s Quails of our Mexican border States, and the California Valley and Mountain uails. . In eastern North America we have only one species, our familiar Bob-white, not, as we are apt to imagine it, a distinctively North American bird, but the most northern representative of a type whose stronghold is in Mexico where ten forms of the genus Colinus are known.",37407356,,,Internet Archive,cu31924090284054,Cornell University Library,English,,Public domain. The BHL considers that this work is no longer under copyright protection.,"American Quail: Secondaries white, primaries fuscous, upper tail-coverts white, base of tail white, end fuscous, lower breast and belly white. Similar, but the head and neck are blackish, and the upper parts are more or less margined with buffy. The length is 19 inches, wings 10.5 inches, tail 2.4 inches, and bill 3.4 inches. 

Range: Coasts of North and South America from Texas, Louisiana, and Virginia (formerly New Jersey). Found on both coasts of Mexico to the West Indies, southern Brazil, and central Chile; occasionally north to New Brunswick. It probably breeds throughout its range. In Long Island, nests are located in depressions in the sand. Eggs are buffy white or creamy buff, rather evenly spotted and blotched with chocolate, measuring approximately 2.20 by 1.55 inches. Dates of observation include April 10 at Mouth St. John’s River, Florida; April 20 on the coast of South Carolina; and May 10 on Cobb’s Island, Virginia. 

This not uncommon species from Virginia southward is confined exclusively to the coast and usually breeds in isolated pairs. Wayne states that in winter, it is found on the South Carolina coast in flocks of twenty to seventy-five individuals. It shares habits with other members of this small family. 

In 1905, Jos. H. K. noted in *Wild Wings* that the species nests in these regions. The European Oyster-catcher (Hematopus ostralegus) is occasionally found in Greenland. The Mexican Jacana (Jacana spinosa) occurs in the lower Rio Grande valley of Texas, in Cuba, and southward, with a single record from Florida (Lake Okeechobee, October 1889; Mearns, *Auk*, 1902, p. 79).

Order: Gallinaceous Birds. Family: Opisthothoridæ.

American Quail (Fig. 44): The members of this family, numbering about sixty species, are the American representatives of the Old World Perdicide, or true Quails and Partridges. Structurally, they are closely related, though they differ in external appearance. It is believed that both families originated from a common ancestor, similar to how Old and New World pigeons, parrots, or spoonbills are related. During the later Tertiary Period, when the climate was warmer in Arctic regions, their ranges were likely continuous.

Today, the center of abundance for American species is in the tropics. The genus *Odontophorus* includes seventeen species of Wood Quail, confined to the tropics, while only seven of the sixty family members cross into the southern United States. This group includes our Bob-white and the Masked Bob-white of northern Sonora, and formerly southern Arizona, as well as the scaled, Mearns’s, and Gambel’s Quails of the Mexican border states, and the California Valley and Mountain Quails.

In eastern North America, only one species is present: our familiar Bob-white. It is not, as often thought, a distinctly North American bird but the northernmost representative of a group whose primary range is in Mexico, where ten forms of the genus *Colinus* are known."
Jacana spinosa,"The Palwarctic Region possesses but one species, . chirurgus, which is met with in the Chinese Empire, where, according to M. David, it passes the summer in the middle provinces. The Nearctic Region has but one species, . sfzzosa, met with in various parts of the West Indian Islands, and extending southwards through Central America into Colombia of the Neotropical Region. This last region also contains FY. zzgra, which ranges through Central America and Colombia, and Y. jacana, which is distributed generally over a large portion of South America, being abundant in Trinidad, Venezuela, Brazil, the Argentine Republic, Peru, and Bolivia.",16315640,5,1888.0,Internet Archive,auk51888amer,Smithsonian Libraries and Archives,English,,Public domain. The BHL considers that this work is no longer under copyright protection.,"The Palearctic Region possesses only one species, Chirurgus, which is found in the Chinese Empire. According to M. David, it passes the summer in the central provinces. The Nearctic Region has only one species, Sfzzosa, found in various parts of the West Indian Islands and extending southward through Central America into Colombia of the Neotropical Region. This last region also contains Fy. Zzgra, which ranges through Central America and Colombia, and Y. Jacana, which is distributed broadly over a large portion of South America. It is abundant in Trinidad, Venezuela, Brazil, the Argentine Republic, Peru, and Bolivia."
Jacana spinosa,"Adult :-Head, neck, and anterior portion of back black with green and purple reflections. Back and wings bright chestnut. Primaries and secondaries pale greenish yellow, the latter tipped with brown; the former bordered with the same color, confined to the apical half of the outer web, and the typical portion of the inner except on the first primary, which has the entire outer web brown. Flanks dark chestnut; breast dull greenish black. . Abdomen and under tail-coverts dull purplish. Rump and upper tail-coverts, purplish chestnut. Tail bright chestnut tipped with black. Frontal and side wattles, together with base of bill, bright red. Remainder of bill yellow. Legs and feet olive. Metacarpal spur extremely sharp. Spurs onshoulder of wing yellow. Total length, 104; wing, 54; tail, 24; bill (culmen), 1 inches.",16315640,5,1888.0,Internet Archive,auk51888amer,Smithsonian Libraries and Archives,English,,Public domain. The BHL considers that this work is no longer under copyright protection.,"Adult: Head, neck, and anterior portion of the back black with green and purple reflections. Back and wings bright chestnut. Primaries and secondaries pale greenish yellow, the latter tipped with brown; the primaries bordered with the same color, confined to the apical half of the outer web, and the typical portion of the inner web except on the first primary, which has the entire outer web brown. Flanks dark chestnut; breast dull greenish black. Abdomen and under tail-coverts dull purplish. Rump and upper tail-coverts purplish chestnut. Tail bright chestnut tipped with black. Frontal and side wattles, together with the base of the bill, bright red. The remainder of the bill is yellow. Legs and feet are olive. The metacarpal spur is extremely sharp. Spurs on the shoulder of the wing are yellow. Total length: 104 inches; wing: 54 inches; tail: 24 inches; bill (culmen): 1 inch."
Jacana spinosa,"Young :-Yop of head brown; a black stripe down back of neck, and one from behind the eye to nape, black. Superciliary stripe yellowish white. Throat, front of neck, and entire underparts white, washed on lower neck and upper part of breast with buff. Back bronzy brown; wings bronze-green with chestnut feathers interspersed, chiefly on the",16315640,5,1888.0,Internet Archive,auk51888amer,Smithsonian Libraries and Archives,English,,Public domain. The BHL considers that this work is no longer under copyright protection.,"Young: Top of head brown with a black stripe down the back of the neck and another from behind the eye to the nape, both black. Superciliary stripe yellowish-white. Throat, front of neck, and entire underparts white, washed on the lower neck and upper part of the breast with buff. Back bronzy brown; wings bronze-green with interspersed chestnut feathers."
Jacana spinosa,"128 THE WILSON BULLETIN June 1954 Vol. 66, No. 2 Plectropterus gambensis (Fig. ID) : the spur is borne on the radial carpal bone (skeleton, C.N.H.M.) as shown by Sclater (1886, p. 300). The spur is stout, strong, with a gradual taper, nearly oval in cross section, but with a tendency toward flanges giving small sharp edges. There is an area about 5 mm. from the base that suggests a growth ring in all specimens. Length of the spur in males is 20-25 mm., in females, 18-22 mm. In one specimen there is a small pad of horn on an auxiliary spur that appears to be the tip of the process of metacarpal I. Merganetta armata (Fig. IE): the spur is borne on the basal anterior edge of the metacarpal on the process of metacarpal I (specimen C.N.H.M.). The spurs are stout at the base, oval in section, and taper abruptly, but with an attenuated, very sharp tip. They differ from the spurs of Plectropterus also in that the horny sheath ends abruptly basally with an abruptly rounded edge indicating thickness of the horny covering to the base. No suggestion of growth rings is evident. Length of the spur in males is 9-17 mm.; in females, 6-13 mm. The spur of the female usually has a less attenuated and less sharp point. Charadriiformes Jacanidae (Jacanas). Of the seven species in six genera in this family, only two species have well developed spurs: Jacana spinosa has a long conspicuous spur, borne on the process of metacarpal I (skeleton, C.N.H.M.), as figured by Sclater (1886:301). The spur is almost conical, with a slightly attenuated and very sharp tip. Faint lines suggesting growth rings are somewhat evident. The spurs of males measure 7-10; of females, 8-10 mm. In Hydrophasianus chirurgus the spur is apparently similarly located and is short and very sharp; in males it measures 3-5; in females, 4-7 mm. Another aspect of wing armature in this group is noteworthy in this connection. In Actophilornis africana (Fig. IF), A. albinucha , Metopidius indicus, and Irediparra gallinacea, the radius is flattened and heavy, much heavier than the ulna (Forbes, 1881:646). In these species, spurs are absent, being represented only by the knob of the process of metacarpal I. Jacana spinosa and H. chirurgus , both with sharp spurs, have normaF radii (Forbes, 1881:646-7). Charadriidae, subfamily Vanellinae (Wattled Plovers and Lapwings). Of the 25 species in 19 genera belonging to this subfamily I have examined 24 1 species in 18 genera and find a conspicuous spur in 10 species in 7 genera, a very small but distinct sharp spur in 4 species in 4 genera, and a condition in which a spur is represented only by the knob formed by the process of metacarpal I in 7 genera (see list below). The following species have conspicuous, well developed spurs: Species Length of Spur Male Female Belonopterus chilensis 8-14 mm. 8-12 Xiphidiopterus albiceps 18-23 16-22 Rogibyx tricolor 15 no specimen Lobibyx novae-hollandiae 16, 17 13-14 Lobibyx miles 15 no specimen Afribyx senegallus 3-11 2-5 Hoplopterus spinosus 5-11 4-7 Hoplopterus armatus 9-12 7-12 Hoplopterus duvaucelii 11-13 6-15 Hoploxypterus cayanus 4-9 4-5 1 1 have not seen Tylibyx melanocephalus which is said to have no spur.",52162169,66,1954.0,Internet Archive,wilsonbulletin6619wils,"Harvard University, Museum of Comparative Zoology, Ernst Mayr Library",English,https://biodiversitylibrary.org/permissions,In copyright. Digitized with the permission of the rights holder.,"128 THE WILSON BULLETIN June 1954 Vol. 66, No. 2

Plectropterus gambensis: the spur is borne on the radial carpal bone, as shown by Sclater (1886, p. 300). The spur is stout and strong, with a gradual taper, nearly oval in cross section, but with a tendency toward flanges that give small sharp edges. About 5 mm from the base, there is an area suggesting a growth ring in all specimens. The length of the spur in males is 20-25 mm, and in females, 18-22 mm. In one specimen, there is a small horn pad on an auxiliary spur that appears to be the tip of the process of metacarpal I.

Merganetta armata: the spur is borne on the basal anterior edge of the metacarpal on the process of metacarpal I. The spurs are stout at the base, oval in section, and taper abruptly, with an attenuated, very sharp tip. They differ from the spurs of Plectropterus in that the horny sheath ends abruptly at the base with a rounded edge, indicating the thickness of the horny covering to the base. No growth rings are evident. The length of the spur in males is 9-17 mm, and in females, 6-13 mm. The female's spur usually has a less attenuated and less sharp point.

Charadriiformes, Jacanidae (Jacanas): of the seven species in six genera in this family, only two species have well-developed spurs. Jacana spinosa has a long, conspicuous spur borne on the process of metacarpal I. The spur is almost conical, with a slightly attenuated and very sharp tip. Faint lines suggesting growth rings are somewhat evident. The spurs of males measure 7-10 mm, and those of females, 8-10 mm. In Hydrophasianus chirurgus, the spur is apparently similarly located and is short and very sharp; in males, it measures 3-5 mm, and in females, 4-7 mm.

Another aspect of wing armature in this group is noteworthy. In Actophilornis africana, A. albinucha, Metopidius indicus, and Irediparra gallinacea, the radius is flattened and heavy, much heavier than the ulna. In these species, spurs are absent, being represented only by the knob of the process of metacarpal I. Jacana spinosa and Hydrophasianus chirurgus, both with sharp spurs, have normal radii.

Charadriidae, subfamily Vanellinae (Wattled Plovers and Lapwings): of the 25 species in 19 genera belonging to this subfamily, I have examined 24 species in 18 genera. A conspicuous spur is present in 10 species across 7 genera, a very small but distinct sharp spur in 4 species across 4 genera, and in 7 genera, the spur is represented only by the knob formed by the process of metacarpal I. The following species have conspicuous, well-developed spurs:

- Belonopterus chilensis: 8-14 mm
- Xiphidiopterus albiceps: 18-23 mm in males, 16-22 mm in females
- Rogibyx tricolor: 15 mm
- Lobibyx novae-hollandiae: 16-17 mm
- Lobibyx miles: 15 mm
- Afribyx senegallus: 3-11 mm in males, 2-5 mm in females
- Hoplopterus spinosus: 5-11 mm in males, 4-7 mm in females
- Hoplopterus armatus: 9-12 mm in males, 7-12 mm in females
- Hoplopterus duvaucelii: 11-13 mm in males, 6-15 mm in females
- Hoploxypterus cayanus: 4-9 mm in males, 4-5 mm in females

I have not seen Tylibyx melanocephalus, which is said to have no spur."
Jacana spinosa,"Shore-bird Shooting 497 the surface of the water, and if frightened retires to the dense vegetation where we must leave it. A remarkable species found in southeastern Asia, with a total length of only eighteen inches, has a tail that is ten inches long. Four of the tail feathers are much longer than the others and arched like those of a pheasant. It builds a flat nest of grass and rushes which floats on the water, attached to the plants growing near. In this, and the six or seven olive-brown eggs it lays, it certainly resembles a rail much more than a shorebird. MEXICAN JACANA (Jacana spinosa) Adult male and female Head, neck, upper part of back, and breast, black, with reflections of purple; lower back and wings, purplish chestnut; primaries and secondaries, pale yellowish green, the primaries bordered with blackish brown; rump, upper tailcoverts, and tail, dark purple; lower portion of breast and flanks, maroon ; abdomen, thighs, and under tail-coverts, brownish maroon; a frontal leaf of three lobes, bright orange in color, covers the forehead from the base of the bill; bill, bright yellow ; a sharp spur on the wing of orange; iris, brown; feet and legs, greenish. Young Frontal leaf, yellow, rudimentary ; top of head and back of neck, pale brown; a yellowish white stripe from base of bill to nape; a black stripe behind the eye, broadening on the neck and upper back; back and wings, pale brown; primaries and secondaries, yellowish green; rump and upper tail-coverts, brown ; tail, dark; upper parts in general, light brown; chin, throat, sides, and under parts, white, with a tinge of buff; bill, yellow; legs and feet, olive. Downy youngCrown, back, and wings, orange-tawny; nape and hind neck, dusky; lines on back, from eye to hind neck, on 2K",29227807,,,Internet Archive,waterfowlfamily01sanf,Library of Congress,English,,Not provided. Contact Holding Institution to verify copyright status.,"Shorebird Shooting 497: The bird is on the surface of the water, and if frightened, it retreats to the dense vegetation where we must leave it. A remarkable species found in southeastern Asia, with a total length of only eighteen inches and a tail ten inches long. Four of the tail feathers are much longer than the others and arched like those of a pheasant. It builds a flat nest of grass and rushes that floats on the water, attached to the nearby plants. In this nest, it lays six or seven olive-brown eggs, and it resembles a rail much more than a typical shorebird. 

MEXICAN JACANA (Jacana spinosa): 

Adult male and female: The head, neck, upper part of the back, and breast are black with purple reflections. The lower back and wings are purplish chestnut. The primaries and secondaries are pale yellowish green, with the primaries bordered in blackish brown. The rump, upper tail coverts, and tail are dark purple. The lower portion of the breast and flanks are maroon. The abdomen, thighs, and under tail coverts are brownish maroon. A frontal leaf of three lobes, bright orange in color, covers the forehead from the base of the bill. The bill is bright yellow. A sharp spur on the wing is orange. The iris is brown. The feet and legs are greenish.

Young: The frontal leaf is yellow and rudimentary. The top of the head and back of the neck are pale brown. A yellowish-white stripe runs from the base of the bill to the nape. A broad black stripe behind the eye extends on the neck and upper back. The back and wings are pale brown. The primaries and secondaries are yellowish green. The rump and upper tail coverts are brown. The tail is dark. The upper parts in general are light brown. The chin, throat, sides, and under parts are white with a tinge of buff. The bill is yellow. The legs and feet are olive.

Downy young: The crown, back, and wings are orange-tawny. The nape and hind neck are dusky. Lines run on the back from the eye to the hind neck."
Jacana spinosa,"222. Red Phalarope (Crymophilus fulicarius). L. 8.10; B. 9. Bill heavy, wider than deep. Ad. . Below entirely reddish brown; cap black, back black and buff. Ad. G . Similar, but smaller; crown and back streaked with brown, black, and buff. Yung. Resemble , but upper tail-coverts plumbeous, underparts white. Winter. Crown and underparts white, hindneck black, back gray. Notes. A musical clink, clink. (Nelson.) Range.Northern parts of northern hemisphere, breeding in the Arctic regions and migrating south in winter; in the United States south to the Middle States. Ohio Valley, and Cape St. Lucas; chiefly maritime (A. O. U.) 223. Northern Phalarope (Phalaropus lobatus). L. 7.7; B. .8. Bill short, slender, sharply pointed. Ad. 9. Breast rufous; above slaty gray mixed with ochraceous on back. Ad. do . Smaller, less rufous on throat; above blackish streaked with rusty. Yng. Underparts and orebead white; crown sooty; back blackish streaked with straw-color. Wanter. Upperparts gray mixed with white; underparts white. Notes. A low chippering, clicking note. Range.-Northern hemisphere; breeds from Labrador and northern British America north to Greenland and Alaska; winters apparently south of United States where itis known as a migrant chiefly off the coasts. 224. Wilson Phalarope (Steganopus tricolor). L. 9.5; B. 1.3. Bill long. Ad. . Sides of neck black and chestnut; crown and back gray. Ad. o. Smaller; chestnut and black much less and _ duller; crown and back blackish, latter sometimes with rutous. Yng. Below white; crown and back black margined with ochraceous; nape brownish gray. Winter. Above gray, upper tail-coverts white; below white. Notes. A soft, trumpeting yua, yna. Range.-North America, chieflv in the interior; breeds from northern Illinois (rarely),Minnesota_and Central California,north to latitude 55 : winters south of United States to southern South America. 283. Turnstone (4renaria interpres). Similar to 283.1 but larger, W. 6., and upperparts in ad. with black prevailing. Yng. Blacker than young of 283.1. eee hemisphere, in America, only in Greenland and 283.1. Ruddy Turnstone (4renaria morinella) . L. 9.5; W. 5.7. Ads. Reddish brown prevailing in upper surface. Yng. Above and breast grayish brown margined with buffy, throat, abdomen, rump and long upper tail-coverts white as in ad.; shorter upper tail-coverts black. Notes. When flying, a loud twittering note. (Nuttall.) Range. Nearly cosmopolitan; breeds in Arctic regions; winters in America south of United States to Patagonia. 288. Mexican Jacana (Jacana spinosa). L. 8. Toes over 1.5.. Ads. Chestnut and black; wings mostly greenish. Yng. Forehead, line over eye, and below white. Above grayish brown, sometimes with rump chestnut, nape black. Notes. A harsh, rapidly peat) cep, eep, cep. ange.Central America and Mexico north to Lower Rio Grande Valley, Cuba and Haiti. 102",61440521,,,Internet Archive,colorkeytonortha00chap_0,University of Alberta Library,English,,Not provided. Contact Holding Institution to verify copyright status.,"222. Red Phalarope (Crymophilus fulicarius). Length: 8.10 inches; Breadth: 9 inches. Bill heavy, wider than deep. Adult: Entirely reddish brown below; black cap; back black and buff. Similar, but smaller; crown and back streaked with brown, black, and buff. Juvenile: Resembles adult, but upper tail-coverts are plumbeous, and underparts are white. Winter: Crown and underparts white; hindneck black; back gray. Notes: A musical clink, clink. Range: Northern parts of the northern hemisphere, breeding in Arctic regions and migrating south in winter; in the United States, south to the Middle States, Ohio Valley, and Cape St. Lucas; chiefly maritime.

223. Northern Phalarope (Phalaropus lobatus). Length: 7.7 inches; Breadth: 0.8 inches. Bill short, slender, sharply pointed. Adult: Breast rufous; above slaty gray mixed with ochraceous on the back. Adult (alternate plumage): Smaller, less rufous on the throat; above blackish streaked with rusty. Juvenile: Underparts and forehead white; crown sooty; back blackish streaked with straw-color. Winter: Upperparts gray mixed with white; underparts white. Notes: A low chipping, clicking note. Range: Northern hemisphere; breeds from Labrador and northern British America north to Greenland and Alaska; winters apparently south of the United States, chiefly off the coasts.

224. Wilson's Phalarope (Steganopus tricolor). Length: 9.5 inches; Breadth: 1.3 inches. Bill long. Adult: Sides of neck black and chestnut; crown and back gray. Adult (alternate plumage): Smaller; chestnut and black much less and duller; crown and back blackish, sometimes with rusty. Juvenile: Underparts and forehead white; crown and back black margined with ochraceous; nape brownish gray. Winter: Above gray, upper tail-coverts white; below white. Notes: A soft, trumpeting yua, yna. Range: North America, chiefly in the interior; breeds from northern Illinois (rarely), Minnesota, and Central California north to latitude 55; winters south of the United States to southern South America.

283. Turnstone (Arenaria interpres). Similar to A. i. but larger, with a wingspan of 6 inches, and in adult plumage with black prevailing on the upperparts. Juvenile: Blacker than young of A. i. Ruddy Turnstone (Arenaria morinella). Length: 9.5 inches; Wingspan: 5.7 inches. Adults: Reddish brown prevailing on the upper surface. Juvenile: Above and breast grayish brown margined with buff; throat, abdomen, rump, and long upper tail-coverts white as in adults; shorter upper tail-coverts black. Notes: When flying, a loud twittering note. Range: Nearly cosmopolitan; breeds in Arctic regions; winters in America south of the United States to Patagonia.

288. Mexican Jacana (Jacana spinosa). Length: 8 inches. Toes over 1.5 inches. Adults: Chestnut and black; wings mostly greenish. Juvenile: Forehead, line over eye, and below white. Above grayish brown, sometimes with rump chestnut; nape black. Notes: A harsh, rapidly peeping call. Range: Central America and Mexico north to the Lower Rio Grande Valley, Cuba, and Haiti."
Jacana spinosa,"We find described as new Amazona leucocephala palmarum (p. 228), Isle of Pines; Vireo gundlachii orientalis (p. 256) Guantanamo, Cuba; and Holoquiscalus caymanensis dispar (p. 276), Isle of Pines,the last being renamed on an erratum insert Q. c. caribeus, dispar proving untenable. The species and subspecies of Holoquiscalus and the races of Jacana spinosa are considered at length and reasons are set forth for the rejection of Podilymbus podiceps antillarum Bangs and Agelaius subniger Bangs, as well as the races of Squatarola squatarola recently proposed by Thayer and Bangs, and the West Indian races of the Green Heron proposed by Oberholser. As Mr. Todd is confessedly not following the A. O. U. Check-List where the latest and best authorities differ from it, attention might be called to the fact that by Opinion 62 of the International Commission on Zoological Nomenclature (March, 1914) the genera Herodias and Urubitinga become untenable, being synonyms respectively of Hgretta and Morphnus.",15982799,33,1916.0,Internet Archive,auk331916amer,Smithsonian Libraries and Archives,English,,Public domain. The BHL considers that this work is no longer under copyright protection.,"We find the following species described as new: Amazona leucocephala palmarum, Isle of Pines; Vireo gundlachii orientalis, Guantanamo, Cuba; and Holoquiscalus caymanensis dispar, Isle of Pines. The last was renamed in an erratum as Q. c. caribeus, but the subspecies designation was found to be untenable. The species and subspecies of Holoquiscalus and the races of Jacana spinosa are discussed at length, with reasons provided for rejecting Podilymbus podiceps antillarum Bangs, Agelaius subniger Bangs, the recently proposed races of Squatarola squatarola by Thayer and Bangs, and the West Indian races of the Green Heron proposed by Oberholser. Since Mr. Todd admits he is not following the A. O. U. Check-List where the latest and most authoritative sources differ, it should be noted that Opinion 62 of the International Commission on Zoological Nomenclature (March 1914) renders the genera Herodias and Urubitinga untenable, as they are synonyms of Hgretta and Morphnus, respectively."
Jacana spinosa,"Mr. Todd s careful study of the material before him brings out many interesting points, among others the fact that Sturnella magna hippocrepis is nearest to S. m. argutula and not to S. neglecta as stated by Ridgway, while Seiwrus noveboracensis notabilis is the form occurring on the Isle of Pines in spite of Prof. Cooke s reference of all West Indian records to typical noveboracensis.",15982799,33,1916.0,Internet Archive,auk331916amer,Smithsonian Libraries and Archives,English,,Public domain. The BHL considers that this work is no longer under copyright protection.,"Mr. Todd's careful study of the material before him highlights many interesting points, including the fact that Sturnella magna hippocrepis is closest to S. m. argutula and not to S. neglecta, as stated by Ridgway. Additionally, Seiurus noveboracensis notabilis is the form found on the Isle of Pines, despite Professor Cooke's reference of all West Indian records to the typical noveboracensis."
Jacana spinosa,"The bibliography comprises 64 titles of which 42 are of articles by A. C. Read published in newspapers, The Odlogist, and Bird Lore s Christmas lists. Much space in Mr. Todd s list is taken up with discrediting or rejecting records of Mr. Read, which seem to be almost entirely based upon sight or upon specimens shot but not preserved. It would seem that this represents a waste of time and energy as the records which are accepted as probable are severely discounted by the obvious inaccuracy of the others. Would it not be best to ignore such publications absolutely as the surest way to discourage them in future? This however detracts in no way from Mr. Todd s admirable paper which will stand as authority on the birds of the Isle of Pines for many years to come.W.S.",15982799,33,1916.0,Internet Archive,auk331916amer,Smithsonian Libraries and Archives,English,,Public domain. The BHL considers that this work is no longer under copyright protection.,"The bibliography comprises 64 titles, of which 42 are articles by A. C. Read published in newspapers, The Odlogist, and Bird Lore's Christmas lists. Much of Mr. Todd's list is devoted to discrediting or rejecting records of Mr. Read, which seem to be almost entirely based on sight or on specimens shot but not preserved. This appears to be a waste of time and energy, as the records accepted as probable are severely discounted due to the obvious inaccuracy of the others. Would it not be better to ignore such publications altogether, as the surest way to discourage them in the future? However, this does not detract from Mr. Todd's admirable paper, which will stand as an authority on the birds of the Isle of Pines for many years to come."
Jacana spinosa,"The coast of western North America is the home of the black oyster-catcher, and it breeds locally throughout its range from Abreojos Point, Lower California (Kaeding), north to Prince William Sound, Alaska (Grinnell), and west to Attu Island (Turner) at the western end of the Aleutian chain. It winters from the coast of southern British Columbia (Fannin) southward. The short mieration is performed during May, and the eggs are deposited at the northern end of the range from the middle to the latter part of June. This is also the time at which eggs are most commonly found at the extreme southern end of the summer home. Downy young were taken June 17, 1900, on Queen Charlotte Islands, British Columbia (Osgood).",39732414,,,Internet Archive,distributionmigr00cook,Library of Congress,English,,Not provided. Contact Holding Institution to verify copyright status.,"The coast of western North America is home to the black oyster-catcher, which breeds locally throughout its range from Abreojos Point, Lower California, north to Prince William Sound, Alaska, and west to Attu Island at the western end of the Aleutian chain. It winters from the coast of southern British Columbia southward. The short migration occurs during May, and eggs are deposited at the northern end of the range from mid to late June. This is also the time when eggs are most commonly found at the extreme southern end of the summer range. Downy young were observed on June 17, 1900, on the Queen Charlotte Islands, British Columbia."
Jacana spinosa,"The Mexican jacana was described originally from Cartagena, Colombia, and as that remains still the only record for the country, the ascription to this locality was probably an error. The species is known from Divala, Panama (Bangs), and thence north on the Pacific side to Mazatlan, Mexico (Lawrence), and on the Gulf side to the mouth of the Rio Grande (Merrill). It is recorded from Porto Rico (Gundlach), Haiti (Ritter), Jamaica (Denny), and Cuba (Vigors)-rare in the first three and common in Cuba. One was taken October, 1899, at Lake Okeechobee, Florida (Mearns)-first record for the State. The species is resident throughout its regular range and breeds for about half the year from March to September.",39732414,,,Internet Archive,distributionmigr00cook,Library of Congress,English,,Not provided. Contact Holding Institution to verify copyright status.,"The Mexican jacana was originally described from Cartagena, Colombia, and since that remains the only record for the country, the attribution to this locality was probably an error. The species is known from Divala, Panama, and extends north on the Pacific side to Mazatlan, Mexico, and on the Gulf side to the mouth of the Rio Grande. It has been recorded from Puerto Rico, Haiti, Jamaica, and Cuba—rare in the first three and common in Cuba. One individual was captured in October 1899 at Lake Okeechobee, Florida, marking the first record for the state. The species is resident throughout its regular range and breeds for about half the year, from March to September."
Jacana spinosa,"December 1976 GENERAL NOTES 667 Feeding of nestlings by the Caracara in Costa Rica. A Caracara (Caracara cheriway) nest was located on the edge of a fresh water marsh near Las Canas in Guanacaste Province, Costa Rica. The large bushy nest was approximately 30 m up in a 40 m Pseudobombax septinatum tree, and contained 2 nestlings that were close to fledging. I used spotting scope and binoculars to identify prey items brought to the young and the frequency with which the young were fed. The nest was observed during the dry season from 26 January through 30 January 1975. I spent 23 hours watching the nest from 06:00 to 11:30 and from 16:00 to 18:00 daily. The adult pair foraged over the marsh and in the surrounding areas of savannah and second growth arid scrub habitat. During the 23 hours of observation, 47 visits were made to the nest by the adults, averaging about 2 trips to the nest per hour. The adults brought food to the young on 25 of these visits to the nest, or slightly more than once an hour. On only 5 occasions did more than an hour elapse between feedings. The food was torn apart in the nest by the adults and presented bite by bite to the nestlings a feeding process typical of many raptors f Brown and Amadon, Eagles, Hawks, and Falcons of the World, Vol. I, McGraw-Hill, 1968) . It took the adults an average time of 12 min to aid the young in consuming the prey. Bent (Lf.S. Natl. Mus. Bull. 170, 1938) reports that some species of caracara feed their young fresh meat as opposed to carrion. Much of the food I observed brought to the nest (though difficult to ascertain) appeared to be freshly killed. The following food items were observed: Birds 3 Jacana spinosa Q adult, 1 juvenile, 1 juvenile leg), 1 unidentified small bird; Mammals 1 peccary (lower jaw of Tayassu pecari) , 1 cotton rat (Sigmodon hispidus) ; Reptiles 2 tails of Ctenosaura similis, 2 tails of Iguana iguana, 4 Ameiva lizards (probably f estiva) ; Amphibians 1 large frog; Fish 2 fish of the family Eleotridae; Arthropods 1 tarantula or large insect; Miscellaneous 3 unidentified pieces of carrion. In addition to these, 4 items brought to the nest could not be identified at all before they had been fed to the young. The freshwater fish of the family Eleotridae were probably found in nearby ponds and waterways that were quite shallow as a result of the dry season. The cotton rat i Sigmodon hispidus) appeared to have been freshly decapitated and was one of the few instances in which the adult Caracara carried the food in its feet instead of with the bill. The peccary jaw was identified after an adult, flustered by an attack by a Tropical Kingbird (Tyrannus melancholicus) dropped the jaw and I retrieved it. The Caracara is usually described as a carrion feeder (Glazener, Condor 66:162, 1964), and is sometimes seen in association with vultures (Monroe, Ornithol. Monogr. No. 7, 1968). It is of interest that only in 4 cases (including the peccar ' jaw) did the adults bring what appeared to be carrion to the nest. Since occasionally both adults joined the young in the nest after one of the mates brought food, it is possible that the adults were feeding along with the nestlings on the food brought to the nest. Thus during the nesting season the adult Caracara cheriway may feed on more fresh prey than hitherto reported. I am indebted to Norman Scott for his help in identifying the prey, to Indiana University for supplying the funds for my participation in the Tropical Biology course sponsored by the Organization for Tropical Studies, and to Rollin Richmond for reading the manuscript. Ann Reller Richmond, Zoology Dept., Indiana JJniv., Bloomington 47401. Accepted 22 Sept. 1975. Unusually large vulture roost in Virginia. On 29 December 1975, in the Radford Army Ammunition Plant (RAAP), 14 km west of Blacksburg, Va., we saw a large roost of Black (Coragyps atratus) and Turkey vultures (Cathartes aura). We counted 813",52181901,88,1976.0,Internet Archive,wilsonbulletin8819wils,"Harvard University, Museum of Comparative Zoology, Ernst Mayr Library",English,https://biodiversitylibrary.org/permissions,In copyright. Digitized with the permission of the rights holder.,"December 1976

GENERAL NOTES

Feeding of nestlings by the Caracara in Costa Rica. A Caracara (Caracara cheriway) nest was located on the edge of a freshwater marsh near Las Canas in Guanacaste Province, Costa Rica. The large bushy nest was approximately 30 meters up in a 40-meter Pseudobombax septinatum tree and contained two nestlings that were close to fledging. I used a spotting scope and binoculars to identify prey items brought to the young and the frequency with which they were fed. The nest was observed during the dry season from January 26 to January 30, 1975. I spent 23 hours watching the nest from 6:00 to 11:30 and from 16:00 to 18:00 daily. The adult pair foraged over the marsh and in the surrounding areas of savannah and second-growth arid scrub habitat. During the 23 hours of observation, the adults made 47 visits to the nest, averaging about two trips per hour. They brought food to the young on 25 of these visits, or slightly more than once an hour. On only five occasions did more than an hour elapse between feedings. The food was torn apart in the nest by the adults and presented bite by bite to the nestlings, a feeding process typical of many raptors. It took the adults an average of 12 minutes to aid the young in consuming the prey. 

Bent (U.S. Natl. Mus. Bull. 170, 1938) reports that some species of Caracara feed their young fresh meat rather than carrion. Much of the food I observed being brought to the nest appeared to be freshly killed, although it was difficult to ascertain. The following food items were observed: 

- Birds: three Jacana spinosa (one adult, one juvenile, one juvenile leg), one unidentified small bird.  
- Mammals: one peccary (lower jaw of Tayassu pecari), one cotton rat (Sigmodon hispidus).  
- Reptiles: two tails of Ctenosaura similis, two tails of Iguana iguana, four Ameiva lizards (probably F. estiva).  
- Amphibians: one large frog.  
- Fish: two fish of the family Eleotridae.  
- Arthropods: one tarantula or large insect.  
- Miscellaneous: three unidentified pieces of carrion.  

In addition, four items brought to the nest could not be identified before being fed to the young. The freshwater fish of the family Eleotridae were probably found in nearby ponds and waterways that were quite shallow due to the dry season. The cotton rat appeared to have been freshly decapitated, and in one of the few instances where the adult Caracara carried food in its feet instead of with its bill. The peccary jaw was identified after an adult, flustered by an attack from a Tropical Kingbird (Tyrannus melancholicus), dropped it, and I retrieved it. 

The Caracara is usually described as a carrion feeder and is sometimes seen in association with vultures. It is of interest that only in four cases, including the peccary jaw, did the adults bring what appeared to be carrion to the nest. Since occasionally both adults joined the young in the nest after one of the mates brought food, it is possible that the adults were feeding along with the nestlings on the food brought to the nest. Thus, during the nesting season, the adult Caracara cheriway may feed on more fresh prey than previously reported. 

I am indebted to Norman Scott for his help in identifying the prey, to Indiana University for funding my participation in the Tropical Biology course sponsored by the Organization for Tropical Studies, and to Rollin Richmond for reading the manuscript.

Ann Reller Richmond, Zoology Department, Indiana University, Bloomington 47401.  
Accepted September 22, 1975.

Unusually large vulture roost in Virginia. On December 29, 1975, at the Radford Army Ammunition Plant (RAAP), 14 km west of Blacksburg, Virginia, we observed a large roost of Black vultures (Coragyps atratus) and Turkey vultures (Cathartes aura). We counted 813 vultures."
Jacana spinosa,"This species is darker on the back than the preceding, and the breast is mottled with dusky. It is not an uncommon wader in its somewhat restricted range. Its nesting habits are the same as those of the preceding one, but the markings are generally more sharply defined. The one figured is from a set in the collection of Mr. C. W. Crandall.",37281116,,,Internet Archive,cu31924022567725,Cornell University Library,English,,Public domain. The BHL considers that this work is no longer under copyright protection.,"This species is darker on the back than the preceding one, and the breast is mottled with dusky. It is not an uncommon wader within its somewhat restricted range. Its nesting habits are similar to those of the previous species, but the markings are generally more sharply defined. The specimen described is from a set in the collection of Mr. C. W. Crandall."
Jacana spinosa,"This interesting species has most of its structural characters similar to the Plovers, but has more the appearance and habits of the Rails. They are about eight inches long, the head and nek are black, the body chestnut, and the wings largely greenish yellow. They have long legs, long toes and extremely long toe nails, a scaly leaf on the forehead, and a sharp spur on the shoulder of the wing. Owing to their long toes and nails, they are enabled to walk over floating weeds and rubbish that would sink beneath Yellowish olive.",37281116,,,Internet Archive,cu31924022567725,Cornell University Library,English,,Public domain. The BHL considers that this work is no longer under copyright protection.,"This interesting species has most of its structural characteristics similar to plovers but resembles rails in appearance and habits. They are about eight inches long, with a black head and neck, a chestnut body, and largely greenish-yellow wings. They have long legs, long toes, and extremely long toenails, a scaly leaf on the forehead, and a sharp spur on the shoulder of the wing. Due to their long toes and nails, they are able to walk over floating weeds and rubbish that would sink beneath them."
Jacana spinosa,"108 JACANAS Distribution. Pacific coast of North America from the Aleutian Islands to La Paz, Lower California, and the Kurile Islands; breeding throughout most of its range. Eggs. 1 to 3, laid on the hare rock, sand, or gravel; light buff or olive, spotted with brownish black and purplish gray. Mr. Loomis has taken black oyster-catchers on the Seal Rocks at Monterey in July. They are said to be strictly littoral in their habits, always flying over the sea when moving from point to point. FAMILY JACANIDiE: JACANAS. GENUS JACANA. Jacana spinosa Linn.). Mexican Jacana. Toes very long and slender, hind claw straight and longer than toe ; bend of wing armed with a sharp spur ; forehead covered by a leaf-like scale from base of bill. Adults: head and neck greenish black; wing quills yellowish green edged or tipped with dusky ; rest of plumage rich purplish chestnut. Young: with only a rudiment of frontal leaf ; back olive gray, back of neck black ; rump brown ; under parts and stripe on side of head white. Length: 8.50, wing 4.50-5.40, bill 1.15-1.40, tarsus 1.90-2.35. Distribution. Middle America from southern Texas to Colombia; Cuba; Hayti. LAND BIRDS. KEY TO FAMILIES. ORDER GALLIN E : GROUSE, QUAIL, TURKEYS, PHEASANTS, ETC. 1. Hind toe short, raised above level of front ones. 2. Leg with spur, head naked or tail vaulted, plumage largely metallic. Fhasianidae: Turkeys and Pheasants, p. 134. 2.' Leg without spur, head feathered, tail not vaulted, plumage not metallic. Tetraonidae : Grouse, Partridges, Quails, etc., p. 113. 1'. Hind toe long, on a level with front ones. Cracidae : Currassows and Guans, p. 137. ORDER COLUMBHC: PIGEONS OR DOVES. Bill slender, nostril opening in soft fleshy skin or membrane. Columbidae : Pigeons, p. 138. Fig. 129.",57577136,,,Internet Archive,handbookofbirdso00bail_3,Boston Public Library,English,,Not provided. Contact Holding Institution to verify copyright status.,"Here is the cleaned and corrected version of your text:

---

**JACANAS Distribution:** Pacific coast of North America from the Aleutian Islands to La Paz, Lower California, and the Kurile Islands; breeding throughout most of its range. Eggs: 1 to 3, laid on the hare rock, sand, or gravel; light buff or olive, spotted with brownish black and purplish gray. Mr. Loomis has taken black oyster-catchers on the Seal Rocks at Monterey in July. They are said to be strictly littoral in their habits, always flying over the sea when moving from point to point.

**Family JACANIDAE: JACANAS.**  
**Genus JACANA:**  
*Jacana spinosa* Linn. — Mexican Jacana. Toes very long and slender, hind claw straight and longer than the toe; bend of wing armed with a sharp spur; forehead covered by a leaf-like scale from the base of the bill. Adults: head and neck greenish black; wing quills yellowish green edged or tipped with dusky; rest of plumage rich purplish chestnut. Young: with only a rudiment of frontal leaf; back olive gray; back of neck black; rump brown; under parts and stripe on side of head white.  
Length: 8.50 inches; wing: 4.50–5.40 inches; bill: 1.15–1.40 inches; tarsus: 1.90–2.35 inches.

**Distribution:** Middle America from southern Texas to Colombia; Cuba; Haiti.

---

**Land Birds: Key to Families**  
**Order Galliformes:** Grouse, Quail, Turkeys, Pheasants, etc.  
1. Hind toe short, raised above the level of the front ones.  
   2. Leg with spur, head naked or tail vaulted, plumage largely metallic.  
      *Phasianidae:* Turkeys and Pheasants, p. 134.  
2. Leg without spur, head feathered, tail not vaulted, plumage not metallic.  
   *Tetraonidae:* Grouse, Partridges, Quails, etc., p. 113.  
1'. Hind toe long, on a level with the front ones.  
   *Cracidae:* Currassows and Guans, p. 137.

**Order Columbiformes:** Pigeons or Doves.  
Bill slender, nostril opening in soft fleshy skin or membrane.  
*Columbidae:* Pigeons, p. 138.

---

Let me know if you'd like further adjustments!"
Jacana spinosa,"The spotted sandpiper, Actitis macularia , which may be taken as an example of this enormous family, occurs throughout temperate North America. It lives in the vicinity of water, and feeds upon insects, earthworms, and other small animals. The four eggs are laid in a hollow in the ground, and the young are able to run about as soon as hatched.",18775477,,,Internet Archive,collegezoology00hegnuoft,University of Toronto - Gerstein Science Information Centre,English,,NOT_IN_COPYRIGHT,"The spotted sandpiper, Actitis macularia, is an example of this large family and is found throughout temperate North America. It inhabits areas near water and feeds on insects, earthworms, and other small animals. The female lays four eggs in a hollow in the ground, and the young are able to run as soon as they hatch."
Jacana spinosa,"The LArip are known as gulls, terns, skimmers, kittiwakes, noddies, skuas, and jegers. The American herring-gulls, Larus argentatus, are about two feet long. They breed along the Atlantic coast and also in the interior from Minnesota northwards. Their nests are built on the ground of grasses, seaweed, etc., and two or three eggs are laid. The terns, or sea-swallows , are as a rule smaller and slimmer than the gulls. They irequent the shores of both fresh and salt water, feed upon fish,",18775477,,,Internet Archive,collegezoology00hegnuoft,University of Toronto - Gerstein Science Information Centre,English,,NOT_IN_COPYRIGHT,"The LArip are known as gulls, terns, skimmers, kittiwakes, noddies, skuas, and jegers. The American herring gulls, Larus argentatus, are about two feet long. They breed along the Atlantic coast and also in the interior from Minnesota northwards. Their nests are built on the ground using grasses, seaweed, and other materials, and they lay two or three eggs. The terns, or sea-swallows, are generally smaller and slimmer than gulls. They frequent the shores of both freshwater and saltwater and feed on fish."
Jacana spinosa,"306 Jacanas: Jacanidae JAGANA, Asarcia spinosa (Linnaeus ) SPECIES ACCOUNT Jacana spinosa of A.O.U. check-list, 1957 (see Appendix A). A rather small, delicate marsh bird with moderately long, raillike bill; long greenish legs with extremely long toes and toenails. In flight or on lifted wing, greenish yellow primaries and secondaries are especially conspicuous. Adult: yellow bill, frontal shield (3-lobed in Central American race), and wingspur; dark maroon above and below with black head, neck, breast. Immature: orange brown bill; rudimentary frontal shield and wing-spur; grayish brown above with black nape and streak behind eye; white below, narrowly black on sides. Length, 942 in.; wingspan, 12 . , RANGE: Irregularly from coastal plain of Texas, but chiefly in lowland Tropics from s. Sinaloa and Tamaulipas through Mexico and Central America to Colombia, Ecuador, n. Argentina, and Uruguay; also Greater Antilles. TEXAS: (See map.) Breeding: Five localities: Cameron Co., near Olmito (young, Oct. 2, 1938, L. I. Davis); Cameron Co., 6 mi. south of San Benito (3 downy young, Aug. 24, 1951, L. C. Goldman); Kleberg Co., small marsh just west of Cayo del Grullo about 4 mi. north of Vattmannville (chick, Aug. 1-Sept. 5, 1968, G. W. Blacklock, S. F. Labuda, Jr., et al.; substantiated on color film by L. T. Adams); Bexar Co., Mitchell Lake (nest with 3 eggs, June 25, 1922, R. W. Quillin); Brazoria Co., Maner Lake Club, 9 mi. northwest of Angleton (3 immatures said to have hatched on the lake, summer 1971, and 3 young seen, July, 1972, Mr. and Mrs. J. J. Jones, R. J. Fleetwood, et al.; birds apparently resident on lake since at least 1967; that year 1 adult and 1 young shot; 1 was eaten but the other was preserved in freezer for two years until properly identified ). Dispersal: Rare visitor in Rio Grande delta; casual elsewhere in south Texas brush country north to Uvalde (U.S. Fish Hatchery), San Antonio, and Victoria, and along coast to Brazoria Nat. Wildlife Refuge. Winter: Rare, at least formerly, in Rio Grande delta; Maner Lake population (at least 6 individuals ) apparently resident (observed, winter of 1971-72). HAUNTS AND HABITS: The slender, thin-necked Jacana is a marsh inhabitant whose grotesquely long toes and The Bird Life of Texas toenails help it walk agilely on floating vegetationpads of lily, lotus, waterlettuce, waterhyacinth, etc.that grows profusely in quiet fresh water of tropical lowlands. This curious strolling has inspired the colloquial names lily trotters and lotus birds for the Jacanidae, a pantropical family of seven members. The Jagana places its nest raft among pond and resaca plants, but it is exceedingly rarely that a stay-at-home Texan is able to witness. the henpecked male incubating the fantastically scrawled eggs or tending the equally artistically decorated chicks. As is true of many other long-legged water birds, such as herons, egrets, storks, ibises, and spoonbills, most postnuptial northward wanderers are in immature plumage; thus, about 75 percent of the few Jaganas seen in Texas are young. The present bird usually appears singly but near other freshwater marsh inhabitants-especially Least Grebe, Purple and Common gallinules, and American Coot. Raillike flight with dangling feet is seldom sustained; movement is generally confined to short gliding launches, usually low to the ground or water. Birds, on shore, wading, or striding on floating plants, forage for miJACANA, Asarcia spinosa A. s. spinosa O 20 40 60 80 Scale inmiles J a Aft iB Specimen Sight record record Breeding A A Spring Summer Vv V Fall a O Winter Approximate boundary of subspecies breeding range ? Questionable record",62799480,1.0,1974.0,Internet Archive,birdlifetexas1ober,Smithsonian Libraries and Archives,English,,Public domain. The BHL considers that this work is no longer under copyright protection.,"Jacanas: Jacanidae

Jacana spinosa of A.O.U. check-list, 1957 (see Appendix A). A rather small, delicate marsh bird with a moderately long, rail-like bill; long greenish legs with extremely long toes and toenails. In flight or with wings lifted, the greenish-yellow primaries and secondaries are especially conspicuous. 

Adult: yellow bill, frontal shield (three-lobed in the Central American race), and wingspan; dark maroon above and below with a black head, neck, and breast. 

Immature: orange-brown bill; rudimentary frontal shield and wing-spur; grayish-brown above with a black nape and streaks behind the eye; white below, narrowly black on the sides. 

Length: approximately 9.42 inches; wingspan: about 12 inches.

Range: Irregularly from the coastal plain of Texas, chiefly in lowland tropics from southern Sinaloa and Tamaulipas through Mexico and Central America to Colombia, Ecuador, northern Argentina, and Uruguay; also in the Greater Antilles.

TEXAS: Breeding has been recorded in five localities: Cameron County, near Olmito (young, October 2, 1938); Cameron County, 6 miles south of San Benito (three downy young, August 24, 1951); Kleberg County, a small marsh just west of Cayo del Grullo about 4 miles north of Vattmannville (a chick, August 1–September 5, 1968); Bexar County, Mitchell Lake (nest with three eggs, June 25, 1922); Brazoria County, Maner Lake Club, 9 miles northwest of Angleton (three immatures said to have hatched on the lake in summer 1971, and three young observed in July 1972). Birds have apparently been resident on the lake since at least 1967; in that year, one adult and one young were shot—one was eaten, and the other preserved in a freezer for two years until properly identified.

Dispersal: Rare visitor in the Rio Grande delta; casual elsewhere in South Texas brush country, north to Uvalde (U.S. Fish Hatchery), San Antonio, and Victoria, and along the coast to Brazoria National Wildlife Refuge. 

Winter: Rare, at least formerly, in the Rio Grande delta; the Maner Lake population (at least six individuals) appears to be resident, observed during the winter of 1971–72.

Habits and Habitats: The slender, thin-necked Jacana inhabits marshes, where its grotesquely long toes and toenails enable it to walk agilely on floating vegetation such as lily, lotus, waterlettuce, and waterhyacinth that grow profusely in quiet freshwater of tropical lowlands. This curious walking behavior has earned colloquial names like lily trotters and lotus birds for the Jacanidae, a pantropical family of seven species. 

The Jacana places its nest raft among pond and resaca plants, but it is exceedingly rare for a Texan to witness the female incubating the elaborately marked eggs or tending the artistically decorated chicks. Like many other long-legged water birds—such as herons, egrets, storks, ibises, and spoonbills—most postnuptial northward migrants are in immature plumage; thus, about 75 percent of the few Jacanas seen in Texas are young. 

The bird usually appears singly but near other freshwater marsh inhabitants—especially Least Grebes, Purple and Common gallinules, and American Coots. Its raillike flight with dangling feet is seldom sustained; movement is generally limited to short gliding launches, usually low to the ground or water. When on shore, wading, or striding on floating plants, it forages for food."
Jacana spinosa,"three distinct faun represented in our State: The Boreal in the north, which includes our Northern Peninsula and the northern part of the Southern Peninsula; the Transition, which occupies nearly all of the Southern Peninsula and reaches slightly into Indiana and Ohio; and the Upper Sonoran, which though mostly to the south of us, reaches into the southeastern and southwestern corners of the State. Thus we meet in Michigan many birds peculiar to the far north, and others that dwell for the most part in the states and countries south of us, even reaching to or beyond the gulf. The first are illustrated in the Bohemiam Wax-wing, the Spruce Partridge, the Canada Jay and the Pine Grosbeak; while the Summer Red Bird, the Mocking Bird and the Cardinal Red Bird illustrate the second group. The large lakes attract to us many birds that are usually maritime, like the gulls and the terns; while in southern Michigan, with its prairies and woodlands both widely distributed, we get the prairie fauna, illustrated in the Pinnated Grouse, as well as those birds which are most at home in the forests of wooded areas, like most of the thrushes and the warblers. This accouyts for the very large list of woodland warblers which we find in our state.",37408922,,,Internet Archive,cu31924094771270,Cornell University Library,English,,Public domain. The BHL considers that this work is no longer under copyright protection.,"Three distinct faunas are represented in our state: the Boreal in the north, which includes our Northern Peninsula and the northern part of the Southern Peninsula; the Transition, which occupies nearly all of the Southern Peninsula and extends slightly into Indiana and Ohio; and the Upper Sonoran, which, although mostly to the south of us, reaches into the southeastern and southwestern corners of the state. 

Thus, in Michigan, we encounter many birds peculiar to the far north, as well as others that primarily dwell in states and countries south of us, even reaching the Gulf or beyond. The first group includes species such as the Bohemian Waxwing, the Spruce Partridge, the Canada Jay, and the Pine Grosbeak. The second group is illustrated by the Summer Red Bird, the Mockingbird, and the Cardinal Red Bird. 

The large lakes attract many maritime birds, such as gulls and terns. In southern Michigan, with its widely distributed prairies and woodlands, we find prairie fauna, exemplified by the Pinnated Grouse, as well as birds that are most at home in forested areas, like most thrushes and warblers. This accounts for the very large list of woodland warblers found in our state."
Jacana spinosa,"Charadrius semipalmatus Semipalmated Plover: Common winter visitor from the Nearctic; widespread along coasts south to northern Chile and southern Brazil; very scarce in Argentina. Charadrius wilsonius Thick-billed (Wilson s) Plover: Fairly common resident and winter visitor on coasts of Mexico, Central America, the Caribbean and northern South America south to northern Peru and east to northeastern Brazil.",31351303,,,Internet Archive,directoryofneotr86scot,"UNEP-WCMC, Cambridge",English,,Copyright Owner: IUCN Conservation Monitoring Centre,"Charadrius semipalmatus (Semipalmated Plover): A common winter visitor from the Nearctic, widespread along coasts from northern Chile and southern Brazil. It is very scarce in Argentina.  

Charadrius wilsonius (Thick-billed or Wilson's Plover): A fairly common resident and winter visitor along the coasts of Mexico, Central America, the Caribbean, and northern South America, extending south to northern Peru and east to northeastern Brazil."
Jacana spinosa,"Site description: A slow flowing river with associated riverine lakes and marshes, meandering through swamp forest. The river is subject to seasonal flooding, and can reach a depth of 5-6m. It rises in Cox, Mucklehany and Cook s Lagoons, and flows into the Belize River. Principal vegetation: Riverine marshes, swamp forest with patches of wild cane, and humid tropical forest.",31350936,,,Internet Archive,directoryofneotr86scot,"UNEP-WCMC, Cambridge",English,,Copyright Owner: IUCN Conservation Monitoring Centre,"Site description: A slow-flowing river with associated riverine lakes and marshes, meandering through swamp forest. The river is subject to seasonal flooding and can reach a depth of 5-6 meters. It originates in Cox, Mucklehany, and Cook's Lagoons and flows into the Belize River. Principal vegetation includes riverine marshes, swamp forest with patches of wild cane, and humid tropical forest."
Jacana spinosa,"Waterfowl: After Crooked Tree Lagoon (site 8), perhaps the richest area for waterfowl in Belize. There are no large breeding colonies of Ardeidae, but the large colonies of Phalacrocorax olivaceus include a scattering of Egretta alba along with some Anhinga anhinga. Other species known to breed include Tigrisoma mexicanum, Cochlearius cochlearius, Bubulcus ibis, Butorides virescens, Agamia agami, Jabiru mycteria, Dendrocygna autumnalis, Cairina moschata, Aramus guarauna, Aramides cajanea, Laterallus ruber, Heliornis fulica, and Jacana spinosa. Botaurus pinnatus is of regular occurrence, and probably breeds.",31350936,,,Internet Archive,directoryofneotr86scot,"UNEP-WCMC, Cambridge",English,,Copyright Owner: IUCN Conservation Monitoring Centre,"Waterfowl: After Crooked Tree Lagoon, perhaps the richest area for waterfowl in Belize. There are no large breeding colonies of Ardeidae, but the large colonies of Phalacrocorax olivaceus include a scattering of Egretta alba along with some Anhinga anhinga. Other species known to breed include Tigrisoma mexicanum, Cochlearius cochlearius, Bubulcus ibis, Butorides virescens, Agamia agami, Jabiru mycteria, Dendrocygna autumnalis, Cairina moschata, Aramus guarauna, Aramides cajanea, Laterallus ruber, Heliornis fulica, and Jacana spinosa. Botaurus pinnatus is regularly present and probably breeds."
Jacana spinosa,"Waterfowl: A very important feeding area for a wide variety of waterfowl including many Ardeidae, Mycteria americana, Jabiru mycteria, Eudocimus albus, Ajaia ajaja, large numbers 0f Dendrocygna autumnalis and Cairina moschata, Aramus guarauna and several Rallidae. Many waterfowl breed around the edges of the rice fields and in adjacent swamp forest, including Tigrisoma mexicanum, Jabiru mycteria, Aramus guarauna, Rallus maculatus, Aramides cajanea, Porzana flaviventer, Laterallus ruber and Porphyrula martinica. Wintering",31350936,,,Internet Archive,directoryofneotr86scot,"UNEP-WCMC, Cambridge",English,,Copyright Owner: IUCN Conservation Monitoring Centre,"Waterfowl: A very important feeding area for a wide variety of waterfowl, including many Ardeidae, Mycteria americana, Jabiru mycteria, Eudocimus albus, Ajaia ajaja, large numbers of Dendrocygna autumnalis and Cairina moschata, Aramus guarauna, and several Rallidae species. Many waterfowl breed around the edges of the rice fields and in adjacent swamp forests, including Tigrisoma mexicanum, Jabiru mycteria, Aramus guarauna, Rallus maculatus, Aramides cajanea, Porzana flaviventer, Laterallus ruber, and Porphyrula martinica."
Jacana spinosa,"Waterfowl: An important breeding area for Pelecanus occidentalis (up to 600 pairs), Phalacrocorax olivaceus (thousands of pairs), Egretta caerulea, E. tricolor, E. rufescens (100 pairs), E. thula, E. alba, Ardea herodias and Ajaia ajaja. Large numbers of Nearctic shorebirds and Laridae occur on passage and in winter, and Pelecanus erythrorhynchos occurs in small numbers.",31351005,,,Internet Archive,directoryofneotr86scot,"UNEP-WCMC, Cambridge",English,,Copyright Owner: IUCN Conservation Monitoring Centre,"Waterfowl: An important breeding area for Pelecanus occidentalis (up to 600 pairs), Phalacrocorax olivaceus (thousands of pairs), Egretta caerulea, Egretta tricolor, Egretta rufescens (100 pairs), Egretta thula, Egretta alba, Ardea herodias, and Ajaia ajaja. Large numbers of Nearctic shorebirds and Laridae occur during migration and in winter, and Pelecanus erythrorhynchos is present in small numbers."
Jacana spinosa,"Waterfowl: An extremely important breeding, passage and wintering area for a wide variety of waterfowl, although of very little importance for wintering Anatidae. Breeding birds include up to 500 pairs of Pelecanus occidentalis, 4,000 pairs of Phalacrocorax olivaceus, 1,000-1,500 pairs of Mycteria americana, 1,000-1,500 pairs of Eudocimus albus, and 300-500 pairs of A jaia ajaja. Other breeding species include Anhinga anhinga, Nyctanassa violacea, Cochlearius cochlearius, Egretta rufescens, Ardea herodias, Aramides cajanea and Jacana spinosa. Botaurus pinnatus, Agamia agami and Jabiru mycteria occur in small numbers and may breed. Phoenicopterus ruber occurs in Bahia de La Ascension as a non-breeding visitor.",31351005,,,Internet Archive,directoryofneotr86scot,"UNEP-WCMC, Cambridge",English,,Copyright Owner: IUCN Conservation Monitoring Centre,"Waterfowl: An extremely important breeding, passage, and wintering area for a wide variety of waterfowl, although of very little importance for wintering Anatidae. Breeding birds include up to 500 pairs of Pelecanus occidentalis, 4,000 pairs of Phalacrocorax olivaceus, 1,000-1,500 pairs of Mycteria americana, 1,000-1,500 pairs of Eudocimus albus, and 300-500 pairs of Ajaia ajaja. Other breeding species include Anhinga anhinga, Nyctanassa violacea, Cochlearius cochlearius, Egretta rufescens, Ardea herodias, Aramides cajanea, and Jacana spinosa. Botaurus pinnatus, Agamia agami, and Jabiru mycteria occur in small numbers and may breed. Phoenicopterus ruber is present in Bahia de La Ascension as a non-breeding visitor."
Jacana spinosa,"Toes very long and slender, hind claw straight and longer than toe ; bend of wing armed with a sharp spur; forehead covered by a leaf-like scale from base of bill. Adults: head and neck greenish black; wing quills yellowish green edged or tipped with dusky; rest of plumage rich purplish chestnut. Young: with only a rudiment of frontal leaf; back olive gray, back of neck black ; rump brown; under parts and stripe on side of head white. Length: 8.50, wing 4.50-5.40, bill 1.15-1.40, tarsus 1.90-2.35.",39415918,,,Internet Archive,handbookofbir00bail,Library of Congress,English,,Not provided. Contact Holding Institution to verify copyright status.,"Toes very long and slender, hind claw straight and longer than the toe; bend of wing armed with a sharp spur; forehead covered by a leaf-like scale from the base of the bill. Adults: head and neck greenish black; wing quills yellowish green edged or tipped with dusky; rest of the plumage rich purplish chestnut. Young: with only a rudiment of a frontal leaf; back olive gray, back of the neck black; rump brown; underparts and stripe on the side of the head white. Length: 8.50 inches; wing: 4.50–5.40 inches; bill: 1.15–1.40 inches; tarsus: 1.90–2.35 inches."
Jacana spinosa,"Several living specimens of this magnificent bird were kept at the Hacienda El Molino by Senor José Maria Negrete, as one of the attractions of his place. They were quite tame and walked freely about, guarded by an aged peon with a staff, whose sole duty it was to feed them and drive them to and from their watering place.",15781186,16.0,1893.0,Internet Archive,proceedingsofuni161893unit,Smithsonian Libraries and Archives,English,,Public domain. The BHL considers that this work is no longer under copyright protection.,"Several living specimens of this magnificent bird were kept at Hacienda El Molino by Señor José María Negrete as one of the attractions of his estate. They were quite tame and walked freely about, guarded by an aged peon with a staff, whose sole duty was to feed them and drive them to and from their watering place."
Jacana spinosa,"Abundant at Lake Patzcuaro, but not seen anywhere else. They seem to be scattered abundantly all around the margin of the lake, but are generally seen singly walking over the lily pads. At times, generally in early morning or late afternoon, small flocks of four or five individuals may be found on the beach feeding after the manner of waders. They are rather shy and difficult to kill, and have a noisy",15781186,16.0,1893.0,Internet Archive,proceedingsofuni161893unit,Smithsonian Libraries and Archives,English,,Public domain. The BHL considers that this work is no longer under copyright protection.,"Abundant at Lake Patzcuaro but not seen elsewhere. They appear to be scattered abundantly along the lake's margin but are usually observed singly, walking over the lily pads. Sometimes, typically in the early morning or late afternoon, small flocks of four or five individuals can be found on the beach, feeding in the manner of waders. They are quite shy and difficult to approach, and they are noisy."
Jacana spinosa,"SECOND APPENDIX. greater amount of white on the under primary coverts. Both coasts of Lower California. Brewster, Auk, Jan. 1888, p. 84. No. 61 bis, p. 886. Tringa damascensis, the Long-toed Stint, which I admitted to the 3d edition of the Key, 1887, though the Union List of 1886 declined it, has been reaffirmed by the Committee. See Ridgway, Auk, April, 1886, p. 275, and Man. N. A. Birds, 1887, p. 158. No. 632 dis, p. 887. Symphemia semipalmata inornata, admitted in the third edition of the Key, is confirmed by the Committee. Nos. 636, 637, p. 639. The name of the genus Rhyacophilus is changed to Helodromas, Kaup, Naturl. Syst., 1829, p. 144. No. 663 a, p. 662. 4dd: Butorides virescens frazari. FRazar s GREEN HERON. Larger than ZB. virescens; darker colored and more uniform in color; neck more purplish, its sides as well as the forehead strongly glaucous; the light throat line more restricted. Wing 7.00; tarsus 2.25; culmen 2.50. From Lower California, in the vicinity of La Paz. Ardea virescens frazari, Brewster, Auk, Jan. 1838. p. 83. No. 665, p. 663. The name of the genus Vycterodius (or Nyctherodius) is changed to Nyctinassa, Stejneger, Pr. U. S. Nat. Mus., 1887, p. 295. No. 667 bis, p. 888. Ardetta neoxena is confirmed by the Committee as a valid species, and as a North American bird, under the name Botaurus neoxenus. For later references to this interesting Rail-bittern, see Cory, Auk, July, 1886, p. 408; Ridgway, Man. N. A. Birds, 1887, p. 127. No. 672, p. 669. Parra gymnostoma becomes Jacana spinosa, Elliot, Auk, July, 1885, p. 297. (After Fulica spinosa. Linneus, Syst. Nat., 10th ed., 1758, p. 152.) No. 673, p. 672. Rallus longirostris crepitans is changed to R. crepitans ; similarly, No. 675, p. 672. Rallus longirostris saturatus is changed to Rallus crepitans saturatus ; also, Rallus longirostris scottii is changed to Rallus scottii. See Sennett, Auk, April, 1889, p. 165. No. 675 a, p. 672. Add: Rallus longtrostris scotti, Scotr s Ram. Described by Sen905 nett from western Florida in the Auk, July, 1888, p. 305, and approved by the Committee as a good species. It is later described in the following terms: Bill slender, decurved, and compressed; upper parts sooty brown or black edged slightly with olive-gray; under parts dark ashy-gray mixed more or less with cinnamon ; axillary and flanks slatecolor, barred distinctly with white. For a synopsis of the several related species, see Sennett, Auk, April, 1889, p. 165. No. 675 b, p. 672. Rallus longirostris caribeus , described in 1880 by Mr. Ridgway, Bull. Nutt. Orn. Club, July, 1880, p. 140, is now recognized by the Committee as North American, and its habitat assigned as West Indies and the Gulf of Mexico, north to Texas. No. 694, p. 685. Chen cerulescens, which I have retained throughout my editions, is now removed from the hypothetical list and restored to full standing. No. 709 a, p. 692. Add: Anas obscura maculosa. Mortirep Duck. top of head blackish-brown, the feathers edged with pale buff: chin and throat isabella color; cheeks buffy-white with narrow dark-brown streaks ; breast, wings, upper parts, and flanks blackish-brown. the feathers margined with pale buff; under parts buffy-white, each feather with a broad blackish-brown spot near the tip; under tail-coverts blackish varied with whitish and reddish buff: four middle tail feathers blackish-brown, others fuscous edged with pale buff, having a V-shaped mark as in 4. fulvigula: lining of wing white ; speculum purple tipped with white ; feet reddish-orange; bill with a small black spot on base of lower edge of upper mandible, lacking in the female. Sexes otherwise alike. A subspecies of the Dusky Duck which seems entitled to recognition. It occurs from eastern Texas to Kansas. It was originally described by Sennett as -lnas maculosa, Auk, July. 1889, p. 263; and in the Second Supplement of the Tnion List, 1890, it is called A. fulvigula obscura. No. 734. p. 712. Somateria mollissima dresseri becomes S. m. borealis, A. E. Brehm,",38221394,,,Internet Archive,cu31924090314984,Cornell University Library,English,,Public domain. The BHL considers that this work is no longer under copyright protection.,"Second Appendix. Greater amount of white on the under primary coverts. Both coasts of Lower California. Brewster, Auk, Jan. 1888, p. 84. No. 61 bis, p. 886. Tringa damascensis, the Long-toed Stint, which I admitted in the third edition of the Key, 1887, though the Union List of 1886 declined it, has been reaffirmed by the Committee. See Ridgway, Auk, April, 1886, p. 275, and Man. N. A. Birds, 1887, p. 158. No. 632 dis, p. 887. Symphemia semipalmata inornata, admitted in the third edition of the Key, is confirmed by the Committee. Nos. 636, 637, p. 639. The name of the genus Rhyacophilus is changed to Helodromas, Kaup, Naturl. Syst., 1829, p. 144. No. 663 a, p. 662. Butorides virescens frazari. Frazar’s Green Heron. Larger than B. virescens; darker in color and more uniform; neck more purplish, with sides and forehead strongly glaucous; the light throat line more restricted. Wing 7.00; tarsus 2.25; culmen 2.50. From Lower California, near La Paz. Ardea virescens frazari, Brewster, Auk, Jan. 1838, p. 83. No. 665, p. 663. The name of the genus Vycterodius (or Nyctherodius) is changed to Nyctinassa, Stejneger, Proc. U. S. Nat. Mus., 1887, p. 295. No. 667 bis, p. 888. Ardetta neoxena is confirmed by the Committee as a valid species and as a North American bird, under the name Botaurus neoxenus. For later references to this interesting rail-bittern, see Cory, Auk, July, 1886, p. 408; Ridgway, Man. N. A. Birds, 1887, p. 127. No. 672, p. 669. Parra gymnostoma becomes Jacana spinosa, Elliot, Auk, July, 1885, p. 297. (After Fulica spinosa, Linnaeus, Syst. Nat., 10th ed., 1758, p. 152.) No. 673, p. 672. Rallus longirostris crepitans is changed to R. crepitans; similarly, No. 675, p. 672. Rallus longirostris saturatus is changed to Rallus crepitans saturatus; also, Rallus longirostris scottii is changed to Rallus scottii. See Sennett, Auk, April, 1889, p. 165. No. 675 a, p. 672. Add: Rallus longirostris scotti, described by Sennett from western Florida in the Auk, July, 1888, p. 305, and approved by the Committee as a valid species. It is later described as follows: Bill slender, decurved, and compressed; upper parts sooty brown or black edged slightly with olive-gray; under parts dark ashy-gray mixed with cinnamon; axillary and flanks slate-colored, barred with white. For a synopsis of related species, see Sennett, Auk, April, 1889, p. 165. No. 675 b, p. 672. Rallus longirostris caribeus, described in 1880 by Mr. Ridgway, Bull. Nutt. Orn. Club, July, 1880, p. 140, is now recognized by the Committee as North American, with habitat in the West Indies and the Gulf of Mexico, north to Texas. No. 694, p. 685. Chen cerulescens, which I have retained in previous editions, is now removed from the hypothetical list and restored to full standing. No. 709 a, p. 692. Add: Anas obscura maculosa, Mortier’s Duck. Top of head blackish-brown, with feathers edged in pale buff; chin and throat isabella color; cheeks buffy-white with narrow dark-brown streaks; breast, wings, upper parts, and flanks blackish-brown, with feathers margined in pale buff; under parts buffy-white, each feather with a broad blackish-brown spot near the tip; under tail-coverts blackish, varied with whitish and reddish buff; four middle tail feathers blackish, others fuscous edged with pale buff, with a V-shaped mark as in Fuligula fulvigula; lining of wing white; speculum purple tipped with white; feet reddish-orange; bill with a small black spot at the base of the lower edge of the upper mandible, absent in the female. Sexes otherwise alike. A subspecies of the Dusky Duck that seems worthy of recognition. It occurs from eastern Texas to Kansas. It was originally described by Sennett as Anas maculosa, Auk, July 1889, p. 263; and in the Second Supplement of the Union List, 1890, it is called A. fulvigula obscura. No. 734, p. 712. Somateria mollissima dresseri becomes S. m. borealis."
Jacana spinosa,"These birds were shot on November 26 and April 18 on the coralbeach at Caleta Grande, and were all that were seen. They were found singly, and not associated with any other shore-birds. All are in winter dress, and in the November birds the remiges are very fresh, in one case the outer primary still having the sheath attached.",13198691,,1916.0,Internet Archive,birdsofisleofpin00todd,Smithsonian Libraries and Archives,English,,NOT_IN_COPYRIGHT,"These birds were shot on November 26 and April 18 on the Coral Beach at Caleta Grande and were the only ones observed. They were found singly and not associated with any other shorebirds. All are in winter plumage, and in the November specimens, the remiges are very fresh, with one case where the outer primary still has the sheath attached."
Jacana spinosa,"The examination of a series of forty-six adult specimens of Jacana spinosa, brought together in order to determine the status of the bird of the Isle of Pines, shows conclusively that the sexes differ materially from each other in size, and also to a less extent in color. But unlike most birds, these differences are all in favor of the female, which is decidedly larger and somewhat more brightly colored than the male, and with a larger frontal lappet. The three exceptions to this rule in the series before me are unquestionably wrongly sexed specimens. So far as I have been able to discover, Gundlach (Ornztologia Cubana, 1895, 237) was apparently the first author to note this fact, which is confirmed by Sharpe (Catalogue Birds British Museum, XXIV, 1896, 87) and Salvin and Godman ( Biologia Centrali-Americana, Aves, III, 1903, 343). There is no sexual difference affecting the color of the inner secondaries, however, as intimated by the former author. These sexual differences must constantly be kept in mind when comparing birds for geographic variation, else confusion is bound to ensue, as was evidently the case with Mr. Elliot (Auk, V, 1888, 299) and with Baird, Brewer Ridgway (Water Birds of North America, I, 1884, 177), who must have been dealing with incorrectly sexed specimens, and could find no differences correlated with locality. With the material before me, however, I find no difficulty in recognizing no",13198691,,1916.0,Internet Archive,birdsofisleofpin00todd,Smithsonian Libraries and Archives,English,,NOT_IN_COPYRIGHT,"The examination of a series of forty-six adult specimens of Jacana spinosa, collected to determine the status of the bird of the Isle of Pines, conclusively shows that the sexes differ significantly in size and, to a lesser extent, in color. Unlike most birds, these differences favor the female, which is decidedly larger, somewhat more brightly colored, and has a larger frontal lappet than the male. The three exceptions to this pattern in the series are undoubtedly incorrectly sexed specimens. 

So far as I have been able to discover, Gundlach was apparently the first to note this fact, as mentioned in his ""Ornithologia Cubana"" (1895). This observation is confirmed by Sharpe in the ""Catalogue of Birds in the British Museum"" (XXIV, 1896) and by Salvin and Godman in ""Biologia Centrali-Americana, Aves"" (III, 1903). There is no sexual difference affecting the color of the inner secondaries, contrary to what the former author suggested. 

These sexual differences must be kept in mind when comparing birds for geographic variation, as failure to do so can lead to confusion. This was evidently the case with Mr. Elliot, who discussed the species in ""The Auk"" (V, 1888), and with Baird, Brewer, and Ridgway in ""Water Birds of North America"" (I, 1884), who likely dealt with incorrectly sexed specimens and found no differences related to locality. With the material before me, I find no difficulty in recognizing the sexes accurately."
Jacana spinosa,"CHARADRIIFORMES Fic. 24. Manus of Jacana spinosa. (A) Dorsum of the skeleton. (B) Venter of the same. (C) Dorsum of the superficial musculature layer. (D) Dorsum of the deeper musculature layer. reaches as far as digit III . The M. inteross. dorsalis also reaches the distal end of the intermetacarpal space. Its tendon runs diagonally over the basal phalange of digit II. The M. inteross. palmaris is equally long; its tendon passes through the channel described above and extends farther through the groove of the carpometacarpus and along the first phalange of digit II. Here it is partially covered by the elevation of this bone so that the tendon cannot slide off laterally. It is probable that this attachment is an adaptation for very frequent vertical take-offs, allowing alternate loads with very different positions of the wing. The pollex has a complete set 85",61973954,,,Internet Archive,relationshipsofs00steg,"Harvard University, Museum of Comparative Zoology, Ernst Mayr Library",English,http://biodiversitylibrary.org/permissions,In copyright. Digitized with the permission of the rights holder.,"CHARADRIIFORMES

Fic. 24. Manus of Jacana spinosa. (A) Dorsum of the skeleton. (B) Venter of the same. (C) Dorsum of the superficial musculature layer. (D) Dorsum of the deeper musculature layer. The musculature reaches as far as digit III. The M. inteross. dorsalis also extends to the distal end of the intermetacarpal space. Its tendon runs diagonally over the basal phalanx of digit II. The M. inteross. palmaris is equally long; its tendon passes through the channel described above and extends further through the groove of the carpometacarpus and along the first phalanx of digit II. Here, it is partially covered by the elevation of this bone, preventing the tendon from sliding off laterally. This attachment is likely an adaptation for frequent vertical take-offs, allowing for alternate loads with very different wing positions. The pollex has a complete set."
Jacana spinosa,"another name, P. melanopygia, from Santa Martha, Colombia, separating it from both Gray s bird and P. xzgra of Gmelin, which last he places as a synonym of P. jacana Linn., and so it has gone on among writers up to the present day. In no stage of its plumage can it be confounded with P. gacava Linn. I also am unable to perceive any difference in specimens from Santa Martha and those from other localities entitling them to separate specific rank, and have consequently placed P. me anopygta Sclater among the synonyms of F. xzgra. Gmelin s description, capite, collo, cauda et corpore supra nigro, proves at once that he had not jacana in view, for this species has the tail and body above, bright purple chestnut, with the tips of the rectrices a greenish black. Gmelin s synonym is the Yacana armata nigra Brisson, Av. Vol. Vea p124, No. 3, where an",16315643,5.0,1888.0,Internet Archive,auk51888amer,Smithsonian Libraries and Archives,English,,Public domain. The BHL considers that this work is no longer under copyright protection.,"Here is the cleaned and corrected version of the text:

Another name, P. melanopygia, from Santa Marta, Colombia, separates it from both Gray's bird and P. xzgra of Gmelin, the latter of which he places as a synonym of P. jacana Linn., and this has been the view among writers up to the present day. In no stage of its plumage can it be confounded with P. gacava Linn. I also am unable to perceive any difference in specimens from Santa Marta and those from other localities that would justify assigning them to separate species, and have consequently placed P. melanopygia Sclater among the synonyms of P. xzgra. Gmelin's description, capite, collo, cauda, and corpore supra nigro, proves at once that he had jacana in mind, for this species has the tail and body above bright purple chestnut, with the tips of the rectrices a greenish black. Gmelin's synonym is the Jacana armata nigra Brisson, Av. Vol. V, p. 124, No. 3."
Jacana spinosa,"Adult:--Head, neck, upper part of back and breast, black, with green and purple reflections. Back and wings purplish chestnut. Rump, upper tail-coverts, and tail dark purple. Lower portion of breast and flanks dull maroon. Abdomen, thighs and under tail-coverts dull brownish maroon. Primaries and secondaries pale yellowish green, bordered on the first with blackish brown; this color including the entire outer web of the first two primaries, the secondaries being only tipped with blackish brown. Frontal leaf or wattle divided into three lobes on top. broad above,' narrowing to",16315643,5.0,1888.0,Internet Archive,auk51888amer,Smithsonian Libraries and Archives,English,,Public domain. The BHL considers that this work is no longer under copyright protection.,"Adult: Head, neck, upper part of the back, and breast are black with green and purple reflections. The back and wings are purplish chestnut. The rump, upper tail coverts, and tail are dark purple. The lower portion of the breast and flanks are dull maroon. The abdomen, thighs, and under tail coverts are dull brownish maroon. The primaries and secondaries are pale yellowish green, bordered on the first with blackish brown; this color includes the entire outer web of the first two primaries, with the secondaries only tipped with blackish brown. The frontal leaf or wattle is divided into three lobes on top, broad above and narrowing downward."
Jacana spinosa,"746 THE WILSON BULLETIN Vol. 103, No. 4, December 1991 communal roosting in Stumus vulgaris, 1 3-24 dirt-storing by Sitta carolinensis, 308-309 diurnal movements of Corvus brachyrhynchos, 387-400 display body ruffling in Parus atricapillus, 426434 following of Saguinus bicolor bicolor by Harpagus bidentatus, 510-512 food-related grit use by cornfield birds, 68-82 grooming of Ibex nubiana by Onycognathus tristramii, 518-520 learned Passer domesticus open automatic door, 725-726 mate choice in female Mimus polyglottos, 277-281 nestling in Pandion haliaetus, 105-1 1 1 pairbond formation in Alca torda, 682-685 piracy in Pandion haliaetus, 1 1 1-1 12 polyandry in Jacana spinosa, 578-597 in Melanerpes superciliaris, 124-125 social in Cyanocorax spp., 59-67 stranger than fiction Passer domesticus open automatic door, 725-726 territorial affinity of wintering Gavia immer, 141142 Junco phaeonotus intruders, 292-295 polyterritorial polygyny in Setophaga ruticilla, 190-203 behavioral ecology of Buteo polyosoma, 132-137 Behrstock, Robert A., review by, 31 1-314 Belant, Jerrold L., Raymond K. Anderson, and J. Marshall Wilson, Winter recoveries and territorial affinity of Common Loons banded in Wisconsin, 141-142 Belton, William, review by, 535 Benito-Espinal, Edouard, Birds of the West Indies, reviewed, 533-534 Berger, Andrew J., review by, 324-325 Best, Louis B., and James P. Gionfriddo, Characterization of grit use by cornfield birds, 68-82 Best, Louis B., see De Geus, David W., and Betts, Burr J., and Donald A. Jenni, Time budgets and the adaptiveness of polyandry in Northern Jacanas, 578-597 Bielefeldt, John, see Rosenfield, Robert N., , and John Cary Bildstein, Keith L., G. Thomas Bancroft, Patrick J. Dugan, David H. Gordon, R. Michael Erwin, Erica Nol, Laura X. Payne, and Stanley E. Senner, Approaches to the conservation of coastal wetlands in the Western Hemisphere, 218-254 Bildstein, Keith L., review by, 321-323 Bittern, American, see Botaurus lentiginosus Blackbird, Bolivian, see Oreopsar bolivianos Common, see Turdus merula Red-winged, see Agelaius phoeniceus Tri-colored, see Agelaius tricolor Blem, Charles R., reviews by, 160, 522-523 boar, wild, see Sus scrofa bobcat, see Lynx rufus Bobwhite, Northern, see Colinus virginianus Bodenhorst, Cynthia, see English, Peter, and body mass change in migrating Calidris fuscicollis, 621-636 Bombycilla cedrorum, 209 garrulus, 54 Bonasa umbellus, 1 1 3 Booby, Brown, see Sula leucogaster Masked, see Sula dactylatra Red-footed, see Sula sula Bos taurus, 84, 85, 86 Botaurus lentiginosus, 87 Boyd, Roger L., First nesting record for the Piping Plover in Oklahoma, 305-308 Branta canadensis, 87, 557 Braun, Clait E., see Hupp, Jerry W., and",53474086,103.0,1991.0,Internet Archive,wilsonbulletin1031wils,"Harvard University, Museum of Comparative Zoology, Ernst Mayr Library",English,https://biodiversitylibrary.org/permissions,In copyright. Digitized with the permission of the rights holder.,"746 THE WILSON BULLETIN Vol. 103, No. 4, December 1991

Communal roosting in Sturnus vulgaris, 13-24; dirt-storing by Sitta carolinensis, 308-309; diurnal movements of Corvus brachyrhynchos, 387-400; display body ruffling in Parus atricapillus, 426-434; following of Saguinus bicolor bicolor by Harpagus bidentatus, 510-512; food-related grit use by cornfield birds, 68-82; grooming of Ibex nubiana by Onycognathus tristramii, 518-520; learned Passer domesticus open automatic door, 725-726; mate choice in female Mimus polyglottos, 277-281; nestling in Pandion haliaetus, 105-111; pair-bond formation in Alca torda, 682-685; piracy in Pandion haliaetus, 111-112; polyandry in Jacana spinosa, 578-597; in Melanerpes superciliaris, 124-125; social behavior in Cyanocorax spp., 59-67; stranger than fiction: Passer domesticus open automatic door, 725-726; territorial affinity of wintering Gavia immer, 141-142; Junco phaeonotus intruders, 292-295; polyterritorial polygyny in Setophaga ruticilla, 190-203; behavioral ecology of Buteo polyosoma, 132-137.

Behrstock, Robert A., review by, 311-314; Belant, Jerrold L., Raymond K. Anderson, and J. Marshall Wilson, Winter recoveries and territorial affinity of Common Loons banded in Wisconsin, 141-142; Belton, William, review by, 535; Benito-Espinal, Edouard, Birds of the West Indies, reviewed, 533-534; Berger, Andrew J., review by, 324-325; Best, Louis B., and James P. Gionfriddo, Characterization of grit use by cornfield birds, 68-82; Best, Louis B., see De Geus, David W., and Betts, Burr J., and Donald A. Jenni, Time budgets and the adaptiveness of polyandry in Northern Jacanas, 578-597; Bielefeldt, John, see Rosenfield, Robert N., and John Cary; Bildstein, Keith L., G. Thomas Bancroft, Patrick J. Dugan, David H. Gordon, R. Michael Erwin, Erica Nol, Laura X. Payne, and Stanley E. Senner, Approaches to the conservation of coastal wetlands in the Western Hemisphere, 218-254; Bildstein, Keith L., review by, 321-323.

Bittern, American, see Botaurus lentiginosus; Blackbird, Bolivian, see Oreopsar bolivianos; Common, see Turdus merula; Red-winged, see Agelaius phoeniceus; Tri-colored, see Agelaius tricolor.

Blem, Charles R., reviews by, 160, 522-523; boar, wild, see Sus scrofa; bobcat, see Lynx rufus; Bobwhite, Northern, see Colinus virginianus; Bodenhorst, Cynthia, see English, Peter; body mass change in migrating Calidris fuscicollis, 621-636; Bombycilla cedrorum, 209; garrulus, 54; Bonasa umbellus, 113; Booby, Brown, see Sula leucogaster; Masked, see Sula dactylatra; Red-footed, see Sula sula; Bos taurus, 84-86; Botaurus lentiginosus, 87; Boyd, Roger L., First nesting record for the Piping Plover in Oklahoma, 305-308; Branta canadensis, 87, 557; Braun, Clait E., see Hupp, Jerry W., and"
Jacana spinosa,"RUDDY TURNSTONE (Arenaria interpres morinella). Turnstones are unusual in form, in that the bill is quite stout, pointed and has an upturned appearance since the top of the upper mandible is perfectly straight. The present handsome species breeds on the Arctic coast and migrates abundantly along both coasts, wintering from southern United States southward. The common Turnstone, a grayer variety, is an Old World species, a few of which breed in western Alaska and migrate through Japan. The Turnstone is commonly known among sportsmen as Calico-back, Horse-foot Snipe and Beach Snipe.",28453357,,,Internet Archive,americangamebird01reed,Library of Congress,English,,Not provided. Contact Holding Institution to verify copyright status.,"Ruddy Turnstone (Arenaria interpres morinella). Turnstones are unusual in form, with a stout, pointed bill that has an upturned appearance, as the top of the upper mandible is perfectly straight. This handsome species breeds on the Arctic coast and migrates abundantly along both coasts, wintering from the southern United States southward. The common Turnstone, a grayer variety, is an Old World species, with a few breeding in western Alaska and migrating through Japan. Among sportsmen, the Turnstone is commonly known as Calico-back, Horse-foot Snipe, and Beach Snipe."
Jacana spinosa,"I observed one individual perched on a powerline post in Colonia Alvaro Leonel, close to Canon de Lobos, in March 1988. It was seen at close range and its moustache stripe was clearly seen. Closest records are those of permanent residents from the coast of Guerrero in the border with Oaxaca (Howell Webb, 1995).",40025581,120.0,2000.0,Internet Archive,bulletinofbrit1202000brit,Smithsonian Libraries and Archives,English,https://www.biodiversitylibrary.org/permissions/,In Copyright. Digitized with the permission of the rights holder,"I observed one individual perched on a powerline post in Colonia Alvaro Leonel, near Canon de Lobos, in March 1988. It was seen at close range, and its moustache stripe was clearly visible. The closest records are from permanent residents along the coast of Guerrero near the border with Oaxaca (Howell and Webb, 1995)."
Jacana spinosa,"H. Mejia-Mojica collected an individual at Apancingo de Michapa on 17 April 1988 (COCIB 1590). Additional individuals have been observed and photographed at El Rodeo on 4 January 1987 and 17 January 1993 (group of 20); Coatetelco on 5 May 1987, 28 November 1987, and 17 October 1994; and Los Carros on 11 December 1992. Although Howell Webb (1995) indicated a broad distribution for this species in central Mexico, Friedmann et al. (1950) reported it for Mexico and Puebla only; Wilson Ceballos-Lascurain (1993) reported it for the Distrito Federal.",40025581,120.0,2000.0,Internet Archive,bulletinofbrit1202000brit,Smithsonian Libraries and Archives,English,https://www.biodiversitylibrary.org/permissions/,In Copyright. Digitized with the permission of the rights holder,"H. Mejia-Mojica collected an individual at Apancingo de Michapa on 17 April 1988 (COCIB 1590). Additional individuals have been observed and photographed at El Rodeo on 4 January 1987 and 17 January 1993, with a group of 20; at Coatetelco on 5 May 1987, 28 November 1987, and 17 October 1994; and at Los Carros on 11 December 1992. Although Howell Webb (1995) indicated a broad distribution for this species in central Mexico, Friedmann et al. (1950) reported it only for Mexico and Puebla; Wilson Ceballos-Lascurain (1993) reported it for the Distrito Federal."
Jacana spinosa,"Individuals of this species were observed and photographed at Coatetelco on 15 and 28 November 1988, and on 17 October 1994, as well as at Apancingo de Michapa on 3 August 1994 (11 individuals). Howell Webb (1995) indicated a broad distribution for this species as a resident in central Mexico, and Wilson CeballosLascurain (1993) reported it for the Distrito Federal.",40025581,120.0,2000.0,Internet Archive,bulletinofbrit1202000brit,Smithsonian Libraries and Archives,English,https://www.biodiversitylibrary.org/permissions/,In Copyright. Digitized with the permission of the rights holder,"Individuals of this species were observed and photographed at Coatetelco on November 15 and 28, 1988, and on October 17, 1994, as well as at Apancingo de Michapa on August 3, 1994 (11 individuals). Howell Webb (1995) indicated a broad distribution for this species as a resident in central Mexico, and Wilson Ceballos-Lascurain (1993) reported it for the Distrito Federal."
Jacana spinosa,"362 THE WILSON BULLETIN December 1957 Vol. 69, No. 4 over, they also show that there is some confusion as to what constitutes wing-flashing, even in M. polyglottos. Until we arrive at a clear understanding of, and a more definitive name for, this special wing display of certain mockingbirds, the term wing-flashing becomes ambiguous when used without descriptive details. Thus one wonders whether the Mockingbird that used wing-flashing many times during its half-hour attack on a blacksnake was performing the very same motions seen in the foraging bird (Hicks, 1955. Auk, 72; 296-297). If certain wing movements of the Least Bittern Ixobrychus exilis) while stalking its prey, and Roadrunner Geococcyx calif or nianus) while hunting grasshoppers (Sutton, op. cit.) are to be equated with the Common Mockingbird s formalized and precisely repeated wing action as it works its way across a lawn, then it would seem that certain of the African herons while fishing (Austin L. Rand. 1955. Stray Feathers from a Bird Man s Desk, pp. 131-132), the Jacana (Jacana spinosa) in sexual display (Rand, 1954. Wilson Bull., 66: 131), and many another species might be said to wing-flash. Dilger (1956. Auk, 73: 325), for instance, designates as Wing Flashing both the single wing and the double wing displays that certain thrushes Catharus and Hylocichla) make toward an opponent bird. Such displays, he found, were typically preludes to fleeing action by the performer. What, then, of balancing and comforting movements of the wings or the pronounced wing-flicking in such birds as Ruby-crowned Kinglets ( Regulus calendula) and the redstarts Setophaga ruticilla and S. picta) ? Where should we draw the line? Skutch (1950. Condor, 52: 225) evidently did not consider that the reactions of a Blue Mockingbird iMelanotis hypoleucus) , again a plain-winged species, to a handkerchief, placed over its nest and young as an experiment, involved wing-flashing. After pulling on the cloth and causing it to fall to the ground, the bird hopped all around it, at times spreading his wings, jerking it and attempting to remove it farther from the nest . . . I do not think for one minute that the While-winged Dove Zenaida asiatica) which I flushed from her nest and young was performing wing-flashing when she landed heavily near my feet and, hack to me, began walking away with rapid, continued, upright stretching and folding of her wings, angel-fashion, though the performance suggested nothing so much as setting-up exercises. It was plain enough that these were intention movements motivated by attack and escape drives, neither of which drives has been shown clearly to function in wing-flashing of mockingbirds. The distinguishing feature in wing-flashing of mockingbirds, as I see it, and one that was entirely absent in the case of the White-winged Dove, and apparently also in the above-mentioned thrushes, is the way the wings are extended by degrees and are held momentarily at several positions along the arc of movement. In Mimas polyglottos, M. saturninus and M. gilvus, at least, the wings open by hitches, so to speak. Roy Bedichek (1947. Adventures with a Texas Naturalist, p. 202) says of polyglottos . I have counted as many as five notches before the extension was complete. Very likely this special action also occurs in young birds of the three mockingbird species mentioned above. Certainly it often is seen in young Common Mockingbirds recently out of the nest and in later stages of development (Michener and Michener, 1935. Condor, 37: 106; Sutton; Allen; Brackbill; Tomkins). Peyre Gaillard of Atlanta, Georgia, who has given particular attention to this activity in the Common Mockingbird, informs me that he has seen young birds just before venturing out of the nest move their wings in this peculiar way (letter, January 15, 1955). I myself once saw a large, well-feathered young bird stand high in the nest and twice make three slow, in-",52199485,69.0,1957.0,Internet Archive,wilsonbulletin6919wils,"Harvard University, Museum of Comparative Zoology, Ernst Mayr Library",English,https://biodiversitylibrary.org/permissions,In copyright. Digitized with the permission of the rights holder.,"Here is the cleaned and corrected version of your text:

---

The Wilson Bulletin December 1957 Vol. 69, No. 4

Furthermore, they also show that there is some confusion regarding what constitutes wing-flashing, even in M. polyglottos. Until we arrive at a clear understanding of, and a more definitive name for, this special wing display of certain mockingbirds, the term wing-flashing remains ambiguous when used without descriptive details. 

One might wonder whether the mockingbird that used wing-flashing multiple times during its half-hour attack on a blacksnake was performing the same motions observed in the foraging bird. If certain wing movements of the Least Bittern (Ixobrychus exilis) while stalking prey, and the Roadrunner (Geococcyx californianus) while hunting grasshoppers, are to be equated with the formalized and precisely repeated wing action of the common mockingbird as it moves across a lawn, then it appears that some African herons while fishing, the Jacana (Jacana spinosa) during sexual display, and many other species might also be said to wing-flash.

Dilger (1956, Auk, 73: 325) designates as wing-flashing both the single wing and double wing displays that certain thrushes (Catharus and Hylocichla) make toward an opponent bird. Such displays, he found, are typically preludes to fleeing. 

What, then, about the balancing and comforting wing movements or the pronounced wing-flicking in birds such as Ruby-crowned Kinglets (Regulus calendula) and redstarts (Setophaga ruticilla and S. picta)? Where should we draw the line? Skutch (1950, Condor, 52: 225) apparently did not consider that the reactions of a Blue Mockingbird (Melanotis hypoleucus), again a plain-winged species, to a handkerchief placed over its nest and young involved wing-flashing. After pulling on the cloth and causing it to fall to the ground, the bird hopped around it, sometimes spreading its wings, jerking, and attempting to remove it from the vicinity of the nest.

I do not believe that the White-winged Dove (Zenaida asiatica), which I flushed from her nest with young, was performing wing-flashing when she landed heavily near my feet and, turning away, began walking away with rapid, continuous, upright stretching and folding of her wings—an action that resembled setting-up exercises rather than wing-flashing. It was clear that these were intentional movements driven by attack and escape instincts, neither of which has been definitively linked to wing-flashing in mockingbirds.

The key feature in wing-flashing of mockingbirds, as I see it—and one that was entirely absent in the case of the White-winged Dove and apparently also in the aforementioned thrushes—is the gradual extension of the wings, held momentarily at several positions along the arc of movement. In Mimus polyglottos, Mimus saturninus, and Mimus gilvus, at least, the wings open with hitches, so to speak. Roy Bedichek (1947, Adventures with a Texas Naturalist, p. 202) notes that in polyglottos, he has counted as many as five notches before the extension was complete. 

This special action likely also occurs in young birds of the three mockingbird species mentioned above. It is often observed in young common mockingbirds recently fledged and in later stages of development (Michener and Michener, 1935, Condor, 37: 106; Sutton; Allen; Brackbill; Tomkins). Peyre Gaillard of Atlanta, Georgia, who has studied this activity extensively in the common mockingbird, informed me that he has seen young birds just before leaving the nest move their wings in this peculiar way (letter, January 15, 1955). 

I once observed a large, well-feathered young bird standing high in the nest and making two or three slow, deliberate wing movements."
Jacana spinosa,"APPENDIX m:::; I -5lack-xecked Stilt. Himantopus mexicanus (Mull.), pp. 77, 118, 123. Also common on streams and ponds near Guadalajara. W ilson Snipe. Gallinago delicata (Ord.). pp. 19, 103. Several were seen near Guadalajara and on the beach near Vera Cruz. Greater Yellow-legs. Totanus melanoleucus (Gmel.) p. 118. Yellow-legs. Totanus Jtavipes (Gmel.). p. 118. Both birds abundant on the ponds and lakes of the tableland. Solitary Sandpiper. Helodromas solitarius (Wils.). pp. 134, 135, 136. Abundant on the tableland and in the barrancas. Spotted Sandpiper. Actitis macularia (Linn.). Common on the ponds about Guadalajara. Long-billed Curlew. Numenius longirostris Wils. p. 118. Quite common on the marshes about Chapala. Killdeer. Oxyechus vooiferus (Linn.), pp. 19, 117, 134. Common everywhere in the barrancas and in the lowlands of Colima. Four were seen on the beach at Vera Cruz. Mexican Jacana. Jacana spinosa (Linn.), pp. 79, 80, 123. Fairly common on ponds about Guadalajara. Grayson Bob-White. Colinns graysoni (Lawr.). p. 252. Heard among the pines on the volcano of Colima. Scaled Partridge. Callipepla squamata (Vig.). p. 268. Common in the lowlands of Colima. W agler Chachalaca. Ortalis ivcigleri (Gray), pp. 324, 328. Several seen in the lowlands of Colima. Band-tailed Pigeon. Columba fasciata Say. p. 292. Abundant in the lowlands of Colima. Mourning Dove. Zenaidura macroura (Linn.), pp. 104,185, 218. Abundant everywhere. White-fronted Dove. Leptotila fulviventris brachyptera (Salvadore). pp. 218, 250. Abundant in the barrancas. . 4 385 .",58579727,,,Internet Archive,twobirdloversinm0000beeb,Internet Archive,English,,Not provided. Contact Holding Institution to verify copyright status.,"APPENDIX I - List of Birds

Black-necked Stilt. Himantopus mexicanus (Mull.), pp. 77, 118, 123. Also common on streams and ponds near Guadalajara.

Wilson's Snipe. Gallinago delicata (Ord.), pp. 19, 103. Several were seen near Guadalajara and on the beach near Vera Cruz.

Greater Yellowlegs. Totanus melanoleucus (Gmel.), p. 118.

Yellowlegs. Totanus flavipes (Gmel.), p. 118. Both birds are abundant on the ponds and lakes of the tableland.

Solitary Sandpiper. Helodromas solitarius (Wils.), pp. 134, 135, 136. Abundant on the tableland and in the barrancas.

Spotted Sandpiper. Actitis macularia (Linn.). Common on the ponds around Guadalajara.

Long-billed Curlew. Numenius longirostris Wils., p. 118. Quite common on the marshes around Chapala.

Killdeer. Oxyechus vociferus (Linn.), pp. 19, 117, 134. Common everywhere in the barrancas and in the lowlands of Colima. Four were seen on the beach at Vera Cruz.

Mexican Jacana. Jacana spinosa (Linn.), pp. 79, 80, 123. Fairly common on ponds around Guadalajara.

Gray's Bobwhite. Colinus graysoni (Lawr.), p. 252. Heard among the pines on the volcano of Colima.

Scaled Partridge. Callipepla squamata (Vig.), p. 268. Common in the lowlands of Colima.

Wagler's Chachalaca. Ortalis wagleri (Gray), pp. 324, 328. Several seen in the lowlands of Colima.

Band-tailed Pigeon. Columba fasciata Say., p. 292. Abundant in the lowlands of Colima.

Mourning Dove. Zenaidura macroura (Linn.), pp. 104, 185, 218. Abundant everywhere.

White-fronted Dove. Leptotila fulviventris brachyptera (Salvadore), pp. 218, 250. Abundant in the barrancas."
Jacana spinosa,"All the forms belonging to this very distinct family have a metacarpal spur, which in the genera Jacana and Hydrophasianus is large and sharp, while in the others it is small and blunt. Of this spur Professor Forbes remarks, that it has no relation whatever to the claw or nail of the pollex, which is also present, though small. The spur in Jacana spinosa at least consists of an external, translucent, yellow epidermic layer, which inyests a central core of compact fibrous tissue, this in turn being supported by a bony projection developed at the radial side of the first metacarpal. his spur is a formidable weapon, but it seems that the forms in which it is small and blunt have received a compensation for the absence of a real spur in an extraordinary development of the radius. In birds, as a rule, this bone is slenderer than the ulna, but in the members of the genus Metopidius, and probably also in Hydralector cristatus, the radius is dilated and flattened into a sub-triangular lamellarlike expansion for its distal half, as shown in the accompanying cut. The margin of the bone, where it is superficial, is slightly roughened; and no doubt, as Forbes remarks, the peculiar form of radius is associated with the quarrelsome habits of these birds, this dilated and somewhat scimetarshaped bone being probably capable of inflict-",13507326,,,Internet Archive,standardnaturalh00kings,Smithsonian Libraries and Archives,English,,Public domain. The BHL considers that this work is no longer under copyright protection.,"All the forms belonging to this very distinct family have a metacarpal spur, which in the genera Jacana and Hydrophasianus is large and sharp, while in the others it is small and blunt. Professor Forbes remarks that this spur has no relation whatsoever to the claw or nail of the pollex, which is also present, though small. The spur in Jacana spinosa consists of an external, translucent, yellow epidermic layer that invests a central core of compact fibrous tissue, supported by a bony projection developed at the radial side of the first metacarpal. This spur is a formidable weapon, but it seems that the forms in which it is small and blunt have compensated for the absence of a real spur through an extraordinary development of the radius. In birds, as a rule, this bone is slenderer than the ulna, but in the members of the genus Metopidius, and probably also in Hydralector cristatus, the radius is dilated and flattened into a sub-triangular, lamellar-like expansion for its distal half. The margin of the bone, where it is superficial, is slightly roughened. As Forbes remarks, the peculiar form of the radius is associated with the quarrelsome habits of these birds, with this dilated and somewhat scimitar-shaped bone probably capable of inflicting injury."
Jacana spinosa,"cal birds, one genus, Jacana (or Parra, as it erroneously has been called by most ornithologists), of about four species, being tropical American, with one representative, J. gymnostoma, a native of Central America and Mexico, just entering the United States on the border of Texas; while the one figured is the commonest South American species; another genus, Metopidius, is Indo-African in its distribution, and ZZydralector is Malayan, while Z ydrophasianus chirurgus, hails from India and the countries to the east, including the Philippine Islands and Formosa. The latter, which is the pheasant-tailed jagana of writers, is a remarkably striking bird. It is devoid of the naked lobes on the head, so characteristic of the true jaganas, but is especially noticeable for the four enormously elongated tail-feathers, which are gracefully arched like those of a pheasant. The length of the bird is about eighteen inches, the tail alone measuring ten inches. On the authority of Blyth we introduce the following notice of their habits: These birds breed during the rains, in flooded spots, where the lotus is plentiful, the pair forming a rude, flat nest of grass and weeds, interwoven beneath with the long shoots of some growing, aquatic plant, which retain it buoyant on the surface. Herein are laid six or seven olive-brown, pear-shaped eggs, of an inch and a quarter in length. Their slender bodies and widely extending toes enable jaganas to run with facility, apparently on the water, but in reality, wherever any floating leaves or green herbage meets their light tread. The food consists of the green, tender paddy, or other vegetable growth, dependent on inundation for its production, and the numerous species of insects that abound in such spots. The cry is like that of a kitten in distress, wherice their native name of meewah. In flight, the legs are trailed behind like those of the herons. The flesh is excellent. Blyth adds that he has sometimes seen it to all appearance walking on the water, the supports on which its long toes really rested being slight and little visible. Legge says that in Ceylon it is wonderfully numerous on the northern",13507326,,,Internet Archive,standardnaturalh00kings,Smithsonian Libraries and Archives,English,,Public domain. The BHL considers that this work is no longer under copyright protection.,"Cranes, one genus, Jacana (or Parra, as it has erroneously been called by most ornithologists), consists of about four species native to tropical America, with one representative, J. gymnostoma, found in Central America and Mexico, just entering the United States on the border of Texas. The most common South American species is also part of this genus. Another genus, Metopidius, is Indo-African in distribution, while Zydralector is Malayan. Zydrophasianus chirurgus hails from India and the eastern countries, including the Philippine Islands and Formosa. This species, known as the pheasant-tailed jacana, is remarkably striking. It lacks the naked lobes on the head characteristic of true jacanas but is notable for its four enormously elongated tail feathers, which are gracefully arched like those of a pheasant. The bird measures about eighteen inches in length, with the tail alone reaching ten inches.

According to Blyth, these birds breed during the rainy season in flooded areas where lotus plants are abundant. They form a simple, flat nest of grass and weeds, interwoven with the long shoots of aquatic plants that keep it buoyant on the surface. They lay six or seven olive-brown, pear-shaped eggs, each about an inch and a quarter long. Their slender bodies and widely extending toes enable jacanas to run easily, seemingly on water, but actually on floating leaves or green herbage. Their diet consists of tender green rice plants or other vegetation dependent on flooding, as well as numerous insects found in such habitats. Their call resembles that of a distressed kitten, which is why they are called ""meewah"" in their native language. In flight, they trail their legs behind them, similar to herons. The flesh of the bird is considered excellent. Blyth also notes that he has sometimes seen it appear to walk on water, supported by its long toes, which are only slightly visible. Legge mentions that in Ceylon, the species is remarkably numerous in the northern regions."
Jacana spinosa,"enormous yolk sacs that sustain them during the process. Male Sooglossus carry their tadpoles on their backs, an adaptation that probably evolved due to the lack of free-standing water in their high mountain forest habitat in the Seychelle Islands, which lie northeast of Madagascar in the Indian Ocean. In A. darlingtoni, gray-to-reddish inch-long frogs that live in tropical forests of western Australia, a male carries about ten tadpoles in brood pouches that open on either side of his groin. These pouches, which are part of the frog s lymphatic system, extend along the side and belly, and bulge as the tadpoles grow into frogs.",64057453,23.0,1995.0,Internet Archive,zoogoerv24nfriee,Smithsonian Libraries and Archives,English,https://biodiversitylibrary.org/permissions,In copyright. Digitized with the permission of the rights holder.,"Enormous yolk sacs sustain them during development. Male Sooglossus carry their tadpoles on their backs, an adaptation that probably evolved due to the lack of free-standing water in their high mountain forest habitat in the Seychelles Islands, which lie northeast of Madagascar in the Indian Ocean. In A. darlingtoni, gray-to-reddish, inch-long frogs that live in the tropical forests of western Australia, a male carries about ten tadpoles in brood pouches that open on either side of his groin. These pouches, which are part of the frog's lymphatic system, extend along the side and belly and bulge as the tadpoles grow into frogs."
Jacana spinosa,"In contrast to invertebrates, fish, and amphibians, nearly all bird species care for their young. (Exceptions are brood parasites such as the brownheaded cowbird and European cuckoo, which lay their eggs in other species nests so their young can be raised by the host species, and some megapodes, turkey-like birds such as the Australian mallee fowl, which lays its eggs in large mounds of decaying vegetation that produce heat and incubate the eggs without further parental involvement.) Birds are the only group in which it is most common for both parents to pitch in texcare for-their young. While females usually are responsible for most of the care, there are some species in which the males single-handedly incubate the eggs and care for the hatchlings.",64057453,23.0,1995.0,Internet Archive,zoogoerv24nfriee,Smithsonian Libraries and Archives,English,https://biodiversitylibrary.org/permissions,In copyright. Digitized with the permission of the rights holder.,"In contrast to invertebrates, fish, and amphibians, nearly all bird species care for their young. Exceptions include brood parasites such as the brown-headed cowbird and European cuckoo, which lay their eggs in the nests of other species so their young can be raised by the host species. Some megapodes, turkey-like birds such as the Australian mallee fowl, lay their eggs in large mounds of decaying vegetation that produce heat and incubate the eggs without further parental involvement. Birds are the only group in which it is most common for both parents to participate in caring for their young. While females usually are responsible for most of the care, there are some species in which males single-handedly incubate the eggs and care for the hatchlings."
Jacana spinosa,"Exclusive male care is found in ratites (kiwis, rheas, and other flightless species) and some shorebirds that nest on the ground. These birds have young that are precocial, which means that, like ducklings, they are down-covered and able to move freely immediately after hatching. Because precocial young are ready to leave the nest soon after hatching, they require far less care than the young of songbirds and other birds that have young that are altricial-naked, blind, and helpless upon hatching.",64057453,23.0,1995.0,Internet Archive,zoogoerv24nfriee,Smithsonian Libraries and Archives,English,https://biodiversitylibrary.org/permissions,In copyright. Digitized with the permission of the rights holder.,"Exclusive male care is found in ratites (kiwis, rheas, and other flightless species) and some shorebirds that nest on the ground. These birds have young that are precocial, meaning they are down-covered and able to move freely immediately after hatching. Because precocial young are ready to leave the nest soon after hatching, they require far less care than the young of songbirds and other birds with altricial young—naked, blind, and helpless upon hatching."
Jacana spinosa,"The shorebirds with exclusive male care include jacanas, seveninch birds of tropical wetlands that have long green legs and exceptionally long toes, and phalaropes, sandpiper-like birds that breed near ponds in the northern U.S. and Canada. In the northern jacana (Jacana spinosa), a species that lives from Central America to southern Texas, a female defends a territory where as many as four males build nests on floating plants. She lays up to five eggs in each nest, and the males incubate them for four weeks and then defend the hatchlings until they can fly. To distract predators, males crouch and slap their wings and feet against the ground or floating plants. Female jacanas ate: quite.a bit larger than the males and dominate them completely.",64057453,23.0,1995.0,Internet Archive,zoogoerv24nfriee,Smithsonian Libraries and Archives,English,https://biodiversitylibrary.org/permissions,In copyright. Digitized with the permission of the rights holder.,"The shorebirds with exclusive male care include jacanas, seven-inch birds of tropical wetlands that have long green legs and exceptionally long toes, and phalaropes, sandpiper-like birds that breed near ponds in the northern U.S. and Canada. In the northern jacana (Jacana spinosa), a species that lives from Central America to southern Texas, a female defends a territory where as many as four males build nests on floating plants. She lays up to five eggs in each nest, and the males incubate them for four weeks and then defend the hatchlings until they can fly. To distract predators, males crouch and slap their wings and feet against the ground or floating plants. Female jacanas are quite a bit larger than the males and dominate them completely."
Jacana spinosa,"In Wilson s phalarope (Steganopus tricolor), males incubate several eggs for about three weeks in grass-lined scrapes and them ean their brood. Phalarope females are larger and more colorful than the males, and court them aggressively, often chasing them through the air or swimming near them while puffing out their neck feathers and making a repeated chugging call. This nearly complete sex-role reversal (the females still lay the eggs) confused early biologists and led John James Audubon to mislabel the males and females in all his phalarope plates.",64057453,23.0,1995.0,Internet Archive,zoogoerv24nfriee,Smithsonian Libraries and Archives,English,https://biodiversitylibrary.org/permissions,In copyright. Digitized with the permission of the rights holder.,"In Wilson's phalarope (Steganopus tricolor), males incubate several eggs for about three weeks in grass-lined scrapes and then rear their brood. Phalarope females are larger and more colorful than the males and court them aggressively, often chasing them through the air or swimming near them while puffing out their neck feathers and making a repeated chugging call. This nearly complete sex-role reversal, with females still laying the eggs, confused early biologists and led John James Audubon to mislabel the males and females in all his phalarope illustrations."
Jacana spinosa,"Adult male and femaleHead, neck, upper part of back, and breast, black, with reflections of purple; lower back and wings, purplish chestnut; primaries and secondaries, pale yellowish green, the primaries bordered with blackish brown; rump, upper tailcoverts, and tail, dark purple; lower portion of breast and flanks, maroon; abdomen, thighs, and under tail-coverts, brownish maroon; a frontal leaf of three lobes, bright orange in color, covers the forehead from the base of the bill; bill, bright yellow ; a sharp spur on the wing of orange; iris, brown; feet and legs, greenish.",37383854,,,Internet Archive,cu31924022525657,Cornell University Library,English,,Public domain. The BHL considers that this work is no longer under copyright protection.,"Adult male and female head, neck, upper part of the back, and breast are black with reflections of purple. The lower back and wings are purplish chestnut. The primaries and secondaries are pale yellowish green, with the primaries bordered in blackish brown. The rump, upper tail coverts, and tail are dark purple. The lower portion of the breast and flanks are maroon. The abdomen, thighs, and under tail coverts are brownish maroon. A frontal leaf with three lobes, bright orange in color, covers the forehead from the base of the bill. The bill is bright yellow. A sharp spur on the wing is orange. The iris is brown. The feet and legs are greenish."
Jacana spinosa,"Miller et al. TUAMOTU SANDPIPER VOCALIZATIONS 459 50 ms FIG. 2. Much fine scale variation is present in temporal and spectral features of type I calls of the Tuamotu Sandpiper Prosobonia cancellata). Spectrograms are based on recordings made in French Polynesia in 1990 by R. and J. Seitre (n-q) and in 2003 by E. VanderWerf (a-m; successive calls by birds A and B are shown in spectrogram 1). Spectrograms were produced in Raven (Blackman window, filter bandwidth 223-226 Hz, grid resolution 1.45-1.47 ms X 86 Hz). Among shorebirds, the Northern Jacana Jacana spinosa) provides an example of structural integradation (Jenni et al. 1974, Mace 1981, Jenni and Mace 1999); Prosobonia may be another example, judging by its type I and II calls. Call type I (and perhaps type II) presumably is the one described by most authors. Hayman et al. (1986:337) stated that a soft high-pitched whistle is the only call described. Holyoak and Thibault (1984:77) remarked that the most common and characteristic call is a series of high-pitched whistled sounds, often repeated for a long time when the bird is perched or in flight (EHM translation). Other descriptions include a high pitched piping sound that keeps up practically all day (Bruner 1972:58), a soft pew pew squeaking call almost continually (Holyoak 1973:28), and a high-",52233334,115.0,2003.0,Internet Archive,wilsonbulletin1152wils,"Harvard University, Museum of Comparative Zoology, Ernst Mayr Library",English,https://biodiversitylibrary.org/permissions,In copyright. Digitized with the permission of the rights holder.,"Miller et al.. TUAMOTU SANDPIPER VOCALIZATIONS

Much fine-scale variation is present in the temporal and spectral features of type I calls of the Tuamotu Sandpiper (Prosobonia cancellata). Spectrograms are based on recordings made in French Polynesia in 1990 by R. and J. Seitre and in 2003 by E. VanderWerf. Spectrograms were produced in Raven using a Blackman window, with a filter bandwidth of 223–226 Hz and a grid resolution of 1.45–1.47 ms by 86 Hz. 

Among shorebirds, the Northern Jacana (Jacana spinosa) provides an example of structural integration; Prosobonia may be another example, judging by its type I and II calls. Call type I (and perhaps type II) is presumably the one described by most authors. Hayman et al. (1986:337) stated that a soft, high-pitched whistle is the only call described. Holyoak and Thibault (1984:77) remarked that the most common and characteristic call is a series of high-pitched whistled sounds, often repeated for a long time when the bird is perched or in flight. Other descriptions include a high-pitched piping sound that keeps up practically all day, a soft pew-pew squeaking call almost continually, and a high-"
Jacana spinosa,"their mound-like nests were still standing. The birds nest in June. The number of eggs to a clutch is usually two, sometimes only one and very rarely three. When three are found in a nest it is generally believed that the third has been laid by another female. According to Mr. Ingraham s observations the nests in our illustration must be considered conventional, the attitude of the bird on the nest being correct, and as stated on page 86.",15136960,,1889.0,Internet Archive,nestseggsofnorth00dav,Smithsonian Libraries and Archives,English,,Public domain. The BHL considers that this work is no longer under copyright protection.,"Their mound-like nests were still standing. The birds nest in June. The number of eggs in a clutch is usually two, sometimes only one, and very rarely three. When three eggs are found in a nest, it is generally believed that the third was laid by another female. According to Mr. Ingraham's observations, the nests in our illustration should be considered conventional, with the bird's attitude on the nest being correct, as stated on page 86."
Jacana spinosa,"ern portions. In England it isconsidered migratory, while in Scotland it resides permanently. It breeds commonly in the Orkney and Shetland Islands, placing its nest among precipitous rocks. It was formerly trained to the chase, and used to hawk for quails, snipes and larks. The rugged mountain ranges on the Scottish border furnish",15136960,,1889.0,Internet Archive,nestseggsofnorth00dav,Smithsonian Libraries and Archives,English,,Public domain. The BHL considers that this work is no longer under copyright protection.,"The portions. In England, it is considered migratory, while in Scotland, it resides permanently. It breeds commonly in the Orkney and Shetland Islands, placing its nest among precipitous rocks. It was formerly trained for hunting and used to hawk quails, snipes, and larks. The rugged mountain ranges on the Scottish border provide"
Jacana spinosa,"the side of some ravine, a projecting rock, bank, or tuft of heath. The nest consists of a scanty supply of sticks, heather, grass or moss, loosely arranged. The eggs are three, four or five in number; Bewick says six; Temminck, five or six. They are bluish-white, spotted and blotched, generally more thickly at the larger end, with deep reddish-brown. Average size, 1.49 xX I.20.",15136960,,1889.0,Internet Archive,nestseggsofnorth00dav,Smithsonian Libraries and Archives,English,,Public domain. The BHL considers that this work is no longer under copyright protection.,"On the side of a ravine, projecting rock, bank, or tuft of heath, the nest consists of a sparse collection of sticks, heather, grass, or moss, loosely arranged. The eggs number three, four, or five; Bewick mentions six; Temminck states five or six. They are bluish-white, spotted and blotched, with the markings generally more concentrated at the larger end, in deep reddish-brown. The average size is 1.49 by 1.20 inches."
Jacana spinosa,"shot by a hunter at Strawberry Hill, Nantasket Beach, Massachusetts, on Septemberzo9, 1887, the skin of which is nowin Mr. Cory s cabinet. The European Kestrel thus finds a place in the avifauna of North America. _ It isa common species in Europe, and one of the most abundant of its _ tribe in Great Britain. It resembles the American Sparrow Hawk in 7 Auk, V. 110 and 205.",15136960,,1889.0,Internet Archive,nestseggsofnorth00dav,Smithsonian Libraries and Archives,English,,Public domain. The BHL considers that this work is no longer under copyright protection.,"Shot by a hunter at Strawberry Hill, Nantasket Beach, Massachusetts, on September 9, 1887, the skin of which is now in Mr. Cory's cabinet. The European Kestrel thus finds a place in the avifauna of North America. It is a common species in Europe and one of the most abundant of its tribe in Great Britain. It resembles the American Sparrow Hawk."
Jacana spinosa,"472 DR. J. ANDERSON ON SPALAX TYPHLUS. June 14, Mr. Sclater had also visited the private Menagerie of the Society s Corresponding Member, Mr. F. E. Blaauw, of Westerveld, s Graveland, Hilversum, and admired the beautiful herd of White-tailed Gnus, and the flocks of Rheas of both species (Rhea americana and R. darwini) and the fine series of Water-fowl to be seen there. A pair of Mantchurian Cranes (Grus viridirostris) were found engaged on the duties of incubation, and both Bernicla poliocephala and B. rubidiceps with young birds lately hatched . A communication was read from Mr. T. D. A. Cockerell, F.Z.S., of the Institute of Jamaica, containing an account of the occurrence of a specimen of the Jacana (Jacana spinosa, Cory, B. W. I. p252)in Jamaica. On April 20, 1892, Dr. Alex. G. McCatty, of Montego Bay, Jamaica, had sent a specimen of this bird to Mr. F. Cundall, Secretary of the Jamaica Institute, stating that it was quite new to him and had been shot by his friend Mr. Dillon at Savanna-la-Mar, where it is known to the people as the Bananaor Plantain Coot. This was, so far as Mr. Cockerell knew, the first certain record of the Jacana in Jamaica. There was, however, in the Museum of the Institute of Jamaica, a skin of a Jacana presented by Mr. H. O. Vickers in 1886, which was said to have been shot by that gentleman in Westmoreland Parish, Jamaica. Ina subsequent letter (dated May 14th) Mr. Cockerell had written as follows :; Since writing on this subject I have learned, from Mr. R. A. Walcott, Resident Magistrate for Westmoreland, that the Jacana is eertainly resident in Jamaica. It was first observed by a party of gentlemen, of whom Mr. Walcott was one, in 1874, on the Cabaritta River. Since then it has occurred regularly, being observed in the Meylersfield Morasses, between Savanna-la-Mar and Little London, along the banks of the Cabaritta, and at the ponds at Hodges, near Black River, in St. Elizabeth. Although there is no history of its importation, it seems probable that it must have been brought to Jamaica from the mainland about 1873, as the rather numerous sportsmen of Westmoreland and St. Elizabeth would surely have observed it, had it existed there earlier. Its arrival by natural means seems out of the question, as Mr. Walcott informs me that it cannot fly long distances. Dr. J. Anderson, F.R.S., F.Z.S., read the following notes on the occurrence of Spalax typhlus in Africa :Towards the end of last April, while in Lower Egypt, I found in the district of Mariut, to the west of the great lake of the same name, and about eight miles from Alexandria, the rodent exhibited to-night. TI may mention, in order to convey to you some idea of the character of the Egyptian habitat of this animal, that unlike the delta 1 For a report on Heer Blaauw s collection, see Hducations d Animaux faites a s Graveland (Hollande) en 1891, Rey. Sc. Nat. Appl. 1892, p. 449. Melius Parra gymnostoma, Wag).",30979595,,,Internet Archive,proceedingsofgen92scie,"Natural History Museum Library, London",English,,Public domain. The BHL considers that this work is no longer under copyright protection.,"Dr. J. Anderson on Spalax typhlus

On June 14, Mr. Sclater also visited the private menagerie of the Society’s Corresponding Member, Mr. F. E. Blaauw, of Westerveld, Graveland, Hilversum. There, he admired a beautiful herd of White-tailed Gnus, flocks of Rheas of both species (Rhea americana and R. darwini), and a fine series of waterfowl. A pair of Mantchurian Cranes (Grus viridirostris) were observed engaged in incubation, along with Bernicla poliocephala and B. rubidiceps with recently hatched young.

A communication was read from Mr. T. D. A. Cockerell, F.Z.S., of the Institute of Jamaica, describing the occurrence of a Jacana (Jacana spinosa, Cory, B. W. I. p252) in Jamaica. On April 20, 1892, Dr. Alex. G. McCatty of Montego Bay, Jamaica, sent a specimen of this bird to Mr. F. Cundall, Secretary of the Jamaica Institute, noting that it was entirely new to him and had been shot by his friend Mr. Dillon at Savanna-la-Mar, where it is known locally as the Banana or Plantain Coot. This was, as far as Mr. Cockerell knew, the first confirmed record of the Jacana in Jamaica.

However, in the Museum of the Institute of Jamaica, there is a skin of a Jacana presented by Mr. H. O. Vickers in 1886, which was said to have been shot by him in Westmoreland Parish, Jamaica. In a subsequent letter dated May 14, Mr. Cockerell wrote that, since his initial report, he had learned from Mr. R. A. Walcott, Resident Magistrate for Westmoreland, that the Jacana is definitely resident in Jamaica. It was first observed by a group of gentlemen, including Mr. Walcott, in 1874 on the Cabaritta River. Since then, it has been seen regularly in the Meylersfield Morasses, between Savanna-la-Mar and Little London, along the banks of the Cabaritta, and at ponds near Black River in St. Elizabeth.

Although there is no record of its importation, it seems likely that the species was introduced to Jamaica from the mainland around 1873, as the numerous sportsmen of Westmoreland and St. Elizabeth would have surely noticed it if it had been present earlier. Its arrival by natural means appears unlikely, since Mr. Walcott reports that it cannot fly long distances.

Dr. J. Anderson, F.R.S., F.Z.S., also shared notes on the occurrence of Spalax typhlus in Africa. Towards the end of April, while in Lower Egypt, he found a rodent in the district of Mariut, west of the Great Lake of the same name and about eight miles from Alexandria."
Jacana spinosa,"94 THE CONDOR Vol. XII cases of several small birds that I will not take the time to specify. Cultivation is, of course, the prime cause of this transformation. Most of the heavy brush for many miles up, and the few miles that are wooded, down the river, has been re moved, to make way for cultivated fields, that are quite a net work of irrigating canals. Hundreds of settlers have come into the Valley of late, to take up these lands, generally with mistaken ideas of a very new country, and liberally provided with guns. Of course they were more or less disappointed, tho it has (or did have) as great a variety of feathered game as any part of the United States. Unfortunately, this very condition may lead to a partial extermination of many species, for many of the settlers have an idea that the number of ducks, plover, quail, etc., is so unlimited that no closed season is necessary. So the game laws are liberally interpreted and as laxly enforced. Nearing the Gulf Coast, going eastward from Brownsville, one approaches an open country comprising sand-dunes, and inundated flats, the latter caused by the seasonal overflow from the river. These swampy areas are the homes of many species of water-birds during the entire year; but especially so in winter when myriads of ducks, geese, herons, plovers and sandpipers resort to it. Near the mouth of the Rio Grande, along the coast, is a little fishing-village named Point Isabel, peopled principally by Mexicans. It is the terminus of a railroad from Brownsville, being twenty-six miles distant therefrom. I made this coast hamlet my headquarters for several months during the fall of 1908, and on several occasions, for brief periods since then. I do not care to put an estimate on the number of species of birds that could be found at one season or another within the territory I have just referred to, tho I imagine it could produce a list greater than most Californian localities. Rather, I will in hap-hazard manner proceed to speak briefly of the characteristic species of the Valley; also of some of the more interesting migrants. I believe, well I am sure that the bird I wanted to find most of all, was the one, that as yet, I have failed to meet within our borders. It is the Jacana ( Jacana spinosa) . Many a time I have discovered a spot suitable to its requirements along the river, but no Jacana appeared. So I conclude, that we can only include it on our lists as a casual summer visitor; for I know of but one taken here during the past two seasons. This example was secured along the river, half way to the coast by an old Mexican gunner, who had never shot a bird like it previously, in the many years he had hunted here. He brought the bird to the city, and sold it to a local merchant who had it mounted. I examined this bird in the flesh, and recorded the date of its capture June 2, 1908. After the Jacana, it was the Chachalaca that reigned in my thoughts and I had better fortune in this case, meeting it possibly a month after my arrival. Working thru some heavy brush one cloudy day, I was startled by a prodigious flapping of wing, accompanied by chuckling, turkey-like notes, all issuing from above. Lo, behold! sitting not fifteen feet over my head, in a patriarchal ebony tree, were ten or more of as stupid looking aves as ever I gazed upon. My presence had caused this commotion, but no flight was resorted to, until I had shot into the flock. As already stated, the Chachalaca is no longer a common bird near here; and one may ride the country roads for many an evening, before its nocturnal notes sound in the ear. It it now seldom brought into market in numbers for sale, as was the case at the time Dr. Merrill wrote. The few that we do find for barter are live birds, mostly having been hatcht under a domestic hen that being the fate of the eggs of any nest of the kind discovered here. Indeed, there must be more domesticated Chachalacas, varying in degrees of intermixture, than wild",53617367,,,Internet Archive,condor111219091910coop,Smithsonian Libraries and Archives,English,,Not in copyright. The BHL knows of no copyright restrictions on this item.,"94 THE CONDOR Vol. XII

Cultivation is, of course, the primary cause of this transformation. Most of the heavy brush for many miles upstream and the few wooded areas along the river have been removed to make way for cultivated fields, which are quite a network of irrigating canals. Hundreds of settlers have recently come into the valley to take up these lands, often with mistaken ideas about this very new country, and they are generally well-armed. Of course, they were somewhat disappointed, although the area still had as great a variety of feathered game as any part of the United States. Unfortunately, this situation may lead to the partial extermination of many species, as many settlers believe that the populations of ducks, plovers, quail, and other game are so abundant that no closed season is necessary. Consequently, game laws are often interpreted liberally and enforced laxly.

Nearing the Gulf Coast and heading east from Brownsville, one encounters open country consisting of sand dunes and inundated flats, the latter caused by seasonal river overflow. These swampy areas serve as habitats for many waterbird species throughout the year, especially in winter, when large numbers of ducks, geese, herons, plovers, and sandpipers gather there. Near the mouth of the Rio Grande along the coast is a small fishing village called Point Isabel, mainly inhabited by Mexicans. It is the terminus of a railroad from Brownsville, located twenty-six miles away. I used this coastal settlement as my headquarters for several months during the fall of 1908, and on several brief occasions since then.

I do not wish to estimate the number of bird species that can be found at different times within this territory, but I believe it could produce a list greater than most Californian localities. Instead, I will briefly discuss the characteristic species of the valley, as well as some of the more interesting migrants. I am certain that the bird I most wanted to find was the Jacana (Jacana spinosa). Many times I discovered suitable spots along the river for this bird, but no Jacana appeared. I conclude that we can only consider it a casual summer visitor, as I have only recorded one specimen here in the past two seasons. This bird was caught along the river halfway to the coast by an old Mexican hunter who had never shot a bird like it before in his many years of hunting in the area. He brought the bird to the city and sold it to a local merchant who had it mounted. I examined the bird in the flesh and recorded the date of its capture as June 2, 1908.

After the Jacana, the Chachalaca was the bird most prominent in my thoughts, and I was fortunate enough to encounter it about a month after my arrival. One cloudy day, while working through some heavy brush, I was startled by a loud flapping of wings and chuckling, turkey-like calls, all coming from above. To my surprise, I saw ten or more of these rather dull-looking birds sitting not more than fifteen feet overhead in a large ebony tree. My presence had caused the commotion, but they did not fly away until I shot into the flock. As previously mentioned, the Chachalaca is no longer a common bird in this area; and one can ride the country roads for many evenings before hearing its nocturnal calls. It is now rarely brought into the market in large numbers, as it was when Dr. Merrill wrote. The few that are available for barter are live birds, mostly hatched under domestic hens, which is the fate of eggs from any nest of this kind discovered here. Indeed, there are probably more domesticated Chachalacas, with varying degrees of interbreeding, than wild ones."
Jacana spinosa,"222. Red Phalarope (Crymophilus fulicarius). L. 8.10; B. 9. Bill heavy, wider than deep. Ad. 9. Below entirely reddish brown; cap black, back black and buff. Ad. g'. Similar, but smaller; crown and back streaked with brown, black, and buff. Yang. Resemble ', but upper tail-coverts plumbeous, underparts white. Winter. Crown and underparts white, hindneck black, back:gray. Notes. A musical clink, clink, (Nelson.)",38556600,,,Internet Archive,cu31924022533578,Cornell University Library,English,,Public domain. The BHL considers that this work is no longer under copyright protection.,"Red Phalarope (Crymophilus fulicarius). Length: 8.10 inches; Bill: 9. The bill is heavy, wider than deep. Adult: entirely reddish brown below; cap black; back black and buff. Adult female: similar but smaller; crown and back streaked with brown, black, and buff. Young: resemble the adult female but with upper tail-coverts plumbeous and underparts white. Winter: crown and underparts white; hindneck black; back gray. Notes: A musical clink, clink."
Jacana spinosa,"223. Northern Phalarope (Phalaropus lobatus). L. 7.7; B. .8. Bill short, slender, sharply pointed. Aad. Breast rufous; above slaty gray mixed with ochraceous on back. Ad. og . Smaller, less rufous on throat; above blackish streaked with rusty. Yng, Underparts and forehead white; crown sooty; bac! blackish streaked with straw-color. Winter. Upperparts gray mixed with white; underparts white. Notes. A low chippering, clicking note,",38556600,,,Internet Archive,cu31924022533578,Cornell University Library,English,,Public domain. The BHL considers that this work is no longer under copyright protection.,"Northern Phalarope (Phalaropus lobatus). Length: 7.7 inches; Bill: 0.8 inches. Bill short, slender, sharply pointed. Adult: Breast rufous; upperparts slaty gray mixed with ochraceous on the back. Juvenile: Smaller, less rufous on the throat; upperparts blackish streaked with rusty. Young: Underparts and forehead white; crown sooty; back blackish streaked with straw color. Winter: Upperparts gray mixed with white; underparts white. Notes: A low chipping, clicking note."
Jacana spinosa,"224. Wilson Phalarope (Stegang; tricolor). L. 9.5; B. 1.3. Billlong. 4d. 9. Sides of neck black and chestnut; crown and back gray. Ad. gi. Smaller; chestnut and black much less and duller; crown and back blackish, latter sometimes with rutous. Yung. Below white; crown and back black margined with ochraceous; nape brownish gray. Winter. Above gray, upper tail-coverts white; below",38556600,,,Internet Archive,cu31924022533578,Cornell University Library,English,,Public domain. The BHL considers that this work is no longer under copyright protection.,"Wilson Phalarope (Stegang; tricolor). Length: 9.5 inches; Breadth: 1.3 inches. Bill length: 4d. Sides of neck black and chestnut; crown and back gray. Adult: smaller; chestnut and black markings much less prominent and duller; crown and back blackish, sometimes with rufous. Juvenile: below white; crown and back black margined with ochraceous; nape brownish gray. Winter: above gray, upper tail-coverts white; below."
Jacana spinosa,"SECOND APPENDIX. greater amount of white on the under primary coverts. Both coasts of Lower California, Brewster, Auk, Jan. 1888, p. 84. No. 614 bis, p. 886. Tringa damascensis, the Long-toed Stint, which I admitted to the 3d edition of the Kry, 1887, though the Union List of 1886 declined it, has been reafiirmed by the Committee. See Ridgway, Auk, April, 1886, p. 275, and Man. N. A. Birds, 1887, p. 158. No. 632 bis, p. 887. Symphemia semipalmata inornata, admitted in the third edition of the Kry, is confirmed by the Committee. Nos. 636, 637, p. 639. The name of the genus Rhyacophilus is changed to Helodromas, Kaup, Naturl. Syst., 1529, p. 144. No. 663 a, p. 662. Add: Butorides virescens frazari. FRAZAR S GREEN HERON. Larger than BZ. virescens ; darker colored and more uniform in color; neck more purplish, its sides as well as the forehead strongly glaucous; the light throat line more restricted. Wing 7.00; tarsus 2.25; culmen 2.50. From Lower California, in the vicinity of La Paz. Ardea virescens frazari, Brewster, Auk, Jan. 1888, p. 83. No. 665, p. 663. The name of the genus Nycterodius (or Nyctherodius) is changed to Nyctinassa, Stejneger, Pr. U. S. Nat. Mus., 1887, p. 295. No. 667 bis, p. 888. Ardetta neoxena is confirmed by the Committee as a valid species, and as a North American bird, under the name Botaurus neoxenus. For later references to this interesting Rail-bittern, see Cory, Auk, July, 1886, p. 408; Ridgway, Man. N. A. Birds, 1887, p. 127. No. 672, p. 669. Parra gymnostoma becomes Jacana spinosa, Elliot, Auk, July, 1888, p. 297. (After Fulica spinosa, Linneus, Syst. Nat., 10th ed., 1758, p. 152.) No. 673, p. 672. Rallus longirostris crepitans is changed to R. crepitans ; similarly, No. 675, p. 672. Rallus longirostris saturatus is changed to Rallus crepitans saturatus ; also, Rallus longirostris scottii is changed to Rallus scotttt. See Sennett, Auk, April, 1889, p. 165. No. 675 a, p.672. Add: Rallus longirostris scotti. Scorr s Rart. Described by Sen905 nett from western Florida in the Auk, July, 1888, p. 305, and approved by the Committee as a good species. It is later described in the following terms: Bill slender, decurved, and compressed; upper parts sooty brown or black edged slightly with olive-gray; under parts dark ashy-gray mixed more or less with cinnamon ; axillary and flanks slatecolor, barred distinctly with white. ? For a synopsis of the several related species, see Sennett, Auk, April, 1889, p. 165. No. 675 b, p. 672. Rallus longirostris caribeus , described in 1880 by Mr. Ridgway, Bull. Nutt. Orn. Club, July, 1880, p. 140, is now recognized by the Committee as North American, and its habitat assigned as West Indies and the Gulf of Mexico, north to Texas. No. 694, p. 685. Chen cerulescens, which I have retained throughout my editions, is now removed from the hypothetical list and restored to full standing. No. 709 a, p. 692. Add: Anas obscura maculosa. Morrtep Duck. J top of head blackish-brown, the feathers edged with pale buff; chin and throat isabella color; cheeks buffy-white with narrow dark-brown streaks ; breast, wings, upper parts, and flanks blackish-brown, the feathers margined with pale buff; under parts buffy-white, each feather with a broad blackish-brown spot near the tip; under tail-coverts blackish varied with whitish and reddish buff; four middle tail feathers blackish-brown, others fuscous edged with pale buff, having a V-shaped mark as in A. fulvigula; lining of wing white ; speculum purple tipped with white ; feet reddish-orange; bill with a small black spot on base of lower edge of upper mandible, lacking in the female. Sexes otherwise alike. A subspecies of the Dusky Duck which seems entitled to recognition. It occurs from eastern Texas to Kansas. It was originally described by Sennett as Anas maculosa, Auk, July, 1889, p. 263; and in the Second Supplement of the Union List, 1890, it is called A. fulvigula obscura. No. 734, p. 712. Somateria mollissima dresseri becomes S. m. borealis, A. E. Brehm,",14049436,,1896.0,Internet Archive,keytonorthameric00coues,Smithsonian Libraries and Archives,English,,Public domain. The BHL considers that this work is no longer under copyright protection.,"Second Appendix. Greater amount of white on the under primary coverts. Both coasts of Lower California, Brewster, Auk, Jan. 1888, p. 84. No. 614 bis, p. 886. Tringa damascensis, the Long-toed Stint, which I admitted in the third edition of the Kry, 1887, though the Union List of 1886 declined it, has been reaffirmed by the Committee. See Ridgway, Auk, April, 1886, p. 275, and Man. N. A. Birds, 1887, p. 158. No. 632 bis, p. 887. Symphemia semipalmata inornata, admitted in the third edition of the Kry, is confirmed by the Committee. Nos. 636, 637, p. 639. The name of the genus Rhyacophilus is changed to Helodromas, Kaup, Naturl. Syst., 1529, p. 144. No. 663 a, p. 662. Add: Butorides virescens frazari, Frazar’s Green Heron. Larger than B. virescens; darker in color and more uniform; neck more purplish, with sides and forehead strongly glaucous; the light throat line more restricted. Wing 7.00; tarsus 2.25; culmen 2.50. From Lower California, near La Paz. Ardea virescens frazari, Brewster, Auk, Jan. 1888, p. 83. No. 665, p. 663. The name of the genus Nycterodius (or Nyctherodius) is changed to Nyctinassa, Stejneger, Proc. U. S. Nat. Mus., 1887, p. 295. No. 667 bis, p. 888. Ardetta neoxena is confirmed by the Committee as a valid species and as a North American bird under the name Botaurus neoxenus. For later references to this interesting rail-bittern, see Cory, Auk, July, 1886, p. 408; Ridgway, Man. N. A. Birds, 1887, p. 127. No. 672, p. 669. Parra gymnostoma becomes Jacana spinosa, Elliot, Auk, July, 1888, p. 297. (After Fulica spinosa, Linnaeus, Syst. Nat., 10th ed., 1758, p. 152.) No. 673, p. 672. Rallus longirostris crepitans is changed to R. crepitans; similarly, No. 675, p. 672. Rallus longirostris saturatus is changed to Rallus crepitans saturatus; also, Rallus longirostris scottii is changed to Rallus scottii. See Sennett, Auk, April, 1889, p. 165. No. 675 a, p. 672. Add: Rallus longirostris scotti. Scott’s Rall. Described by Sennett from western Florida in the Auk, July, 1888, p. 305, and approved by the Committee as a good species. It is later described as having a slender, decurved, and compressed bill; upper parts sooty brown or black edged slightly with olive-gray; under parts dark ashy-gray mixed with cinnamon; axillary and flanks slate-colored, barred with white. For a synopsis of related species, see Sennett, Auk, April, 1889, p. 165. No. 675 b, p. 672. Rallus longirostris caribeus, described in 1880 by Mr. Ridgway, Bull. Nutt. Orn. Club, July, 1880, p. 140, is now recognized by the Committee as North American, with habitat in the West Indies and the Gulf of Mexico, north to Texas. No. 694, p. 685. Chen cerulescens, which I have retained throughout my editions, is now removed from the hypothetical list and restored to full standing. No. 709 a, p. 692. Add: Anas obscura maculosa, Morrtep Duck. Top of head blackish-brown, with feathers edged in pale buff; chin and throat isabella color; cheeks buffy-white with narrow dark-brown streaks; breast, wings, upper parts, and flanks blackish-brown, with feathers margined in pale buff; under parts buffy-white, each feather with a broad blackish-brown spot near the tip; under tail-coverts blackish, varied with whitish and reddish buff; four middle tail feathers blackish, others fuscous edged with pale buff, with a V-shaped mark as in A. fulvigula; lining of wing white; speculum purple tipped with white; feet reddish-orange; bill with a small black spot at the base of the lower edge of the upper mandible, lacking in the female. Sexes otherwise alike. A subspecies of the Dusky Duck that seems entitled to recognition. It occurs from eastern Texas to Kansas. It was originally described by Sennett as Anas maculosa, Auk, July, 1889, p. 263; and in the Second Supplement of the Union List, 1890, it is called A. fulvigula obscura. No. 734, p. 712. Somateria mollissima dresseri becomes S. m. borealis."
Jacana spinosa,"NOTES A NORTHERN JACANA IN TRANS-PECOS TEXAS SARTOR O. WILLIAMS III, Route 10, Box 476, Glenwood, New Mexico 88039 At 0945 on 7 October 1982, Melissa J. Renfro and I found a single Northern Jacana ( Jacana spinosa) on a pond at a site known as The Post (elev. 1200 m), located at the end of a county road about 8 km south-southwest of Marathon, Brewster County, Texas. We watched the bird, which was in typical immature plummage, for about 45 minutes, then we left the area. We returned that afternoon (1430-1900) and obtained a series of 27 color slides of the bird; representative slides were subsequently verified and deposited in the Texas Photo-Record File as No. 404, a-d (Texas Cooperative Wildlife Collections, Texas A M University, College Station, TX 77843). The jacana was still present at the site on 11 October 1982, when it was seen by Geth and Edmund White of Alpine, Texas. 1 do not know if the bird was seen after that date; it was not present when I next visited the site on 18 October 1982. The small (90 m x 13 m) pond was the result of a low dam across Pena Creek and seemed to be several decades old. Cattails ( Typha ) bordered the open water, which was almost completely choked with a dense stand of pondweed ( Potomogeton ) , the pondweed forming a solid mat just below the surface. The jacana spent most of its time walking about on the vegetation mat and feeding actively, presumably on aquatic insects. At one point, however, it captured, dispatched, and consumed a large dragonfly. The bird was wary and alert and would fly to the center of the pond, calling loudly, if approached too closely or otherwise disturbed. There it would remain, watchful for a while, before resuming its feeding. Marathon lies about equidistant (some 800 km) from resident Northern Jacana populations on the west coast in Sinoloa and on the east coast in southern Texas and Tamaulipas; it is less than half again as far from resident populations on the Mexican Plateau due south in Guanajuato. Jalisco, and Michoacan. There are scattered inland Texas records, presumably from the eastern population, in Real (Am. Birds 34:177, 1980), Kerr (Am. Birds 40:492 and 1223, 1986), Uvalde, Bexar, Webb, and Victoria counties (Oberholser, H.C., The Bird Life of Texas, Vol. 1:306, 1974; Univ. Tex. Press, Austin) (but not Mitchell County: see below), and an immature jacana was noted upriver in the Rio Grande valley at Santa Ana National Wildlife Refuge. Hidalgo County, 10-30 November 1982 (Am. Birds 37:200, 1983). Of interest, however, is a Pacific storm, Hurricane Paul, that crossed the Sinaloa coast in late September and tracked northeastward through the Trans-Pecos region of Texas on 30 September 1982. one week before 1 discovered the Brewster County bird. Also of interest are the many impoundments that now stretch northward across the Mexican Plateau, from central Mexico through Durango and Chihuahua to the United States border: these impoundments, typically recharged during the summer-fall rainy season, appear to be providing a northward avenue for several other waterbirds that are similarly common in the central highlands (S.O. Williams, unpubl. data). Because the Brewster County jacana could conceivably have arrived from any one of these three geographic areas. 1 believe it is incorrect to assume automatically that it originated from the east coast population. The recent (7 June 1985-3 January 1986) appearance of an adult jacana near Nogales. Arizona (Am. Birds 39:946, 1985: 40:311, 1986) which, after the Brewster County bird, represents only the second record for the southwestern United States, is of similar uncertain origin, there being but one record for adjacent Sonora, a specimen labeled only Sonora, 1961 (S.M, Russell, pers. comm.). Western Birds 18:123-124. 1987 123",51656019,18.0,1987.0,Internet Archive,westernbirds18cali,Western Field Ornithologists,English,https://biodiversitylibrary.org/permissions,In copyright. Digitized with the permission of the rights holder.,"NOTES ON A NORTHERN JACANA IN TRANS-PECOS TEXAS

O. WILLIAMS III, Route 10, Box 476, Glenwood, New Mexico 88039

At 0945 on October 7, 1982, Melissa J. Renfro and I found a single Northern Jacana (Jacana spinosa) on a pond at a site known as The Post (elevation 1200 m), located at the end of a county road about 8 km south-southwest of Marathon, Brewster County, Texas. We observed the bird, which was in typical immature plumage, for about 45 minutes before leaving the area. We returned that afternoon (1430–1900) and obtained a series of 27 color slides of the bird; representative slides were subsequently verified and deposited in the Texas Photo-Record File as No. 404, a–d (Texas Cooperative Wildlife Collections, Texas A&M University, College Station, TX 77843). The jacana was still present at the site on October 11, 1982, when it was seen by Geth and Edmund White of Alpine, Texas. I do not know if the bird was seen after that date; it was not present during my next visit on October 18, 1982.

The small pond (90 m x 13 m) resulted from a low dam across Pena Creek and appeared to be several decades old. Cattails (Typha) bordered the open water, which was almost completely choked with a dense stand of pondweed (Potamogeton), forming a solid mat just below the surface. The jacana spent most of its time walking on the vegetation mat and feeding actively, presumably on aquatic insects. At one point, it captured, dispatched, and consumed a large dragonfly. The bird was wary and alert, flying to the center of the pond and calling loudly if approached too closely or disturbed. It would remain there, watchful for a while, before resuming feeding.

Marathon lies about equidistant—some 800 km—from resident Northern Jacana populations on the west coast in Sinaloa and on the east coast in southern Texas and Tamaulipas. It is less than half again as far from resident populations on the Mexican Plateau, southward in Guanajuato, Jalisco, and Michoacán. There are scattered inland Texas records, presumably from the eastern population, in Real (American Birds 34:177, 1980), Kerr (American Birds 40:492 and 1223, 1986), Uvalde, Bexar, Webb, and Victoria counties (Oberholser, H.C., The Bird Life of Texas, Vol. 1:306, 1974; University of Texas Press, Austin), though not in Mitchell County. An immature jacana was also noted upriver in the Rio Grande valley at Santa Ana National Wildlife Refuge, Hidalgo County, from November 10 to 30, 1982 (American Birds 37:200, 1983).

Of interest is a Pacific storm, Hurricane Paul, which crossed the Sinaloa coast in late September and tracked northeastward through the Trans-Pecos region of Texas on September 30, 1982—one week before I discovered the Brewster County bird. Additionally, many impoundments now stretch northward across the Mexican Plateau, from central Mexico through Durango and Chihuahua to the U.S. border. These impoundments, typically recharged during the summer-fall rainy season, seem to provide a northward pathway for several other waterbirds that are similarly common in the central highlands (S.O. Williams, unpubl. data). Because the Brewster County jacana could have arrived from any of these three geographic areas, I believe it is incorrect to assume automatically that it originated from the east coast population.

The recent (June 7, 1985 – January 3, 1986) appearance of an adult jacana near Nogales, Arizona (American Birds 39:946, 1985; 40:311, 1986), which followed the Brewster County sighting, represents only the second record for the southwestern United States. Its origin remains uncertain, as there is only one record from adjacent Sonora—a specimen labeled only Sonora, 1961 (S.M. Russell, pers. comm.)."
Jacana spinosa,"Waterfowl: Little information is available on the waterfowl of this area and other similar wetlands in northern Guatemala (sites 17 to 24). Species known or thought to be resident include Podilymbus podiceps, Phalacrocorax olivaceus, Tigrisoma mexicanum, WNycticorax nycticorax, Nyctanassa violacea, Cochlearius cochlearius, Butorides virescens, Egretta caerulea, E. tricolor, E. thula, E. alba, Agamia agami, Mycteria americana, Jabiru mycteria, Cairina moschata, Aramus guarauna, Aramides cajanea, Laterallus ruber, Porphyrula martinica, Fulica americana, Heliornis fulica, Eurypyga helias, Jacana spinosa, Charadrius collaris and Himantopus himantopus. Passage migrants and winter visitors include Ardea herodias, Dendrocygna autumnalis, Charadrius vociferus, Tringa solitaria, Actitis macularia and Larus atricilla.",31350971,,,Internet Archive,directoryofneotr86scot,"UNEP-WCMC, Cambridge",English,,Copyright Owner: IUCN Conservation Monitoring Centre,"Waterfowl: Little information is available on the waterfowl of this area and other similar wetlands in northern Guatemala (sites 17 to 24). Species known or thought to be resident include Podilymbus podiceps, Phalacrocorax olivaceus, Tigrisoma mexicanum, Nycticorax nycticorax, Nyctanassa violacea, Cochlearius cochlearius, Butorides virescens, Egretta caerulea, Egretta tricolor, Egretta thula, Egretta alba, Agamia agami, Mycteria americana, Jabiru mycteria, Cairina moschata, Aramus guarauna, Aramides cajanea, Laterallus ruber, Porphyrula martinica, Fulica americana, Heliornis fulica, Eurypyga helias, Jacana spinosa, Charadrius collaris, and Himantopus himantopus. Passage migrants and winter visitors include Ardea herodias, Dendrocygna autumnalis, Charadrius vociferus, Tringa solitaria, Actitis macularia, and Larus atricilla."
Jacana spinosa,"Site description: A vast delta marshland system with a maze of distributary channels of the Rio Usumacinta, Rio Grijalva, Rio San Pedro, Rio San Pablo and Rio Palizada, and numerous freshwater lagoons, swamps and seasonally inundated marshes. Along the coast there are tidal saline lagoons and beach ridges supporting semideciduous forest backed by extensive brackish lagoons and mangrove swamps. Inland, gallery forest along the rivers grades into the forests of the Chiapas highlands.",31351000,,,Internet Archive,directoryofneotr86scot,"UNEP-WCMC, Cambridge",English,,Copyright Owner: IUCN Conservation Monitoring Centre,"Site description: A vast delta marshland system with a maze of distributary channels of the Rio Usumacinta, Rio Grijalva, Rio San Pedro, Rio San Pablo, and Rio Palizada, as well as numerous freshwater lagoons, swamps, and seasonally inundated marshes. Along the coast, there are tidal saline lagoons and beach ridges supporting semi-deciduous forest, backed by extensive brackish lagoons and mangrove swamps. inland, gallery forests along the rivers grade into the forests of the Chiapas highlands."
Jacana spinosa,"Principal vegetation: The main habitats are: (1) beach communities with Sesuvium portulacastrum; (2) mangrove forests with Avicennia germinans, Laguncularia racemosa and Rhizophora mangle; (3) thickets of Conocarpus erectus and Hibiscus sp; (4) shrub marsh with Conocarpus erectus, Laguncularia racemosa, Hibiscus sp, Acrostichum sp and Annona glabra, (5) grass, sedge and forb marshes with Typha latifolia, Thalia geniculata, Sagittaria sp, Echinodorus sp, Cyperus spp, Cladium sp, Phragmites communis and Panicum sp; (6) lakes and ponds with Pistia stratiotes, Eichhornia crassipes, grasses and sedges; (7) brackish lagoons with Thalassia testudinum; (8) savannas with scattered palms Acrocomia mexicana and Brahea dulcis; and (9) gallery forest along streams and channels.",31351000,,,Internet Archive,directoryofneotr86scot,"UNEP-WCMC, Cambridge",English,,Copyright Owner: IUCN Conservation Monitoring Centre,"Principal vegetation: The main habitats are: beach communities with Sesuvium portulacastrum; mangrove forests with Avicennia germinans, Laguncularia racemosa, and Rhizophora mangle; thickets of Conocarpus erectus and Hibiscus species; shrub marshes with Conocarpus erectus, Laguncularia racemosa, Hibiscus species, Acrostichum species, and Annona glabra; grass, sedge, and forb marshes with Typha latifolia, Thalia geniculata, Sagittaria species, Echinodorus species, Cyperus species, Cladium species, Phragmites communis, and Panicum species; lakes and ponds with Pistia stratiotes, Eichhornia crassipes, grasses, and sedges; brackish lagoons with Thalassia testudinum; savannas with scattered palms such as Acrocomia mexicana and Brahea dulcis; and gallery forests along streams and channels."
Jacana spinosa,"Waterfowl: An extremely important breeding, passage and wintering area for a wide variety of waterfowl. In May 1977, Sprunt and Knoder estimated the total population of Ciconiiformes in the delta at 250,000, and located 50,000 breeding pairs in five major colonies. This constitutes the largest concentration of Ciconiiformes in Mexico. Censuses in 1971 and 1972 included up to 750 pairs of Phalacrocorax olivaceus, 3,140 Bubulcus ibis, 30,000 Egretta thula, 27,000 E. alba, 525 pairs of Ardea herodias, 15,000 pairs of Mycteria americana, 1,250 pairs of Eudocimus albus and 1,250 pairs of Ajaia ajaja. Counts of other common breeding species have included up to 500 Plegadis chihi, 47,000 Dendrocygna autumnalis, 1,500 Aramus guarauna and 2,950 Jacana spinosa. Breeding species occurring in much smaller numbers",31351000,,,Internet Archive,directoryofneotr86scot,"UNEP-WCMC, Cambridge",English,,Copyright Owner: IUCN Conservation Monitoring Centre,"Waterfowl: An extremely important breeding, passage, and wintering area for a wide variety of waterfowl. In May 1977, Sprunt and Knoder estimated the total population of Ciconiiformes in the delta at 250,000, with 50,000 breeding pairs in five major colonies. This constitutes the largest concentration of Ciconiiformes in Mexico. Censuses in 1971 and 1972 recorded up to 750 pairs of Phalacrocorax olivaceus, 3,140 Bubulcus ibis, 30,000 Egretta thula, 27,000 Egretta alba, 525 pairs of Ardea herodias, 15,000 pairs of Mycteria americana, 1,250 pairs of Eudocimus albus, and 1,250 pairs of Ajaia ajaja. Counts of other common breeding species included up to 500 Plegadis chihi, 47,000 Dendrocygna autumnalis, 1,500 Aramus guarauna, and 2,950 Jacana spinosa. Breeding species occurring in much smaller numbers."
Jacana spinosa,"Summary. The basic behavior pattern is for both sexes to share in all the duties of nesting. A nest is built, a variable number of eggs is laid, and the young are precocial. The Otidae show evolution in one direction, i.e., the female takes over the preponderant or total duties of incubating and rearing young, and the Turnices show it in the other direction in that the male assumes these responsibilities.",34046177,,,Internet Archive,parentalcareitse22kend,"University Library, University of Illinois Urbana Champaign",English,,In copyright.  Digitized with permission of the rights holder.  Contact digicc@library.illinois.edu for information.,"Summary. The basic behavior pattern is for both sexes to share all the duties of nesting. A nest is built, a variable number of eggs is laid, and the young are precocial. The Otidae show evolution in one direction, with females taking over the predominant or total duties of incubating and rearing the young. Conversely, the Turnices show evolution in the opposite direction, with males assuming these responsibilities."
Jacana spinosa,"Suborder: cHaRApRuU; Superfamily: JAcANOIDEA; Family: JACANIDAE. In Jacana spinosa, A. H. Miller (193lb) found the role of the sexes reversed to the extent that the female was decidedly active in courtship and the male performed most if not all of the incubation and care of the young. Sets usually consist of four eggs. According to Hoffmann (1949), the female Hydrophasianus chirurgus is polyandrous, laying seven to ten sets of four eggs per year. The male begins incubation with the first egg and performs these duties alone, and also the care of the young. He may raise two broods per season. Incubation lasts 22 to 24 days; the young are precocial and are tended by the male at least 2 weeks after leaving the nest. During 14 observation periods coming at various times of day, the male sat on the eggs only 52 per cent of the time, although on one cool rainy day this percentage was raised to 82. The female is vigorous in defense of the territory.",34046177,,,Internet Archive,parentalcareitse22kend,"University Library, University of Illinois Urbana Champaign",English,,In copyright.  Digitized with permission of the rights holder.  Contact digicc@library.illinois.edu for information.,"Suborder: Charadruu; Superfamily: Jacanoidea; Family: Jacanidae. In Jacana spinosa, A. H. Miller (1931b) found the role of the sexes reversed to the extent that the female was decidedly active in courtship, and the male performed most, if not all, of the incubation and care of the young. Sets usually consist of four eggs. According to Hoffmann (1949), the female Hydrophasianus chirurgus is polyandrous, laying seven to ten sets of four eggs per year. The male begins incubation with the first egg and performs these duties alone, as well as caring for the young. He may raise two broods per season. Incubation lasts 22 to 24 days; the young are precocial and are tended by the male for at least two weeks after leaving the nest. During 14 observation periods at various times of day, the male sat on the eggs only 52 percent of the time, although on one cool, rainy day, this percentage increased to 82. The female is vigorous in defense of the territory."
Jacana spinosa,"Family: HAEMATOPODIDAE. E. J. M. Buxton (1939) states that nest material continues to be added by the oyster-catcher, Haematopus ostralegus, after egg-laying starts. Webster (1941) found the eggs to be laid at intervals of 1 to 3 days. Keighley and Buxton (1948) found incubation to start usually with the last of a twoto four-egg set. They give the incubation period as 26 to 27 days, but in other species it may be shorter. Both sexes incubate; Buxton states that the male does so for shorter periods than the female. Webster believes that the adults change places every 12 hours at the time of low tide and that this regime continues as they care for the young. Webster found considerable brood-",34046177,,,Internet Archive,parentalcareitse22kend,"University Library, University of Illinois Urbana Champaign",English,,In copyright.  Digitized with permission of the rights holder.  Contact digicc@library.illinois.edu for information.,"Family: HAEMATOPODIDAE. E. J. M. Buxton (1939) states that nest material continues to be added by the oyster-catcher, Haematopus ostralegus, after egg-laying begins. Webster (1941) found that eggs are laid at intervals of 1 to 3 days. Keighley and Buxton (1948) observed that incubation usually starts with the last egg of a two- to four-egg clutch. They report the incubation period as 26 to 27 days, although it may be shorter in other species. Both sexes incubate; Buxton notes that the male incubates for shorter periods than the female. Webster believes that the adults take turns every 12 hours during low tide, and this pattern continues as they care for the young."
Jacana spinosa,"American Avocet and American Three-toed Woodpecker at Toronto. -An Avocet (Recurvirostra americana) was shot on the eastern sandbar, Toronto, by Mr. C. K. Rogers, September 19, 1901. The bird was noticed feeding among a flock of plovers. It proved to be a male, and is the second Toronto record, the first being of a bird taken about fifteen years ago.",15932458,19.0,1902.0,Internet Archive,auk191902amer,Smithsonian Libraries and Archives,English,,Public domain. The BHL considers that this work is no longer under copyright protection.,"American Avocet and American Three-toed Woodpecker in Toronto. An Avocet (Recurvirostra americana) was observed on the eastern sandbar in Toronto by Mr. C. K. Rogers on September 19, 1901. The bird was seen feeding among a flock of plovers. It was identified as a male and represents the second record of this species in Toronto, the first being a bird taken approximately fifteen years earlier."
Jacana spinosa,"The American Three-toed Woodpecker (Picotdes americanus) was shot on Wells Hill, Toronto, November 16, 1901. It was seen in the company of another, probably its mate. The bird is a male, and is now in my collection. This is the first recorded specimen from Toronto, and a most unexpected occurrence so far away from the Muskoka District, into which it comes occasionally in the winter from further north, but, unlike Picoides arcticus, which has been recorded a number of times from the vicinity of Toronto, it does not seem ever to leave the shelter of the forest, and once suited will stay all winter within a very limited area, in isolated pairs. -J . H. FLEMING, Toronto, Can.",15932458,19.0,1902.0,Internet Archive,auk191902amer,Smithsonian Libraries and Archives,English,,Public domain. The BHL considers that this work is no longer under copyright protection.,"The American Three-toed Woodpecker (Picodes americanus) was shot on Wells Hill, Toronto, November 16, 1901. It was seen in the company of another, probably its mate. The bird is a male and is now in my collection. This is the first recorded specimen from Toronto and a most unexpected occurrence so far from the Muskoka District, into which it occasionally comes in the winter from further north. Unlike Picoides arcticus, which has been recorded several times from the vicinity of Toronto, it does not seem to leave the shelter of the forest. Once settled, it stays all winter within a very limited area, in isolated pairs. -J. H. Fleming, Toronto, Canada"
Jacana spinosa,"Site description: The extensive largely seasonal marshes and floodplain of the Rio Polochic, with some small permanent fresh and brackish lakes; at the west end of Lago de Izabal. Principal vegetation: Lakes and marshes with Chara vulgaris, Ceratopteris pteridoides, Acrostichum daneaefolium, Azolla caroliniana, Salvinia auriculata, Nymphaea _ ampla, Utricularia foliosa, Jussiaea natans, Hymenocallis littoralis, Pistia stratiotes, Vallisneria",31350967,,,Internet Archive,directoryofneotr86scot,"UNEP-WCMC, Cambridge",English,,Copyright Owner: IUCN Conservation Monitoring Centre,"Site description: The extensive, largely seasonal marshes and floodplain of the Rio Polochic, with some small permanent freshwater and brackish lakes at the west end of Lago de Izabal. Principal vegetation includes lakes and marshes with Chara vulgaris, Ceratopteris pteridoides, Acrostichum daneaefolium, Azolla caroliniana, Salvinia auriculata, Nymphaea ampla, Utricularia foliosa, Jussiaea natans, Hymenocallis littoralis, Pistia stratiotes, and Vallisneria."
Jacana spinosa,"Site description: The largest lake in Guatemala; permanent, slightly brackish, up to 16m deep, and with fringing marshes along about 60 of the shoreline and some swamp forest. The water level fluctuates seasonally by about 0.9m. The lake is often influenced by strong winds from the northeast, particularly in the afternoons.",31350967,,,Internet Archive,directoryofneotr86scot,"UNEP-WCMC, Cambridge",English,,Copyright Owner: IUCN Conservation Monitoring Centre,"Site description: The largest lake in Guatemala; it is permanent, slightly brackish, up to 16 meters deep, and has fringing marshes along about 60% of the shoreline, as well as some swamp forest. The water level fluctuates seasonally by approximately 0.9 meters. The lake is often affected by strong northeast winds, especially in the afternoons."
Jacana spinosa,"VEGETATION: The life zone in the area is sub-tropical moist forest. The forest around the lake was removed many years ago, but there are still some small patches of secondary forest and a swampy area surrounds the lake completely, with some short vegetation on it. No inventory exists of the vegetation species that occur in the area. There are a few pools in the lake free of aquatic vegetation; the majority of the lake is covered by a species of grass and water hyacinth.",31460457,,,Internet Archive,iucndirectoryofn82iucn,"UNEP-WCMC, Cambridge",English,,Copyright owner:,"Vegetation: The life zone in the area is subtropical moist forest. The forest around the lake was removed many years ago, but there are still some small patches of secondary forest, and a swampy area completely surrounds the lake, with some short vegetation present. No inventory exists of the vegetation species that occur in the area. There are a few pools in the lake free of aquatic vegetation; however, the majority of the lake is covered by grass species and water hyacinth."
Jacana spinosa,"DISTURBANCES OR DEFICIENCIES: The major problem is that the small tributaries of the lake carry pesticides used in the surrounding cotton plantations. Living around the lake are 300 families, 120 of those living from the daily fish they catch. These fishermen are allowed to use the lake, but with some regulations specifically made for them.",31460457,,,Internet Archive,iucndirectoryofn82iucn,"UNEP-WCMC, Cambridge",English,,Copyright owner:,"Disturbances or deficiencies: The main issue is that the small tributaries of the lake carry pesticides used in the surrounding cotton plantations. Around the lake, there are 300 families, 120 of whom rely on daily fishing for their livelihood. These fishermen are permitted to use the lake, but under specific regulations."
Jacana spinosa,"Other fauna: There are commercially important populations of clams, and the area is an important nursery ground for commercially important fishes and shrimps harvested in the Golfo de Fonseca. Large numbers of the sea turtle Lepidochelys olivacea nest on the beaches, and there are small populations of Crocodylus acutus and Caiman crocodilus fuscus.",31350979,,,Internet Archive,directoryofneotr86scot,"UNEP-WCMC, Cambridge",English,,Copyright Owner: IUCN Conservation Monitoring Centre,"Other fauna: There are commercially important populations of clams, and the area serves as a vital nursery ground for commercially valuable fish and shrimp species harvested in the Golfo de Fonseca. Large numbers of the sea turtle Lepidochelys olivacea nest on the beaches, and small populations of Crocodylus acutus and Caiman crocodilus fuscus are present."
Jacana spinosa,Site description: A large permanent freshwater lake and marshes in the mountains of western Honduras; the only large freshwater lake in the interior of the country. The maximum depth is 30m; the level fluctuates seasonally by about 3m and reaches its highest in winter and spring. A canal and several diversion dams have enlarged the catchment area of the lake.,31350979,,,Internet Archive,directoryofneotr86scot,"UNEP-WCMC, Cambridge",English,,Copyright Owner: IUCN Conservation Monitoring Centre,"Site description: A large permanent freshwater lake and marshes in the mountains of western Honduras; the only large freshwater lake in the interior of the country. The maximum depth is 30 meters; the water level fluctuates seasonally by about 3 meters, reaching its highest in winter and spring. A canal and several diversion dams have expanded the catchment area of the lake."
Jacana spinosa,"Research and conservation: DIGERENARE has conducted limnological studies, and G.A. Cruz is conducting research on the vegetation and on the population of Micropterus salmoides. A zoning plan detailing agricultural, touristic, urban and protected areas has been prepared for the Multiple Use Area, but this has not as yet been fully implemented.",31350979,,,Internet Archive,directoryofneotr86scot,"UNEP-WCMC, Cambridge",English,,Copyright Owner: IUCN Conservation Monitoring Centre,"Research and conservation: DIGERENARE has conducted limnological studies, and G.A. Cruz is researching the vegetation and the population of Micropterus salmoides. A zoning plan outlining agricultural, touristic, urban, and protected areas has been prepared for the Multiple Use Area, but it has not yet been fully implemented."
Jacana spinosa,"XIV, 1 Shufeldt: Osteology of Porphyrio 101 two toes, though thin and flattened, they are no wider than the joint next behind them in the case of either toe; this is also characteristic of the American grebes. NOTE ON THE SKELETON OF HYDROPHASIANUS CHIRURGUS (SCOPOLI) Hydrophasiamis possesses no special osteological characters not found in any typical jacana; as, for example, in Jacana spinosa (Linngeus), the Mexican jacana. This is what we would look for, in as much as it is but a good average representative of the Jacanidse of the world s avifauna. Its skull is to some considerable extent pneumatic, including the mandible, while no other part of the skeleton enjoys that condition. There is an unusual resemblance in its skull to some of the sandpipers, and, to a slighter degree, this is likewise to be observed in the remainder of the skeleton; though this does not apply, to be sure, to the greatly lengthened digits of pes. The sternum is somewhat narrow and elongate, being profoundly once-notched on either side, which gives rise to long, slender xiphoidal processes, and a rather broadish midxiphoidal part with slightly projecting outer angles. As the skeleton of this species has probably not been heretofore flgured and certainly not from a photograph made direct from the dried skeleton I am here giving such a plate, which I personally prepared from the skeleton forwarded me by Mr. Richard C. McGregor, and which now forms a part of the collection of bird skeletons in the United States National Museum.",51388936,,,Internet Archive,philippinejourn141919phil,Smithsonian Libraries and Archives,English,,Not in copyright. The BHL knows of no copyright restrictions on this item.,"Shufeldt: Osteology of Porphyrio

Two toes, though thin and flattened, are no wider than the joint behind them in either toe; this is also characteristic of the American grebes. 

Note on the skeleton of Hydrophasianus chirurgus (Scopoli): Hydrophasianus possesses no special osteological features not found in any typical jacana, such as Jacana spinosa (Linnaeus), the Mexican jacana. This species is a good average representative of the Jacanidae family in the world's avifauna. Its skull is to some extent pneumatic, including the mandible, while no other part of the skeleton exhibits this condition. There is an unusual resemblance in its skull to some sandpipers, and to a lesser degree, this similarity can also be observed in the rest of the skeleton; however, this does not apply to the greatly lengthened digits of the pes.

The sternum is somewhat narrow and elongated, with a deep, single notch on each side, giving rise to long, slender xiphoidal processes. It also has a rather broad midxiphoidal part with slightly projecting outer angles. Since the skeleton of this species has probably not been previously illustrated and certainly not from a photograph taken directly of the dried skeleton, I am providing such an illustration here. I personally prepared it from the skeleton forwarded to me by Mr. Richard C. McGregor. This skeleton now forms part of the collection of bird skeletons in the United States National Museum."
Jacana spinosa,"The examination of a series of forty-six adult specimens of Jacana spinosa, brought together in order to determine the status of the bird of the Isle of Pines, shows conclusively that the sexes differ materially from each other in size, and also to a less extent in color. But unlike most birds, these differences are all in favor of the female, which is decidedly larger and somewhat more brightly colored than the male, and with a larger frontal lappet. The three exceptions to this rule in the series before me are unquestionably wrongly sexed specimens. So far as I have been able to discover, Gundlach (Ornitologia Cubana, 1895, 237) was apparently the first author to note this fact, which is confirmed by Sharpe (Catalogue Birds British Museum, XXIV, 1896, 87) and Salvin and Godman (Biologia Centrali-A mericana, Aves, III, 1903, 343). There is no sexual difference affecting the color of the inner secondaries, however, as intimated by the former author. These sexual differences must constantly be kept in mind when comparing birds for geographic variation, else confusion is bound to ensue, as was evidently the case with Mr. Elliot (Auk, V, 1888, 299) and with Baird, Brewer Ridgway (Water Birds of North America, I, 1884, 177), who must have been dealing with incorrectly sexed specimens, and could find no differences correlated with locality. With the material before me, however, I find no difficulty in recognizing no",9967652,10.0,1916.0,Internet Archive,annalsofcarnegie10carn,MBLWHOI Library,English,,NOT_IN_COPYRIGHT,"The examination of a series of forty-six adult specimens of Jacana spinosa, collected to determine the status of the bird of the Isle of Pines, conclusively shows that the sexes differ significantly in size and, to a lesser extent, in color. Unlike most birds, these differences favor the female, which is decidedly larger, somewhat more brightly colored, and has a larger frontal lappet than the male. The three exceptions to this pattern in the series are undoubtedly incorrectly sexed specimens. 

So far as I have been able to discover, Gundlach was apparently the first to note this fact, as mentioned in his ""Ornitologia Cubana"" (1895). This observation is confirmed by Sharpe in the ""Catalogue of Birds in the British Museum"" (XXIV, 1896) and by Salvin and Godman in ""Biologia Centrali-Americana, Aves"" (III, 1903). There is no sexual difference affecting the color of the inner secondaries, as also indicated by Gundlach. 

These sexual differences must be kept in mind when comparing birds for geographic variation, to avoid confusion. This was evidently the case with Mr. Elliot, who failed to recognize these differences, and with Baird, Brewer, and Ridgway in ""Water Birds of North America,"" who likely dealt with incorrectly sexed specimens and found no differences related to locality. With the material before me, I find no difficulty in recognizing the sexes accurately."
Jacana spinosa,"Altitude -In Piaya cayana and Crotophaga ani both flight muscles and pectoralis plus supracoracoideus were relatively heavier in highaltitude birds (4,300 ft.) than in these species collected on the Rio Chagres. Likewise the pectoralis plus the supracoracoideus were heavier in Pteroglossus franteti (collected at 4,300 ft.) than in Pteroglossus torquatus obtained on the Rio Chagres.",24733125,143.0,1961.0,Internet Archive,smithsonianmisce14319611962smit,Smithsonian Libraries and Archives,English,,Public domain. The BHL considers that this work is no longer under copyright protection.,"Altitude—In Piaya cayana and Crotophaga ani, both flight muscles and pectoralis plus supracoracoideus were relatively heavier in high-altitude birds (4,300 ft.) than in those collected from the Rio Chagres. Similarly, the pectoralis plus supracoracoideus were heavier in Pteroglossus franteti (collected at 4,300 ft.) than in Pteroglossus torquatus obtained from the Rio Chagres."
Jacana spinosa,"100 NORTH AMERICAN SHOREBIRDS. frazari for about a thousand miles from Ventura County, Calif., to Abreojos Point, Lower California (Kaeding). Black Oyster-catcher. Hxmatopus bachmani Aud. The coast of western North America is the home of the black oyster-catcher, and it breeds locally throughout its range from Abreojos Point, Lower California (Kaeding), north to Prince William Sound, Alaska (Grinnell), and west to Attu Island (Turner) at the western end of the Aleutian chain. Jt winters from the coast of southern British Columbia (Fannin) southward. The short migration is performed during May, and the eggs are deposited at the northern end of the range from the middle to the latter part of June. This is also the time at which eggs are most commonly found at the extreme southern end of the summer home. Downy young were taken June 17, 1900, on Queen Charlotte Islands, British Columbia (Osgood). Stone Curlew. Cdicnemus bistriatus (Wagler). The stone curlew is somewhat generally distributed throughout the lower portions of Central America from Panama to southern Mexico, and also ranges into South America north of the Amazon. It is nonmigratory. Mexican Jacana. Jacana spinosa (Linn.). The Mexican jacana was described originally from Cartagena, Colombia, and as that remains still the only record for the country, the ascription to this locality was probably an error. The species is known from Divala, Panama (Bangs), and thence north on the Pacific side to Mazatlan, Mexico (Lawrence), and on the Gulf side to the mouth of the Rio Grande (Merrill). It is recorded from Porto Rico (Gundlach), Haiti (Ritter), Jamaica (Denny), and Cuba (Vigors)-rare in the first three and common in Cuba. One was taken October, 1899, at Lake Okeechobee, Florida (Mearns)-first record for the State. The species is resident throughout its regular range and breeds for about half the year from March to September. Black Jacana. Jacana nigra (Gmeél.). The black jacana is a nonmigratory species inhabiting northern South America and occurring in southern Panama. Colombian Jacana. Jacana melanopygia (Sclater). A nonmigratory South American species found principally in Colombia, but extending north to Panama. "" ADDITIONAL COPIES of this publication may be procured from the SUPERINTENDENT oF DocuMENTS, Government Printing Office, Washington, D. C., at 15 cents per copy",37280961,,,Internet Archive,cu31924022527794,Cornell University Library,English,,Public domain. The BHL considers that this work is no longer under copyright protection.,"100 North American Shorebirds. Frazari for about a thousand miles from Ventura County, California, to Abreojos Point, Lower California. Black Oyster-catcher. Hxmatopus bachmani Aud. The coast of western North America is the home of the black oyster-catcher, and it breeds locally throughout its range from Abreojos Point, Lower California, north to Prince William Sound, Alaska, and west to Attu Island at the western end of the Aleutian chain. It winters from the coast of southern British Columbia southward. The short migration is performed during May, and the eggs are deposited at the northern end of the range from the middle to the latter part of June. This is also the time at which eggs are most commonly found at the extreme southern end of the summer home. Downy young were taken June 17, 1900, on Queen Charlotte Islands, British Columbia. Stone Curlew. Cdicnemus bistriatus (Wagler). The stone curlew is somewhat generally distributed throughout the lower portions of Central America from Panama to southern Mexico, and also ranges into South America north of the Amazon. It is nonmigratory. Mexican Jacana. Jacana spinosa (Linn.). The Mexican jacana was originally described from Cartagena, Colombia, and as that remains the only record for the country, the attribution to this locality was probably an error. The species is known from Divala, Panama, and thence north on the Pacific side to Mazatlan, Mexico, and on the Gulf side to the mouth of the Rio Grande. It is recorded from Puerto Rico, Haiti, Jamaica, and Cuba—rare in the first three and common in Cuba. One was taken in October 1899 at Lake Okeechobee, Florida—first record for the state. The species is resident throughout its regular range and breeds from March to September. Black Jacana. Jacana nigra (Gmeél). The black jacana is a nonmigratory species inhabiting northern South America and occurring in southern Panama. Colombian Jacana. Jacana melanopygia (Sclater). A nonmigratory South American species found principally in Colombia but extending north to Panama. 

Additional copies of this publication may be procured from the Superintendent of Documents, Government Printing Office, Washington, D.C., at 15 cents per copy."
Jacana spinosa,"Distribution.Breeds from southeastern British Columbia, central Alberta, southern Saskatchewan, southwestern Manitoba, southwestern Ontario and Minnesota south locally to southern California, central Nevada, northern Utah, southcentral Colorado, southern New Mexico and San Luis Potosi, and east to central Kansas and coastal Texas; also one breeding record for North Carolina (Pea Island, 1968). Formerly bred north to southern Mackenzie. Nonbreeding individuals frequently summer in the wintering range.",34735390,,,Internet Archive,checklistofnorth1983amer,American Museum of Natural History Library,English,https://biodiversitylibrary.org/permissions,In copyright. Digitized with the permission of the rights holder.,"Distribution: Breeds in southeastern British Columbia, central Alberta, southern Saskatchewan, southwestern Manitoba, southwestern Ontario, and Minnesota. It extends south locally to southern California, central Nevada, northern Utah, south-central Colorado, southern New Mexico, and San Luis Potosí, and east to central Kansas and coastal Texas. There is also a breeding record for North Carolina (Pea Island, 1968). The species formerly bred as far north as southern Mackenzie. Non-breeding individuals frequently summer within the wintering range."
Jacana spinosa,"Local Names of Migratory Game Birds. 7S 287. Black Oyster-catcher (Haematopus bachmani). Range.-Pacific coast of North America. Breeds from Prince William Sound, Alaska, west throughout Aleutian Islands and south to central Lower California; winters from southern British Columbia to Lower California. Vernacular names.-Black snipe (Oreg.); oyster-catcher (Wash.); redbill, sea-parrot (Bee)): Book names.-Bachman s oyster-catcher, huitrier noir (black oysterer), Townsend s oyster-catcher. Famity JACANIDAE: Jacanas., 288. Mexican Jacana (Jacana spinosa). Range.-Rio Grande Valley, Texas, southern Florida, and the Greater Antilles to Mazatlan, Mexico and Panama. Names.Vernacular names: Jacana, Jesus Christ bird (Tex.). Book names: Armed sandpiper, vanneau armé de la Louisiane (Louisiana armed lapwing). Order COLUMBAE: Pigeons and Doves. Famiry COLUMBIDAE: PIGEONS anp Doves. 312. Band-tailed Pigeon (Columba fasciata). Range.-Transition zone from southwestern British Columbia, western Washington, western Oregon, northern Utah, and north central Colorado south through southwestern United States and Mexico to Nicaragua, and east to western Texas; winters from southwestern United States southward. Vernacular names.-Blue pigeon (Calif.); blue-rock (Calif., Ariz., N. Mex.); mountain pigeon (Calif.); pigeon (B. C.); wild pigeon (Wash., Oreg., Calif., Tex.). Book name.-White-collared pigeon. Common Pigeon (Columba livia). Range.-Europe, northwest Africa, central and southern Asia; this species is the original stock of many varieties of domestic pigeons and has become naturalized in most cities of the United States and to some extent in rural regions. Names.-In the United States these birds usually are calied pigeons, sometimes doves; in Great Britain the ordinary name is rock dove, but blue dove, rock pigeon, and wild pigeon also are used; in France the bird is called colombe biset and pigeon biset, meaning plain dove or pigeon. 313. Red-billed Pigeon (Columba flavirostris). Range.-Lower Rio Grande Valley south through Mexico (both coasts) and central America to Costa Rica. Names.-Blue-rock (Tex.); red-billed dove (book). 314. White-crowned Pigeon (Colwmba leucocephala). Range.-Southern Keys of Florida, the Bahamas, Greater Antilles, some of the Lesser Antilles, Yucatan, and coast of Honduras. Book names.-Colombe 4 calotte blanche (white-capped pigeon), white-headed pigeon. 316. Mourning Dove (Zenaidura macroura). Range.-North America. Breeds chiefly in Sonoran and Lower Transition Zones from British Columbia, Saskatchewan, Manitoba, Ontario, and southern Nova Scotia south throughout the United States and Mexico, and locally in Lower California and Guatemala; winters from southern Oregon, southern Colorado, the Ohio Valley, and North Carolina to Panama; casual in winter in the Middle States. VERNACULAR NAMES. In general use.-Dove, mourning dove, turtle dove. In local use.-Blue dove (Ga.); cooing dove (Mich., Calif.); long-tailed dove (R. I.); old-field dove (Ga.); rain dove (Calif.); tourterelle (often shortened to tourt, turtle dove) (La.); wild dove (Pa., Va., Calif.); wild pigeon (Long Id., N. Y., Pa., Man., Wash.); wood dove (Fla.). Geographic index.-Calif., cooing dove, rain dove, wild dove; Fla., wood dove; Ga., blue dove, old-field dove; La., tourterelle; Man., wild pigeon; Mich., cooing dove; N. Y., wild pigeon; Pa., wild dove, wild pigeon; FR. J., long-tailed dove; Va., wild dove; Wash., wild pigeon.",41996431,,,Internet Archive,localnamesofmigr13mcat,"U.S. Department of Agriculture, National Agricultural Library",English,,The contributing institution believes that this item is not in copyright,"Here is the cleaned and corrected version of your text:

---

**Local Names of Migratory Game Birds**

**Black Oyster-catcher (Haematopus bachmani)**  
Range: Pacific coast of North America. Breeds from Prince William Sound, Alaska, west throughout the Aleutian Islands and south to central Lower California; winters from southern British Columbia to Lower California.  
Vernacular names: Black snipe (Oregon); oyster-catcher (Washington); redbill, sea-parrot.  
Book names: Bachman’s oyster-catcher, huitrier noir (black oysterer), Townsend’s oyster-catcher.  
Family: JACANIDAE

**Mexican Jacana (Jacana spinosa)**  
Range: Rio Grande Valley, Texas; southern Florida; the Greater Antilles to Mazatlan, Mexico, and Panama.  
Vernacular names: Jacana, Jesus Christ bird (Texas).  
Book names: Armed sandpiper, vanneau armé de la Louisiane (Louisiana armed lapwing).  
Order: COLUMBAE

**Pigeons and Doves**  
Family: COLUMBIDAE

**Band-tailed Pigeon (Columba fasciata)**  
Range: Transition zone from southwestern British Columbia, western Washington, western Oregon, northern Utah, and north-central Colorado south through southwestern United States and Mexico to Nicaragua; east to western Texas. Winters from southwestern United States southward.  
Vernacular names: Blue pigeon (California); blue-rock (California, Arizona, New Mexico); mountain pigeon (California); pigeon (British Columbia); wild pigeon (Washington, Oregon, California, Texas).  
Book name: White-collared pigeon

**Common Pigeon (Columba livia)**  
Range: Europe, northwest Africa, central and southern Asia. This species is the original stock of many domestic pigeon varieties and has become naturalized in most cities of the United States and to some extent in rural regions.  
Names: In the United States, these birds are usually called pigeons, sometimes doves. In Great Britain, the common name is rock dove, but blue dove, rock pigeon, and wild pigeon are also used. In France, the bird is called colombe biset and pigeon biset, meaning plain dove or pigeon.

**Red-billed Pigeon (Columba flavirostris)**  
Range: Lower Rio Grande Valley south through Mexico (both coasts) and Central America to Costa Rica.  
Names: Blue-rock (Texas); red-billed dove.

**White-crowned Pigeon (Columba leucocephala)**  
Range: Southern Keys of Florida, the Bahamas, Greater Antilles, some of the Lesser Antilles, Yucatán, and the coast of Honduras.  
Book names: Colombe à calotte blanche (white-capped pigeon), white-headed pigeon.

**Mourning Dove (Zenaida macroura)**  
Range: North America. Breeds chiefly in Sonoran and Lower Transition Zones from British Columbia, Saskatchewan, Manitoba, Ontario, and southern Nova Scotia south throughout the United States and Mexico, and locally in Lower California and Guatemala. Winters from southern Oregon, southern Colorado, the Ohio Valley, and North Carolina to Panama; casual in winter in the Middle States.  
Vernacular names:  
- In general use: dove, mourning dove, turtle dove.  
- In local use: blue dove (Georgia); cooing dove (Michigan, California); long-tailed dove (Rhode Island); old-field dove (Georgia); rain dove (California); tourterelle (often shortened to tourt, turtle dove) (Louisiana); wild dove (Pennsylvania, Virginia, California); wild pigeon (Long Island, New York, Pennsylvania, Manitoba, Washington); wood dove (Florida).  
Geographic index: California—cooing dove, rain dove, wild dove; Florida—wood dove; Georgia—blue dove, old-field dove; Louisiana—tourterelle; Manitoba—wild pigeon; Michigan—cooing dove; New York—wild pigeon; Pennsylvania—wild dove, wild pigeon; France—long-tailed dove; Virginia—wild dove; Washington—wild pigeon.

---

Let me know if you'd like any further adjustments!"
Jacana spinosa,"264 THE WILSON BULLETIN Vol. Ill, No. 2, June 1999 back (del Hoyo et al. 1996:535-536). The cornaceous flaps covering the nostrils of the Thinocopridae Thinocorus spp., Attagis gayi) appear to be placed at the base of the bill also (del Hoyo et al. 1996:539-543). It appears that basal placement of the nostrils is ancestral in the group and that forward displacement in jacanas is a derived character. We cannot assert that breathing while submerged was an important selective force in the forward displacement of jacana nostrils, but their current position should facilitate it. Young of jacanas are known to avoid predators or aggressive conspecifics by taking to water and snorkeling behavior is shared with other species. The chicks of the Northern Jacana, which is considered to form a superspecies with the Wattled Jacana (del Hoyo et al. 1996), have been reported to swim (Gilliard 1967), to hide in the water (Stephens 1984a), and to submerge with only their bills and the tops of their heads showing above the surface (Miller 1931). The hiding behavior of young Pheasent-tailed Jacanas Hydrophasianus chirurgus) from India and Asia seems similar; chicks may freeze while hiding under a leaf or even while completely submerged except for the bill (Johnsgard 1981:40). The chicks, and sometimes even the adults, of the Lesser Jacana Microparra capensis) of Africa are also known to submerge with only their bills out of the water (Maclean 1972). Since snorkeling seems to be accompanied by anatomical adaptations, it is likely that those species have forward displaced nostrils also. In fact, this seems to be the case in the Northern (del Hoyo et al. 1996:277) and Pheasent-tailed Jacana (drawing in del Hoyo et al. 1996:288). For the Lesser Jacana it is difficult to judge from available pictures. Other species of jacana for which we do not have information on snorkeling behavior also have nostrils placed in forward position along the bill, most notably the AWcan Jacana (Actophilornis africanus-, del Hoyo et al. 1996:281). A broader survey would be necessary to establish if snorkeling and forward placement of the nostrils is shared by all species of the family. In similar aquatic habitats in the central Llanos of Venezuela, the young of at least three other species swim or dive, although adults do not: the altricial nestlings of Hoatzins (Opisthocomus hoazin-, Strahl 1987) and Greater Anis Crotophaga major, Lau et al., in press) jump from their nest and swim or dive in the water below; the precocial chicks of Purple Gallinules Porphirula martinica) dive when threatened (Zaida Tarano, pers. comm.). Interestingly, the latter and congeneric P. flavirostris have nostrils displaced forward along the bill (pers. obs.). ACKNOWLEDGMENTS We gratefully acknowledge Dr. I. D. Maldonado for his hospitality and permission to work at Hato El Erio. M. Lentino, curator of the Phelps Ornithological Museum, allowed us to measure specimens and made helpful suggestions. I. Carreno helped measure specimens. Reviewers and editorial staff of The Wilson Bulletin improved the manuscript. LITERATURE CITED Betts, B. J. and D. A. Jenni. 1991. Time budgets and the adaptaviness of polyandry in Northern Jacanas. Wilson Bull. 103:578-597. del Hoyo, J., A. Elliot, and J. Sargatal (Eds.). 1996. Handbook of the birds of the world. Vol. 3. Lynx Editions, Barcelona, Spain. Gilliard, E. T. 1967. Living birds of the world. Doubleday Company, Inc., Garden City, New York. Jenni, D. A. 1974. Evolution of polyandry in birds. Am. Zool. 14:129-144. Jenni, D. A. and G. Collier. 1972. Polyandry in the American Jacana Jacana spinosa). Auk 89:743765. Johnsgard, P. A. 1981. The plovers, sandpipers and snipes of the world. Univ. of Nebraska, Lincoln. Lau, P. a., C. Bosque, and S. Strahl. In press. Nest predation in relation to nest placement in the Greater Ani Crotophaga major). Ornitol. Neotrop. In press. Maclean, G. 1972. Waders of waterside vegetation. African Wildl. 26:163-167. Martin, T. E. 1992. Interaction of nest predation and food limitation in reproductive strategies. Curr. Ornithol. 9:163-197. Meyer De Schauensee, R. and W. H. Phelps, Jr. 1978. A guide to the birds of Venezuela. Princeton Univ. Press, Princeton, New Jersey. Miller, A. H. 1931. Observations on the incubation and the care of the young in the jacana. Condor 33:32-33. Osborne, D. R. 1982. Replacement nesting and polyandry in the Wattled Jacana. Wilson Bull. 94:206208. Osborne, D. R. and G. R. Bourne. 1977. Breeding behavior and food habits of the Wattled Jacana. Condor 79:98-105. Rickleffs, R. E. 1969. An analysis of nesting mortality in birds. Smithson. Contrib. Zool. 9:1-48.",53462062,111.0,1999.0,Internet Archive,wilsonbulletin1111wils,"Harvard University, Museum of Comparative Zoology, Ernst Mayr Library",English,https://biodiversitylibrary.org/permissions,In copyright. Digitized with the permission of the rights holder.,"Here is the cleaned and corrected version of your text:

---

264 THE WILSON BULLETIN Vol. III, No. 2, June 1999

The cornaceous flaps covering the nostrils of the Thinocopridae (Thinocorus spp., Attagis gayi) appear to be placed at the base of the bill. It seems that the basal placement of the nostrils is ancestral in the group, and that forward displacement in jacanas is a derived character. While we cannot confirm that breathing while submerged was a significant selective force in the forward displacement of jacana nostrils, their current position should facilitate it.

Young jacanas are known to avoid predators or aggressive conspecifics by taking to the water, and snorkeling behavior is shared with other species. The chicks of the Northern Jacana, which is considered to form a superspecies with the Wattled Jacana, have been reported to swim, hide in the water, and submerge with only their bills and the tops of their heads showing above the surface. The hiding behavior of young Pheasent-tailed Jacanas (Hydrophasianus chirurgus) from India and Asia appears similar; chicks may freeze while hiding under a leaf or even while completely submerged except for the bill. The chicks, and sometimes even the adults, of the Lesser Jacana (Microparra capensis) of Africa are also known to submerge with only their bills out of the water.

Since snorkeling seems to be accompanied by anatomical adaptations, it is likely that these species also have forward-displaced nostrils. In fact, this appears to be the case in the Northern and Pheasent-tailed Jacanas. For the Lesser Jacana, it is difficult to judge from available pictures. Other species of jacana for which we lack information on snorkeling behavior also have nostrils placed forward along the bill, most notably the African Jacana (Actophilornis africanus). A broader survey would be necessary to determine if snorkeling and forward placement of the nostrils are shared by all species of the family.

In similar aquatic habitats in the central Llanos of Venezuela, the young of at least three other species swim or dive, although adults do not. The altricial nestlings of Hoatzins (Opisthocomus hoazin) and Greater Anis (Crotophaga major) jump from their nests and swim or dive in the water below. The precocial chicks of Purple Gallinules (Porphyrula martinica) dive when threatened. Interestingly, the latter and the congeneric P. flavirostris have nostrils displaced forward along the bill.

**Acknowledgments**  
We gratefully acknowledge Dr. I. D. Maldonado for his hospitality and permission to work at Hato El Erio. M. Lentino, curator of the Phelps Ornithological Museum, allowed us to measure specimens and provided helpful suggestions. I. Carreno assisted with measurements. Reviewers and the editorial staff of *The Wilson Bulletin* improved the manuscript.

**Literature Cited**  
Betts, B. J., and D. A. Jenni. 1991. Time budgets and the adaptiveness of polyandry in Northern Jacanas. *Wilson Bulletin* 103:578–597.  
del Hoyo, J., A. Elliot, and J. Sargatal (Eds.). 1996. *Handbook of the Birds of the World*, Vol. 3. Lynx Editions, Barcelona, Spain.  
Gilliard, E. T. 1967. *Living Birds of the World*. Doubleday.  
Jenni, D. A. 1974. Evolution of polyandry in birds. *American Zoologist* 14:129–144.  
Jenni, D. A., and G. Collier. 1972. Polyandry in the American Jacana (*Jacana spinosa*). *The Auk* 89:743–765.  
Johnsgard, P. A. 1981. *The Ploovers, Sandpipers, and Snipes of the World*. University of Nebraska Press.  
Lau, P. A., C. Bosque, and S. Strahl. In press. Nest predation in relation to nest placement in the Greater Ani (*Crotophaga major*). *Ornithological Neotropics*.  
Maclean, G. 1972. Waders of waterside vegetation. *African Wildlife* 26:163–167.  
Martin, T. E. 1992. Interaction of nest predation and food limitation in reproductive strategies. *Current Ornithology* 9:163–197.  
Meyer de Schauensee, R., and W. H. Phelps, Jr. 1978. *A Guide to the Birds of Venezuela*. Princeton University Press.  
Miller, A. H. 1931. Observations on the incubation and care of the young in the jacana. *Condor* 33:32–33.  
Osborne, D. R. 1982. Replacement nesting and polyandry in the Wattled Jacana. *Wilson Bulletin* 94:206–208.  
Osborne, D. R., and G. R. Bourne. 1977. Breeding behavior and food habits of the Wattled Jacana. *The Condor* 79:98–105.  
Rickleffs, R. E. 1969. An analysis of nesting mortality in birds. *Smithsonian Contributions to Zoology* 9:1–48.

---

Let me know if you need further revisions!"
Jacana spinosa,"104 WILSON BULLETIN June, 1949 Vol. 61, No.2 Through the kindness of Madame G. Duprat, librarian of the Museum National, I have been able to examine at length these drawings and, with the help of Mr. J. Berlioz, curator of the ornithological department of the same institution, I succeeded in identifying most of the birds figured. Most of the drawings are water-colors probably made in France after the field-sketches preserved in a second volume (Ms 29) and bearing numerous notations on the color of the plumage and soft parts of the birds. Other drawings are exact pen and ink replicas of the original sketches. Some of the birds are unusually lively, e.g. the Green Heron of the plate 87 here reproduced, and suggest that they were sketched from life. A few plates are very careful anatomical drawings, e.g. plates 91 to 93, while a lot are mere stuffed pictures, probably drawn from dead birds. A few birds cannot be identified, the sketches being unfinished or lacking in precision. Also, some birds pictured are unquestionably composite ones (plates 71 and 94), drawn from memory or after freakish descriptions of some settlers. A good deal of these drawings are completed by manuscript notes giving vernacular (French and Carib) names and some peculiarities of the birds pictured. The following 68 species may be easily identified. Colymhus dominicus (pi. 59) Podilymhus podiceps (pi. 60) Pnffinus Iherminieri (pi. 27), with egg. Pha'ethon aethcreiis (pi. 34, 35). Plumier notes that this bird was observed by him apud insulam iMartinicanam . Pelecanus occidentalis (pi. 91 to 93) Fregata magnificens (pi. 7 and 36). Plumier observed this bird forcing boobies to disgorge fish. Casmerodius albus (pi. 80 and 85) Florida caendea (pi. 77 and 78). Plumier figures the adult and the immature birds. Butorides virescens (pi. 83 and 87) Nycianassa violacea (pi. 81 and 86) Ixobrychus exilis (pi. 84) Plegadis falcinellus (pi. 75) Guar a alba (pi. 76). Ajaia ajaja (pi. 95) Plioenicopterus ruber (pi. 96) Buteogallus anthracinus (pi. 4), seen by Plumier in L'nion Island, Grenadines. Falco sparverius (pi. 5 and 6) Aramus guarauna (pi. 82) Porphyrula martinica (pi. 65 and 66) Gallinula chloropus cerceris (pi. 69 and 70) Fulica caribaea (pi. 68) Jacana spinosa (pi. 73 and 74) Haematopus ostralegus (pi. 88). In his notes, Plumier describes the peculiar feeding behavior of this bird. He said he never observed it elsewhere than in the Grenadines. Charadrius vociferus (pi. 63) Capella gallinago (pi. 61) Totanus melanoleucus (pi. 90) Erolia minutilla (pi. 65) Himantopus himatiiopus (pi. 89) Larus airicilla (pi. 30) Sterna dougallii (pi. 31 and 32) Sterna fuscata (pi. 28). Plumier figures the egg and describes the nest. He said that an important nesting colony was then located at Le diamant (Diamond Rock) near Martinique. James Bond suggests that this may be S. anaethetus. Editor Anoiis stolidus (pi. 29) Columba squamosa (pi. 23) Coliimbigallina passerina (pi. 25) Oreopeleia ciirysia ipL 24) Coccyzus minor (pi. 14). Said to exist in St. Domingue and Tortuge Island. Saurotliera longirostris (pi. 12 and 13). Said to be common at St. Domingue.",52151950,61.0,1949.0,Internet Archive,wilsonbulletin6119wils,"Harvard University, Museum of Comparative Zoology, Ernst Mayr Library",English,https://biodiversitylibrary.org/permissions,In copyright. Digitized with the permission of the rights holder.,"Here is the cleaned and corrected version of your text:

---

104 WILSON BULLETIN June, 1949 Vol. 61, No. 2

Through the kindness of Madame G. Duprat, librarian of the Museum National, I have been able to examine these drawings at length. With the help of Mr. J. Berlioz, curator of the ornithological department of the same institution, I succeeded in identifying most of the birds depicted. Most of the drawings are watercolors, probably made in France based on field sketches preserved in a second volume (Ms 29) that bear numerous notations on the color of the plumage and soft parts of the birds. Other drawings are exact pen and ink replicas of the original sketches. Some of the birds are unusually lively, such as the Green Heron, which suggests they were sketched from life. A few plates are very careful anatomical drawings, while many are mere stuffed specimens, probably drawn from dead birds. Some birds cannot be identified, as the sketches are unfinished or lack precision. Additionally, some birds depicted are unquestionably composite, drawn from memory or based on exaggerated descriptions from settlers. Many of these drawings are supplemented with manuscript notes providing vernacular names (French and Caribbean) and some peculiarities of the birds.

The following 68 species may be easily identified:

- Colymbus dominicus  
- Podilymbus podiceps  
- Puffinus Iherminieri, with egg  
- Phaethon aethereus  
- Pelecanus occidentalis  
- Fregata magnificens  
- Casmerodius albus  
- Florida caendea  
- Butorides virescens  
- Nycticorax violaceus  
- Ixobrychus exilis  
- Plegadis falcinellus  
- Guara alba  
- Ajaia ajaja  
- Plioceneicopterus ruber  
- Buteogallus anthracinus  
- Falco sparverius  
- Aramus guarauna  
- Porphyrula martinica  
- Gallinula chloropus cerceris  
- Fulica caribaea  
- Jacana spinosa  
- Haematopus ostralegus  
- Charadrius vociferus  
- Capella gallinago  
- Tattanus melanoleucus  
- Erolia minutilla  
- Himantopus himantopus  
- Larus argentatus  
- Sterna dougallii  
- Sterna fuscata  

Plumier observed the egg and described the nest of the latter. He noted that an important nesting colony was located at Le Diamant (Diamond Rock) near Martinique. James Bond suggests that this may be Sterna anaethetus.

Additional species include:

- Anous stolidus  
- Columba squamosa  
- Columbigallina passerina  
- Oropelia curysia  
- Coccyzus minor, said to exist in Saint Domingue and Tortuga Island  
- Saurornis longirostris, said to be common at Saint Domingue

---

Let me know if you'd like any further adjustments!"
Jacana spinosa,"Waterfowl: An important area for a wide variety of resident, passage and wintering waterfowl. Resident species include Podiceps dominicus, Egretta caerulea, Ardea herodias, Gallinula chloropus, Porphyrula martinica, Fulica americana and Jacana spinosa. Common passage migrants and non-breeding visitors include Plegadis falcinellus, Phoenicopterus ruber (up to 155 in recent years), Anas discors, A. acuta, A. clypeata, Aythya affinis (up to 1,000), many shorebirds, and Hydroprogne caspia. Over 1,000 Tringa flavipes were present in March 1984. Other fauna: Pandion haliaetus is a regular winter visitor. The lake is the principal locality and centre of distribution of the endemic freshwater turtle Chrysemys decorata.",31351128,,,Internet Archive,directoryofneotr86scot,"UNEP-WCMC, Cambridge",English,,Copyright Owner: IUCN Conservation Monitoring Centre,"Waterfowl: An important area for a wide variety of resident, passage, and wintering waterfowl. Resident species include Podiceps dominicus, Egretta caerulea, Ardea herodias, Gallinula chloropus, Porphyrula martinica, Fulica americana, and Jacana spinosa. Common passage migrants and non-breeding visitors include Plegadis falcinellus, Phoenicopterus ruber (up to 155 in recent years), Anas discors, A. acuta, A. clypeata, Aythya affinis (up to 1,000), many shorebirds, and Hydroprogne caspia. Over 1,000 Tringa flavipes were observed in March 1984. Other fauna: Pandion haliaetus is a regular winter visitor. The lake is the principal locality and center of distribution for the endemic freshwater turtle Chrysemys decorata."
Jacana spinosa,"Site description: A permanent highly saline coastal lagoon, up to 9m deep, with muddy shores, Mangrove swamps and several small islands; separated from the sea by a belt of sand dunes 200-400m wide. The lagoon has no direct connection with the sea except during storms. The water level fluctuates considerably according to local rainfall.",31351128,,,Internet Archive,directoryofneotr86scot,"UNEP-WCMC, Cambridge",English,,Copyright Owner: IUCN Conservation Monitoring Centre,"Site description: A permanent, highly saline coastal lagoon, up to 9 meters deep, with muddy shores, mangrove swamps, and several small islands. It is separated from the sea by a belt of sand dunes 200–400 meters wide. The lagoon has no direct connection with the sea except during storms. The water level fluctuates considerably according to local rainfall."
Jacana spinosa,"Rance. The species is distributed from extreme southern Texas to Argentina; the nominate form from the lower Rio Grande Valley southward through Mexico and Central America to Panama and on the Greater Antilles; peninsular records from Quintana Roo, including Isla Cozumel (Salvin, 1889), Yucatan (Boucard, 1883), and Campeche (Traylor, 1941).",10692027,,1955.0,Internet Archive,bulletin09peab,"Harvard University, Museum of Comparative Zoology, Ernst Mayr Library",English,https://biodiversitylibrary.org/permissions,In copyright. Digitized with the permission of the rights holder.,"Range. The species is distributed from extreme southern Texas to Argentina. The nominate form is found from the lower Rio Grande Valley southward through Mexico and Central America to Panama and on the Greater Antilles. Peninsular records include Quintana Roo, including Isla Cozumel (Salvin, 1889), Yucatán (Boucard, 1883), and Campeche (Traylor, 1941)."
Jacana spinosa,"RANGE. The species is of nearly world-wide distribution; the race on the Atlantic and Gulf coasts from New Jersey south to Brazil, including the West Indies, and on the Pacific Coast from the Isthmus of Tehuantepec to Colombia; on the Peninsula in Yucatan, and on Islas Cozumel (Salvin, 1889) and Holbox (sight record), Quintana Roo; two races in northwestern Mexico.",10692027,,1955.0,Internet Archive,bulletin09peab,"Harvard University, Museum of Comparative Zoology, Ernst Mayr Library",English,https://biodiversitylibrary.org/permissions,In copyright. Digitized with the permission of the rights holder.,"Range. The species has a nearly worldwide distribution. It is found along the Atlantic and Gulf coasts from New Jersey south to Brazil, including the West Indies, and along the Pacific Coast from the Isthmus of Tehuantepec to Colombia. It is also present on the Yucatan Peninsula, on Isla Cozumel, and on Holbox (sight record), Quintana Roo. There are two races in northwestern Mexico."
Jacana spinosa,"thousands of Phalacrocorax olivaceus, 32 Tigrisoma mexicanum, 70 Nycticorax nycticorax, 400 Cochlearius cochlearius, 200 Butorides virescens, 200 Egretta caerulea, 100 E. tricolor, 1,000 E. thula, 2,600 E. alba, 22 Ardea herodias, 1,000 Mycteria americana, 24 Jabiru mycteria (the entire Belize population), 2,000 Eudocimus albus, 34 Ajaia ajaja, 1,000 Anas discors, 32 Cairina moschata, 2,000 Aramus guarauna, 1,000 Fulica americana, 160 Himantopus himantopus and 125 Hydroprogne caspia. The rare Agamia agami has been recorded along the forested creeks in the reserve.",31350935,,,Internet Archive,directoryofneotr86scot,"UNEP-WCMC, Cambridge",English,,Copyright Owner: IUCN Conservation Monitoring Centre,"Thousands of Phalacrocorax olivaceus, 32 Tigrisoma mexicanum, 70 Nycticorax nycticorax, 400 Cochlearius cochlearius, 200 Butorides virescens, 200 Egretta caerulea, 100 Egretta tricolor, 1,000 Egretta thula, 2,600 Egretta alba, 22 Ardea herodias, 1,000 Mycteria americana, 24 Jabiru mycteria (the entire Belize population), 2,000 Eudocimus albus, 34 Ajaia ajaja, 1,000 Anas discors, 32 Cairina moschata, 2,000 Aramus guarauna, 1,000 Fulica americana, 160 Himantopus himantopus, and 125 Hydroprogne caspia. The rare Agamia agami has been recorded along the forested creeks in the reserve."
Jacana spinosa,"Breeding species include Phalacrocorax olivaceus, Anhinga anhinga, Cochlearius cochlearius, Bubulcus ibis, Egretta thula, E. alba, Jabiru mycteria (one pair), Aramus guarauna, a variety of Rallidae, Heliornis fulica, Jacana spinosa (abundant), and MHimantopus himantopus. Twenty-seven species of Nearctic shorebird have been recorded on migration and in winter, including up to 800 Tringa flavipes, 70 T. solitaria, 70 Limnodromus griseus, 100 Calidris fuscicollis and 250 C. melanotos.",31350935,,,Internet Archive,directoryofneotr86scot,"UNEP-WCMC, Cambridge",English,,Copyright Owner: IUCN Conservation Monitoring Centre,"Breeding species include Phalacrocorax olivaceus, Anhinga anhinga, Cochlearius cochlearius, Bubulcus ibis, Egretta thula, Egretta alba, Jabiru mycteria (one pair), Aramus guarauna, a variety of Rallidae, Heliornis fulica, Jacana spinosa (abundant), and Himantopus himantopus. Twenty-seven species of Nearctic shorebirds have been recorded during migration and winter, including up to 800 Tringa flavipes, 70 T. solitaria, 70 Limnodromus griseus, 100 Calidris fuscicollis, and 250 C. melanotos."
Jacana spinosa,"Other fauna: The area is very rich in wildlife. About 260 species of birds have been recorded, including 99 species of Nearctic migrants. Birds of prey are common; up to 34 Lesser Yellow-headed Vultures Cathartes burrovianus have been observed in spring and some may breed. Other breeding species include Pandion haliaetus, Leptodon cayanensis, Rostrhamus sociabilis, Buteogallus anthracinus, B. urubitinga and Busarellus nigricollis. Mammals include the Central American Otter Lutra anectens, and reptiles include Crocodylus moreletii and all the species of freshwater turtle known from Belize. The lagoons are famous for their large tarpon Megalops atlantica.",31350935,,,Internet Archive,directoryofneotr86scot,"UNEP-WCMC, Cambridge",English,,Copyright Owner: IUCN Conservation Monitoring Centre,"Other fauna: The area is very rich in wildlife. About 260 species of birds have been recorded, including 99 species of Nearctic migrants. Birds of prey are common; up to 34 Lesser Yellow-headed Vultures (Cathartes burrovianus) have been observed in spring, and some may breed. Other breeding species include Pandion haliaetus, Leptodon cayanensis, Rostrhamus sociabilis, Buteogallus anthracinus, Buteogallus urubitinga, and Busarellus nigricollis. Mammals include the Central American Otter (Lutra annectens), and reptiles include Crocodylus moreletii and all the species of freshwater turtles known from Belize. The lagoons are famous for their large tarpon (Megalops atlanticus)."
Jacana spinosa,"BLACK-NECKED Stint. Himantopus mexicanus (Miill.). pp. 77 118, 123. Also common on streams and ponds near Guadalajara. Wixson SniPE. Gallinago delicata (Ord.). pp. 19, 103. Several were seen near Guadalajara and on the beach near Vera Cruz. GREATER YELLOW-LEGS. Totanus melanoleucus (Gmel.) p. 118. YELLOW-LEGS. Totanus flavipes (Gmel.). p. 118. Both birds abundant on the ponds and lakes of the tableland. Sotirary SAnppiPeR. Helodromas solitarius (Wils.). pp. 184, 135, 136. Abundant on the tableland and in the barraneas. SporreD SANDPIPER. Actitis macularia (Linn.). Common on the ponds about Guadalajara. LonG-BILLED CuRLEW. Numenius longirostris Wils. p. 118. Quite common on the marshes about Chapala. KILLDEER. Oxyechus vociferus (Linn.). pp. 19, 117, 134.",13523765,,1905.0,Internet Archive,twobirdloversinm01beeb,Smithsonian Libraries and Archives,English,,Public domain. The BHL considers that this work is no longer under copyright protection.,Black-necked Stint. Himantopus mexicanus (Miill.). Also common on streams and ponds near Guadalajara. Wixson Snipe. Gallinago delicata (Ord.). Several were seen near Guadalajara and on the beach near Veracruz. Greater Yellowlegs. Totanus melanoleucus (Gmel.). Yellowlegs. Totanus flavipes (Gmel.). Both birds are abundant on the ponds and lakes of the tableland. Solitary Sandpiper. Helodromas solitarius (Wils.). Abundant on the tableland and in the barraneas. Spotted Sandpiper. Actitis macularia (Linn.). Common on the ponds around Guadalajara. Long-billed Curlew. Numenius longirostris Wils. Quite common on the marshes around Chapala. Killdeer. Oxyechus vociferus (Linn.).
Jacana spinosa,"Colima. Four were seen on the beach at Vera Cruz. Mexican JAcANA. Jacana spinosa (Linn.). pp. 79, 80, 1238. Fairly common on ponds about Guadalajara. Grayson Bos-Wuite. Colinus graysoni (Lawr.). p. 252. Heard among the pines on the voleano of Colima. ScALED PARTRIDGE. Callipepla squamata (Vig.). p. 268. Common in the lowlands of Colima. WaAGLER CHacHALaca. Ortalis wagleri (Gray). pp. 324, 328. Several seen in the lowlands of Colima. BAND-TAILED Pickton. Columba fasciata Say. p. 292. Abundant in the lowlands of Colima. MournineG Dove. Zenaidura macroura (Linn.). pp. 104, 185, 218. Abundant everywhere. WHITE-FRONTED Dove. Leptotila uh inne. brachyptera (Salvadore). pp. 218, 250. Abundant in the barrancas.",13523765,,1905.0,Internet Archive,twobirdloversinm01beeb,Smithsonian Libraries and Archives,English,,Public domain. The BHL considers that this work is no longer under copyright protection.,Colima: Four were seen on the beach at Veracruz. Mexican Jacana (Jacana spinosa) is fairly common on ponds around Guadalajara. Colinus graysoni was heard among the pines on the volcano of Colima. The scaled partridge (Callipepla squamata) is common in the lowlands of Colima. Wagler Chachalaca (Ortalis wagleri) has been observed in several locations in the lowlands of Colima. The band-tailed pigeon (Columba fasciata) is abundant in the lowlands of Colima. Mourning Dove (Zenaidura macroura) is abundant everywhere. White-fronted Dove (Leptotila uhinn brachyptera) is abundant in the barrancas.
Jacana spinosa,"At different times during the first week of November 1947 singles and pairs of finfoots were seen on the Guarapiche River at Caicara, probably the same birds being encountered again and again. Generally the birds flushed, pattering along the water before taking to the air. One was seen to dive.",15674391,100.0,1954.0,Internet Archive,proceedingsofuni1001954unit,Smithsonian Libraries and Archives,English,,Public domain. The BHL considers that this work is no longer under copyright protection.,"During the first week of November 1947, singles and pairs of finfoots were observed on the Guarapiche River at Caicara, likely the same birds being seen repeatedly. Generally, the birds flushed, pattering along the water before taking to the air. One was observed diving."
Jacana spinosa,"Bachman s Oyster-catcher, as it is called, is a characteristic bird of the Pacific coast, being more common to the north than to the south. It is said to be partial to rocky coasts and islands and not: always met with on sand beaches. It is common in Alaska, where it is one of the characteristic birds of the seashore, and it is also a summer resident of the entire Aleutian chain of islands. Dali found it breeding the latter part of June on Range Island, one of the Shumagin group. Here he found two nests. In both cases the eggs were placed directly upon the gravel on the beach; one contained two eggs, the other one. They were all partly incubated. The eggs of this species are two 287. -BLack OYSTER-CATCHER: or three in number, light olive-buff, speckled or spotted with brownish-black and purplish-gray. Their average size is 2.20x1.52 inches. i",38469661,,,Internet Archive,cu31924022538015,Cornell University Library,English,,Public domain. The BHL considers that this work is no longer under copyright protection.,"Bachman's Oyster-catcher, as it is called, is a characteristic bird of the Pacific coast, being more common in the north than in the south. It is said to be partial to rocky coasts and islands and not always found on sand beaches. It is common in Alaska, where it is one of the characteristic birds of the seashore, and it is also a summer resident of the entire Aleutian chain of islands. Dali found it breeding in the latter part of June on Range Island, one of the Shumagin group. He observed two nests, both placed directly on the gravel on the beach; one contained two eggs, and the other one. The eggs were partly incubated. The eggs of this species are usually two or three in number, light olive-buff, speckled or spotted with brownish-black and purplish-gray. Their average size is 2.20 by 1.52 inches."
Jacana spinosa,"108 JACANAS Distribution. Pacific coast of Nort.li America from the Aleutian Islands to La Paz, Lower California, and the Kurile Islands; breeding throughout most of its range. ggs. 1 to 3, laid on the bare rock, sand, or gravel; light buff or olive, spotted with brownish black and purplish gray. JMr. Loomis has taken black oyster-catchers on the Seal Rocks at Monterey in July. They are said to be strictly littoral in their habits, always Hying over the sea when moving from point to point. FAMILY JACANIDiE: JACANAS. GENUS JACANA. Jacana spinosa Linn.). Mexican Jacana. Toes very long and slender, hind claw straight and longer than toe ; bend of wing armed with a sharp spur ; forehead covered by a leaf-like scale from base of bill. Adults: head and neck greenish black ; wing quills yellowish green edged or tipped with dusky ; rest of plumage rich purplish chestnut. Young: with only a rudiment of frontal leaf ; back olive gray, back of neck black ; rump brown ; under parts and stripe on side of head white. Length: 8.50, wing 4.50-5.40, bill 1.15-1.40, tarsus 1.90-2.35. Distribution. Middle America from southern Texas to Colombia; Cuba; Hayti. LAND BIRDS. KEY TO FAMILIES. ORDER GALLING : GROUSE, QUAIL, TURKEYS, PHEASANTS, ETC. 1. Hind toe short, raised above level of front ones. 2. Leg with spur, head naked or tail vaulted, plumage largely metallic. Phasianidae: Turkeys and Pheasants, p. 1.34. 2.' Leg without spur, head feathered, tail not vaulted, plumage not metallic. Tetraonidae : Grouse, Partridges, Quails, etc., p. 113. r. Hind toe long, on a level with front ones. Cracidae : Currassows and Guans, p. 137. ORDER COLUMB. : PIGEONS OR DOVES. Bill slender, nostril opening in soft fleshy skin or membrane. Columbidae : Pigeons, p. 138. Fig. 129.",57569218,,,Internet Archive,handbookofbirdso00bail_4,Boston Public Library,English,,Not provided. Contact Holding Institution to verify copyright status.,"Here is the cleaned and corrected version of your text:

---

JACANAS Distribution. Pacific coast of North America from the Aleutian Islands to La Paz, Lower California, and the Kurile Islands; breeding throughout most of its range. They lay on bare rock, sand, or gravel; eggs are light buff or olive, spotted with brownish black and purplish gray. Mr. Loomis has taken black oyster-catchers on the Seal Rocks at Monterey in July. They are said to be strictly littoral in their habits, always flying over the sea when moving from point to point.  

FAMILY JACANIDAE: JACANAS.  
GENUS JACANA.  
Jacana spinosa Linn., Mexican Jacana. Toes are very long and slender, with the hind claw straight and longer than the toe; the bend of the wing is armed with a sharp spur; the forehead is covered by a leaf-like scale from the base of the bill. Adults have a head and neck that are greenish black; wing quills are yellowish green edged or tipped with dusky; the rest of the plumage is rich purplish chestnut. Young birds have only a rudiment of the frontal leaf; their back is olive gray, the back of the neck is black, the rump is brown, and the under parts and stripe on the side of the head are white.  

Length: 8.50 inches; wing: 4.50–5.40 inches; bill: 1.15–1.40 inches; tarsus: 1.90–2.35 inches.  

Distribution: Middle America from southern Texas to Colombia; Cuba; Haiti.  

LAND BIRDS.  
KEY TO FAMILIES.  
ORDER GALLIFORMES: GROSSE, QUAIL, TURKEYS, PHEASANTS, ETC.  
1. Hind toe short, raised above the level of the front toes.  
   2. Leg with spur, head naked or tail vaulted, plumage largely metallic.  
      FAMILY PHASIANIDAE: Turkeys and Pheasants, p. 1.34.  
2. Leg without spur, head feathered, tail not vaulted, plumage not metallic.  
   FAMILY TETRAONIDAE: Grouse, Partridges, Quails, etc., p. 113.  
3. Hind toe long, on a level with the front toes.  
   FAMILY CRACIDAE: Currassows and Guans, p. 137.  

ORDER COLUMBIFORMES: PIGEONS OR DOVES.  
Bill slender, nostril opening in soft fleshy skin or membrane.  
FAMILY COLUMBIDAE: Pigeons, p. 138.  

---

Let me know if you'd like any further adjustments!"
Jacana spinosa,"Warriner et al. SNOWY PLOVER BREEDING BIOLOGY 35 one season was increased by minimizing the number of days spent with the first brood. Uniparental brood care is widespread in plovers (Bunni 1959, Hussell and Page 1976, Bergstrom 1982, this study) and other shorebirds (Jenni and Collier 1972, Oring and Knudson 1972, Pitelka et al. 1974). We believe the females emancipation from brood-rearing duties increased their chances for double broods. Although the breeding season was long enough for double brooding with the same mate, the high rate of clutch destruction often necessitated one or more replacement clutches before a female hatched a brood. As the extra time needed for the replacement clutch greatly reduced the time available for second broods, any mechanism that allowed females to start second clutches sooner would increase the chances of two broods fledging. This raises the question of why Snowy Plover females do not desert initial clutches sooner than they do. Female Spotted Sandpipers (Actitis macularia) desert clutches during the incubation period (Oring and Knudson 1972), and females of other polyandrous species such as the Red Phalarope Phalaropus fulicaria, Schamel and Tracy 1977), Red-necked Phalarope (P. lobatus, Hilden and Vuolanto 1972), and Northern Jacana (Jacana spinosa, Jenni and Collier 1972), or of multi-clutch species such as the Mountain Plover (Chamdrius montanus, Graul 1975) and Temminck s Stint (Calidris temminckii, Hilden 1975) desert clutches as soon as they are completed. The ability to implement a single-parent incubation scheme is an important factor promoting their breeding systems. In contrast, Snowy Plover adults remaining after mates had deserted or died typically deserted the clutch unless it was 1 0 or fewer days to hatching. Other species that make more than one breeding attempt per season do so monogamously. For example, monogamously established pairs of Killdeers and Wilson s Plovers produce multiple clutches sequentially, and females are frequently emancipated from brood-rearing duties for second clutches (Bunni 1959, Bergstrom 1982), demonstrating that these males can rear broods alone. It would be valuable to know whether the sex ratios differ from equality in these species. The females may remain with the first broods only because surplus males with which they could start second broods are not available. This hypothesis implies that in the Snowy Plover serial polyandry may simply be a facultative response to the conditions of a skewed sex ratio. The key evolutionary step to this mode of reproduction would then be the female s ability and tendency to make more than one breeding attempt per season. The only other shorebird known to employ this type of polyandrous strategy is the Dunlin Calidris alpina schinzii) in Finland (Soikkeli 1967). Typically, Finnish female Dunlins desert first broods about six days after hatching and after a few more days leave the breeding area. In one of six",53094676,98.0,1986.0,Internet Archive,wilsonbulletin9819wils,"Harvard University, Museum of Comparative Zoology, Ernst Mayr Library",English,https://biodiversitylibrary.org/permissions,In copyright. Digitized with the permission of the rights holder.,"Warriner et al. Snowy Plover Breeding Biology 35

One season was increased by minimizing the number of days spent with the first brood. Uniparental brood care is widespread in plovers and other shorebirds. We believe that the females' emancipation from brood-rearing duties increased their chances for double broods. Although the breeding season was long enough for double brooding with the same mate, the high rate of clutch destruction often necessitated one or more replacement clutches before a female hatched a brood. The extra time needed for the replacement clutch greatly reduced the time available for second broods. Any mechanism that allowed females to start second clutches sooner would increase the chances of two broods fledging.

This raises the question of why Snowy Plover females do not desert initial clutches sooner than they do. Female Spotted Sandpipers desert clutches during incubation, and females of other polyandrous species such as the Red Phalarope, Red-necked Phalarope, and Northern Jacana desert clutches as soon as they are completed. Similarly, multi-clutch species like the Mountain Plover and Temminck's Stint desert clutches immediately after they are finished. The ability to implement a single-parent incubation scheme is an important factor promoting their breeding systems.

In contrast, Snowy Plover adults remaining after mates have deserted or died typically desert the clutch unless it is 10 or fewer days to hatching. Other species that make more than one breeding attempt per season do so monogamously. For example, monogamously established pairs of Killdeers and Wilson’s Plovers produce multiple clutches sequentially, and females are frequently emancipated from brood-rearing duties for second clutches, demonstrating that these males can rear broods alone. It would be valuable to know whether the sex ratios in these species differ from equality. Females may remain with the first broods only because surplus males with which they could start second broods are not available. This hypothesis implies that in the Snowy Plover, serial polyandry may simply be a facultative response to a skewed sex ratio. The key evolutionary step to this mode of reproduction would then be the female’s ability and tendency to make more than one breeding attempt per season.

The only other shorebird known to employ this type of polyandrous strategy is the Dunlin in Finland. Typically, female Dunlins desert first broods about six days after hatching and leave the breeding area after a few more days."
Jacana spinosa,"Zimmerman and Harry BIRDS OF AUTLAX, JALISCO 305 and collected a female. The eyes of this bird were dark brown, the fleshy parts otherwise bright orange red. Philortyx fasciatiis. Banded Quail. Fairly common in the arid scrub, coveys of 10 to 20 birds being seen almost daily. When running through the brush they often uttered a rapid, high-pitched pip-pip-pip. When they burst into the air a muscial pee-pee-pee-eeeee accompanied the whir of their wings. The crop of a female taken July 13 was filled with small beetles. Apparently the Banded Quail has not been previously recorded from Jalisco (see Friedmann, Griscom and iMoore, 1950. Distributional Check-List of the Birds of Mexico, pt. 1, p. 75). Colinus virginianus. Bob-white. Coveys fed with small doves in the scrubland and plowed fields near Autlan. They were very wary. Jacana spinosa. Jacana. On August 7 we observed two birds in a pond (choked with water hyacinth) about 40 miles northeast of Autlan. Actitis macularia. Spotted Sandpiper. One record: a bird with spotted under parts seen at a roadside pool 30 miles northeast of Autlan on August 7. Zenaida asiatica mearnsi. White-winged Dove. Seen frequently (one or two a day) in the dry scrub throughout our stay. Our only specimen, a female with enlarged ovary taken July 11, measures: wing, 155.5; tail, 111 mm. Scardafella inca. Inca Dove. Up to five pairs seen daily in the scrubland. On August 4 we found a nest (with bird incubating two eggs) about ten feet up in a giant cactus. An adult and a juvenile were taken July 27. Columhigallina passerina pallescens. Ground Dove. A few observed almost daily in the scrubland. We did not find a nest, but the oviduct of a female taken July 26 held an egg nearly ready for laying. Leptotila verreauxi. White-fronted Dove. Recorded only on July 15 when Zimmerman took an immature male northeast of Autlan. The irides of this specimen were pale yellow, the bare circumorbital region dull lavender-pink, the loral area dull blue. The abdomen and under tail coverts are much darker and huffier than those of an immature male specimen of L. v. angelica (from Texas) at hand. Ara militaris. Military Macaw. Recorded three times: three flying together six miles south of Autlan, June 26; a single bird, July 5; and a flock of 12 flying over the tropical deciduous forest, July 8. Aratinga canicular is. Orange-fronted Parakeet. Abundant in the tropical deciduous forest south of Autlan. Individuals, pairs, and flocks of up to 80 were seen repeatedly. They were noisy, particularly at dawn when they came in large numbers to the fig trees near camp. Our two specimens, both much worn (male, wing, 132, tail, 94 mm.; female, wing, 133.5, tail, 97), resemble the race clarae in that the greenish blue of the crown continues anteriorly around the bare space in front of the eye. . . (Moore, 1937. Proc. Biol. Soc. Washington, 50: 101); but their measurements, admittedly not satisfactory because of wear, seem to be closer to those of ehurnirostrum ibid., p. 102). Forpiis cyanopygius. Mexican Parrotlet. We saw flocks of 10 to 20 of these wary tiny parrots in and along the edges of the forest 20 to 22 miles south of Autlan in late June and early July. We usually saw them in the early morning with the flocks of Orange-fronted Parakeets. Piaya cayana mexicana. Squirrel Cuckoo. Noted occasionally in the forest 20 miles south of Autlan, July 2 to 8. Seen and heard infrequently in the arid scrub near town where a male was taken June 25. The irides of this bird were bright cherry red. A large grasshopper was in its stomach. The call of this species was a loud, measured chuck . . . chuck . . . chuck . . , as many as 40 or 50 notes repeated in slow succession. Geococcyx velox melanchima. Lesser Road-runner. Observed occasionally in the scrubland and along the roads at from 3000 to 4000 feet. A male taken by Zimmerman on June 28 had been feeding on large red ants. The irides of this bird were brown with a dark buff ring around the pupil; the bare skin around the eye was bright blue except for a small area of blood red",52153403,63.0,1951.0,Internet Archive,wilsonbulletin6319wils,"Harvard University, Museum of Comparative Zoology, Ernst Mayr Library",English,https://biodiversitylibrary.org/permissions,In copyright. Digitized with the permission of the rights holder.,"Zimmerman and Harry collected a female bird of AUTLAX, Jalisco, number 305. The eyes of this bird were dark brown, while the fleshy parts were bright orange-red. The species is Philortyx fasciatus, commonly known as Banded Quail. It is fairly common in the arid scrub, with coveys of 10 to 20 birds being seen almost daily. When running through the brush, they often uttered a rapid, high-pitched pip-pip-pip. When they burst into the air, a musical pee-pee-pee-eeeee accompanied the whir of their wings. The crop of a female collected on July 13 was filled with small beetles. Apparently, the Banded Quail has not been previously recorded from Jalisco.

Colinus virginianus, known as Bob-white, was observed in coveys feeding with small doves in the scrubland and plowed fields near Autlán. They were very wary.

Jacana spinosa, the Jacana, was observed on August 7 in a pond choked with water hyacinth about 40 miles northeast of Autlán.

A single Spotted Sandpiper (Actitis macularia) was seen at a roadside pool 30 miles northeast of Autlán on August 7, with spotted underparts.

The White-winged Dove (Zenaida asiatica mearnsi) was seen frequently—one or two per day—in the dry scrub throughout our stay. The only specimen collected was a female with an enlarged ovary on July 11, measuring a wing length of 155.5 mm and a tail length of 111 mm.

The Inca Dove (Scardafella inca) was observed up to five pairs daily in the scrubland. On August 4, a nest with a bird incubating two eggs was found about ten feet up in a giant cactus. An adult and a juvenile were collected on July 27.

The Ground Dove (Columbigallina passerina pallescens) was observed almost daily in the scrubland. Although no nest was found, the oviduct of a female collected on July 26 contained an egg nearly ready for laying.

The White-fronted Dove (Leptotila verreauxi) was recorded only on July 15, when Zimmerman collected an immature male northeast of Autlán. The irides of this specimen were pale yellow; the bare circumorbital region was dull lavender-pink; and the loral area was dull blue. The abdomen and under tail coverts were much darker and more huffy than those of an immature male of the subspecies L. v. angelica from Texas.

The Military Macaw (Ara militaris) was recorded three times: a group of three flying together six miles south of Autlán on June 26; a single bird on July 5; and a flock of 12 flying over the tropical deciduous forest on July 8.

The Orange-fronted Parakeet (Aratinga canicularis) was abundant in the tropical deciduous forest south of Autlán. Individuals, pairs, and flocks of up to 80 were seen repeatedly. They were noisy, especially at dawn when they gathered in large numbers at fig trees near the camp. The two specimens collected, both showing signs of wear (a male with a wing length of 132 mm and a tail of 94 mm; a female with a wing length of 133.5 mm and a tail of 97 mm), resemble the race clarae, characterized by the greenish-blue crown continuing anteriorly around the bare space in front of the eye. Their measurements, though not entirely satisfactory due to wear, seem closer to those of the subspecies chermirostrum.

The Mexican Parrotlet (Forpus cyanopygius) was seen in flocks of 10 to 20 in and along the edges of the forest 20 to 22 miles south of Autlán in late June and early July. They were usually observed in the early morning with the Orange-fronted Parakeets.

The Squirrel Cuckoo (Piaya cayana mexicana) was occasionally noted in the forest 20 miles south of Autlán from July 2 to 8. It was seen and heard infrequently in the arid scrub near town, where a male was collected on June 25. The irides of this bird were bright cherry red. A large grasshopper was found in its stomach. Its call was a loud, measured chuck... chuck... chuck, with as many as 40 or 50 notes repeated slowly.

The Lesser Road-runner (Geococcyx velox melanchima) was observed occasionally in the scrubland and along roads at elevations from 3,000 to 4,000 feet. A male collected by Zimmerman on June 28 had been feeding on large red ants. The irides of this bird were brown with a dark buff ring around the pupil; the bare skin around the eye was bright blue, with a small area of blood red."
Jacana spinosa,"154 ANDERSON Vol. 20, No. 2 Kuts. Ocellated Turkey, Agriocharis ocellata. Formerly important game bird, now almost exterminated by overhunting. I believe the tom and hen are labeled as in the preceding. Gallinola. Gray-necked Wood-rail, Aramides cajanea. Also Northern Jacana, Jacana spinosa (when it is not given its proper Maya label). Extended to any other rails present (the only common one is the Sora Porzana carolina, a winter visitor). Water birds are so rare in interior Quintana Roo that Maya names have usually been replaced by Spanish ones-as in this case. Correa. Limpkin, Aramus guarauna. Spanish name; probably a variant of the commoner Spanish carao. T eel ha ( watercock ). Jacana, Jacana spinosa. Probably extends to similar birds. Pigeon cluster; all lumped as ukum or under the Spanish term paloma. Paloma. Rock Dove, Columba livia. Common tame bird. Since it is a Spanish introduction of no great age in the area, it has no Yucatec name. Chuukij. Scaled pigeon, Columba speciosa. Ukum (ukuch). Red-billed pigeon, Columba flavirostris. Echoic. This is the common pigeon of the area, and its name is routinely extended to mean large pigeon in general, i.e. to cover the preceding species. Also called kukut kib, which name is also extended to the foregoing. Used for food, but rarely taken. Sakpakal. White-winged Dove, Zenaida asiatica. Tsutsuy. Leptotila doves and similar doves. Common is the White-tipped Dove, Leptotila verreauxi. Other species occur and are not distinguished terminologically, except for the Ruddy Quail-dove, Geotrygon montana, which is chak (red) tsutsuy or k aankab (red-dirt) tsutsuy. Mukuy. Ground doves. Probably echoic. Three species: Chak mukuy red ground-dove. Ruddy Ground-dove, Columbina talpacoti. Abundant; occasional pet. Sojol mukuy leaf-litter ground-dove. Common Ground-dove, C. passerina. Rare. Tuch mukuy ground-dove that calls tuch, thus part-echoic. Blue Grounddove, Claravis pretiosa. Common but shy and seldom seen. Parrot group: recognizable by being lumped collectively as t uut. T uut. White-fronted Parrot, Amazona albifrons. Common; frequent pet. Also a frequent pest of milpas, eating maize, fruit, and almost anything else well above ground level. Ek xikin black ear. Yucatan Parrot, Amazona xantholora. The Maya name hits home-it points to the one field mark reliably distinguishing this uncommon bird from the preceding.",32691642,20.0,2000.0,Internet Archive,mobot31753002982038,"Missouri Botanical Garden, Peter H. Raven Library",English,https://biodiversitylibrary.org/permissions,In copyright. Digitized with the permission of the rights holder.,"Here is the cleaned and corrected version of your text:

---

154 ANDERSON Vol. 20, No. 2

Kuts. Ocellated Turkey, Agriocharis ocellata. Formerly an important game bird, now almost exterminated by overhunting. I believe the tom and hen are labeled as in the preceding.

Gallinola. Gray-necked Wood-rail, Aramides cajanea. Also Northern Jacana, Jacana spinosa (when it is not given its proper Maya label). Extended to any other rails present; the only common one is the Sora, Porzana carolina, a winter visitor. Water birds are so rare in interior Quintana Roo that Maya names have usually been replaced by Spanish ones, as in this case.

Correa. Limpkin, Aramus guarauna. Spanish name; probably a variant of the more common Spanish name ""carao.""

T eel ha (watercock). Jacana, Jacana spinosa. Probably extends to similar birds.

Pigeon cluster; all lumped as ukum or under the Spanish term ""paloma.""

Paloma. Rock Dove, Columba livia. A common tame bird. Since it is a Spanish introduction of no great age in the area, it has no Yucatec name.

Chuukij. Scaled pigeon, Columba speciosa.

Ukum (ukuch). Red-billed pigeon, Columba flavirostris. Echoic. This is the common pigeon of the area, and its name is routinely extended to mean large pigeon in general, i.e., to cover the preceding species. Also called kukut kib, a name also extended to the foregoing. Used for food but rarely taken.

Sakpakal. White-winged Dove, Zenaida asiatica.

Tsutsuy. Leptotila doves and similar doves. The most common is the White-tipped Dove, Leptotila verreauxi. Other species occur and are not distinguished terminologically, except for the Ruddy Quail-dove, Geotrygon montana, which is chak (red) tsutsuy or k aankab (red-dirt) tsutsuy.

Mukuy. Ground doves. Probably echoic. Three species:
- Chak mukuy: red ground-dove.
- Ruddy Ground-dove, Columbina talpacoti. Abundant; occasionally kept as a pet.
- Sojol mukuy: leaf-litter ground-dove.
- Common Ground-dove, C. passerina. Rare.
- Tuch mukuy: ground-dove that calls ""tuch,"" thus part-echoic.
- Blue Grounddove, Claravis pretiosa. Common but shy and seldom seen.

Parrot group: recognizable by being lumped collectively as t uut.

T uut.  
- White-fronted Parrot, Amazona albifrons. Common; frequently kept as a pet. Also a frequent pest of milpas, eating maize, fruit, and almost anything else well above ground level.  
- Ek xikin: black ear. Yucatán Parrot, Amazona xantholora. The Maya name hits home—it points to the one field mark reliably distinguishing this uncommon bird from the preceding.

---"
Jacana spinosa,"84 The Living Bird Although all of the preceding observations complement the findings in the two case histories, I did record two observations which may represent exceptions. In 1969, the earliest nest found contained one egg on 17 April. On 20 April, a female copulated and then went to another nest containing one egg. A male approached the female on the nest three times and each time the female attacked him. Finally, after the female left to feed, the male settled on the eggs briefly and then followed the female. I confirmed the sex of this incubating adult a female by collecting it at the nest 11 days later. Thus, it is possible that the female took over her own first clutch. In another instance a female attended her nest during egg-laying, but a male assumed incubation at this nest alone once the clutch had been completed. I do not know if these two birds were initially paired. Although further research is needed to document the extent of variabil ity in the Mountain Plover social system, such variability may be expected, based on what we know about other shorebird social systems. For instance, both the Lapwing Vanellus vanellus) and European Golden Plover Pluvialis apricaria) are considered monogamous, but Rinkel (1940) and Wilson (1967) report that some Lapwing males are bigamous or trigamous, and Bannerman (1961) reports cases of bigamy in the European Golden Plover. Jenni and Collier (1972) found that in the American Jacana (Jacana spinosa) some females lay clutches for more than one male in a season, but other females do not. Finally, Pulliainen (1970) reports that while only the male Dotterel Eudromias morinellus) usually tends the eggs and young, some times these duties are shared by both pair-members. Similar Breeding Systems in Other Birds Jenni (1973) reviewed avian social systems in which females commonly lay more than one clutch in rapid succession. In these systems, females either lay clutches that are incubated by more than one male (polyandry), or they lay one clutch attended by a male and a second which they attend them selves. Since there is no term for both of these strategies, I will refer to them as rapid multi-clutch systems. Research on rapid multi-clutch species has resulted in several hypoth eses that may explain the evolution of the Mountain Plover social system. Jenni and Collier (1972) proposed that polyandry in the American Jacana might be an adaptation to a low food supply, since this mating system re duces competition for food by allowing fewer adults to maintain the same reproductive output as more adults. Selander (1972) also proposed that polyandry may have evolved as a response to low food conditions, placing a premium on one member of the pair leaving the territory to reduce food competition; which member leaves is largely a matter of chance. Nethersole-Thompson (1973) proposed that, in the Dotterel, the female leaves the parental duties to the male because, under low food conditions, the female lacks the energy to participate in parental duties after the heavy expense of egg production. This reasoning is supported by studies on other bird species, which show that egg produc tion is affected by food shortages, whereas sperm production remains con stant, short of starvation conditions. This implies that egg production re quires much more energy than sperm production (King, 1973).",59422147,12.0,1973.0,Internet Archive,livingbird1112corn,Cornell University Library,English,http://biodiversitylibrary.org/permissions,In copyright. Digitized with the permission of the rights holder.,"The Living Bird

Although all of the preceding observations complement the findings in the two case histories, I recorded two observations that may be exceptions. In 1969, the earliest nest found contained one egg on April 17. On April 20, a female copulated and then went to another nest containing one egg. A male approached the female on the nest three times, and each time the female attacked him. Finally, after the female left to feed, the male settled on the eggs briefly and then followed the female. I confirmed the sex of this incubating adult as female by collecting it at the nest 11 days later. Thus, it is possible that the female took over her own first clutch. 

In another instance, a female attended her nest during egg-laying, but a male assumed incubation at this nest alone once the clutch had been completed. I do not know if these two birds were initially paired. Although further research is needed to document the extent of variability in the Mountain Plover social system, such variability may be expected based on what we know about other shorebird social systems. For instance, both the Lapwing (Vanellus vanellus) and European Golden Plover (Pluvialis apricaria) are considered monogamous, but Rinkel (1940) and Wilson (1967) report that some Lapwing males are bigamous or trigamous, and Bannerman (1961) reports cases of bigamy in the European Golden Plover. Jenni and Collier (1972) found that in the American Jacana (Jacana spinosa), some females lay clutches for more than one male in a season, but other females do not. 

Finally, Pulliainen (1970) reports that while only the male Dotterel (Eudromias morinellus) usually tends the eggs and young, sometimes these duties are shared by both pair members. 

Similar Breeding Systems in Other Birds

Jenni (1973) reviewed avian social systems in which females commonly lay more than one clutch in rapid succession. In these systems, females either lay clutches that are incubated by more than one male (polyandry), or they lay one clutch attended by a male and a second which they attend themselves. Since there is no specific term for both of these strategies, I will refer to them as rapid multi-clutch systems. 

Research on rapid multi-clutch species has resulted in several hypotheses that may explain the evolution of the Mountain Plover social system. Jenni and Collier (1972) proposed that polyandry in the American Jacana might be an adaptation to low food supply, since this mating system reduces competition for food by allowing fewer adults to maintain the same reproductive output as more adults. 

Selander (1972) also proposed that polyandry may have evolved as a response to low food conditions, placing a premium on one member of the pair leaving the territory to reduce food competition; which member leaves is largely a matter of chance. 

Nethersole-Thompson (1973) proposed that, in the Dotterel, the female leaves parental duties to the male because, under low food conditions, the female lacks the energy to participate in parental duties after the heavy expense of egg production. 

This reasoning is supported by studies on other bird species, which show that egg production is affected by food shortages, whereas sperm production remains constant, short of starvation conditions. This implies that egg production requires much more energy than sperm production (King, 1973)."
Jacana spinosa,"Set One, four eggs: Three eggs of this set are about uniform in shape but the fourth is slightly more blunt and not running to quite as much point as the others. The shell of all four has a high gloss presumably from the fact that incubation was well advanced. The ground color in all is a beautiful yellowish olive, and over this is a network of very dark umber and black lines intertwining and running haphazard all over the surface.",32325516,,,Internet Archive,ologistforstud401923latt,Smithsonian Libraries and Archives,English,,Public domain. The BHL considers that this work is no longer under copyright protection.,"Set One, four eggs: Three eggs in this set are approximately uniform in shape, but the fourth is slightly more blunt and not as pointed as the others. The shells of all four eggs have a high gloss, presumably due to well-advanced incubation. The ground color of each egg is a beautiful yellowish olive, overlaid with a network of very dark umber and black lines that intertwine and run randomly across the surface."
Jacana spinosa,"They form blotches on the big end of two of the eggs and almost conceal the ground color. If the marking from about ten eggs of the Baltimore Oriole were transfered on to one of the Jacana it would have about the same appearance. There are also fainter shell markings in the form of small spots. and blotches of warm brown and lavender. This set was collected by Mr. C. W. Crandall on the northern coast of South America, June 14th, 1898. Incubation was advanced. Nest was composed of twigs and aquatic plants on leaf of Victoria regia plant in swamp.",32325516,,,Internet Archive,ologistforstud401923latt,Smithsonian Libraries and Archives,English,,Public domain. The BHL considers that this work is no longer under copyright protection.,"They form blotches on the large end of two of the eggs and almost conceal the ground color. If the markings from about ten eggs of the Baltimore Oriole were transferred onto one of the Jacana eggs, it would have a similar appearance. There are also fainter shell markings in the form of small spots and blotches of warm brown and lavender. This set was collected by Mr. C. W. Crandall on the northern coast of South America, June 14th, 1898. Incubation was advanced. The nest was composed of twigs and aquatic plants on a leaf of the Victoria regia plant in a swamp."
Jacana spinosa,"smaller respectively. The largest one has a tendency to run more to a point at the big end while the smallest egg is considerably more narrow than the others. The ground tint in this set is more dull and subdued and the shell has none of the luster as is noted in set one as incubation was fresh. The scrawls and lines are also much finer and are blended with the lighter shell markings so as to not appear so clean cut and distinct. The smallest egg is more densely marked around the center and one would think an insect s feet. had been dipped in pigment and then allowed to run around continually until the color was consumed on the shell. This set was collected for Frank B. Armstrong at Tampico, Mexico, May 4th, 1900. Incubation was fresh. Nest was composed of floating trash collected together under curled lily leaf on fresh water pond near town.",32325516,,,Internet Archive,ologistforstud401923latt,Smithsonian Libraries and Archives,English,,Public domain. The BHL considers that this work is no longer under copyright protection.,"Smaller, respectively. The largest one tends to run more toward a point at the big end, while the smallest egg is considerably narrower than the others. The ground tint in this set is duller and more subdued, and the shell lacks the luster noted in the first set, as incubation was fresh. The scrawls and lines are much finer and blended with the lighter shell markings, making them less clean-cut and distinct. The smallest egg is more densely marked around the center, resembling an insect's feet dipped in pigment and then allowed to run around until the color was absorbed into the shell. This set was collected for Frank B. Armstrong at Tampico, Mexico, on May 4th, 1900. Incubation was fresh. The nest was made of floating trash collected under a curled lily leaf on a freshwater pond near town."
Jacana spinosa,"RUDDY TURNSTONE (Arenaria interpres morinelia). Turnstones are unusual in form, in that the bill is quite stout, pointed and has an upturned appearance since the top of the upper mandibleis perfectly straight. The present handsome species breeds on the Arctic coast and migrates abundantly along both coasts, wintering from southern United States southward. The common Turnstone, a grayer variety, is an Old World species, a few of which breed in western Alaska and migrate through Japan. The Turnstone is commonly known among sportsmen as Calico-back, Horse-foot Snipe and Beach Snipe.",38170395,,,Internet Archive,cu31924085785016,Cornell University Library,English,,Public domain. The BHL considers that this work is no longer under copyright protection.,"Ruddy Turnstone (Arenaria interpres morinelia). Turnstones are unusual in form, with a stout, pointed bill that has an upturned appearance, as the top of the upper mandible is perfectly straight. This handsome species breeds on the Arctic coast and migrates abundantly along both coasts, wintering from the southern United States southward. The common Turnstone, a grayer variety, is an Old World species, with a few breeding in western Alaska and migrating through Japan. Among sportsmen, the Turnstone is commonly known as Calico-back, Horse-foot Snipe, and Beach Snipe."
Jacana spinosa,"Surinam toads (Pipa pipa). These are the first of these very interesting creatures the Zoo has had for some time. They are remarkable for their method of reproduction-the male embeds the eggs in the soft spongy skin of the back of the female, where they go through the tadpole stage and emerge as little frogs.",31770260,,,Internet Archive,reportofsecretar1956smit,Smithsonian Libraries and Archives,English,https://www.biodiversitylibrary.org/permissions/,Permission_to_digitize_granted_by_rights_holder,"Surinam toads (Pipa pipa). These are the first of these fascinating creatures that the zoo has had for some time. They are remarkable for their method of reproduction: the male embeds the eggs in the soft, spongy skin on the back of the female, where they develop through the tadpole stage and emerge as small frogs."
Jacana spinosa,"Waterfowl: A wide variety of resident and migratory waterfowl have been recorded, but no census data are available. Resident species include Podilymbus podiceps, Podiceps dominicus, several Ardeidae, Oxyura dominica, Aramides cajanea, Laterallus albigularis, Porphyrula martinica and Jacana spinosa. Migrants include Anas discors, Fulica americana and some Nearctic shorebirds. Vanellus chilensis has recently been recorded for the first time in this region.",31351029,,,Internet Archive,directoryofneotr86scot,"UNEP-WCMC, Cambridge",English,,Copyright Owner: IUCN Conservation Monitoring Centre,"Waterfowl: A wide variety of resident and migratory waterfowl have been recorded, but no census data are available. Resident species include Podilymbus podiceps, Podiceps dominicus, several Ardeidae, Oxyura dominica, Aramides cajanea, Laterallus albigularis, Porphyrula martinica, and Jacana spinosa. Migrants include Anas discors, Fulica americana, and some Nearctic shorebirds. Vanellus chilensis has recently been recorded for the first time in this region."
Jacana spinosa,"Toes very long and slender, hind claw straight and longer than toe; bend of wing armed with a sharp spur; forehead covered by a leaf-like scale from base of bill. Adults: head and neck greenish black; wing quills yellowish green edged or tipped with dusky; rest of plumage rich purplish chestnut. Young: -with only a rudiment of frontal leaf; back olive gray, back of neck black ; rump brown; under parts and stripe on side of head white. Length: 8.50, wing 4.50-5.40, bill 1.15-1.40, tarsus 1.90-2.35.",39417238,,,Internet Archive,handbookofbi00bail,Library of Congress,English,,Not provided. Contact Holding Institution to verify copyright status.,"Toes very long and slender, hind claw straight and longer than the toe; bend of the wing armed with a sharp spur; forehead covered by a leaf-like scale from the base of the bill. Adults: head and neck greenish black; wing quills yellowish green edged or tipped with dusky; rest of the plumage rich purplish chestnut. Young: with only a rudiment of a frontal leaf; back olive gray; back of the neck black; rump brown; underparts and stripe on the side of the head white. Length: 8.50 inches; wing: 4.50–5.40 inches; bill: 1.15–1.40 inches; tarsus: 1.90–2.35 inches."
Jacana spinosa,"73 Mr. Pangburn stated that there was still a Catbird Dumetella carolinensis) in Bronx Park on Feb. 11 and 12. Mr. L. N. Nichols had observed a flock of 12 Kedpolls Acanthis I, linaria) in Bronx Park on Jan. 29, and a Eed breasted Nuthatch Sitta canadensis) at Pelham Bay Park, Feb. 5. From Englewood, on Feb. 4, Mr. Griscom reported 2 Barred Owls Strix V. varia), 1 Long-eared Owl Asia wilsonianus) , 1 Saw-whet Owl Cryptoglaux a. acadica), 2 White-winged Crossbills Loxia leucoptera) , 40 Redpolls. Redpolls were seen at Leonia, N. J., by Mr. Weber during the last two weeks of January, and a Carolina Wren Thryothorus 1. ludovicianus) at the same time. Mr. Griscom said that Mr. R. D. Moffat told him of having a pair of Evening Grosbeaks Hesperiphona v. vespertina) visit his feeding station, near Ridgewood, N. J., on Feb. 12. Mr. J. T. Nichols, in company with Messrs. Boulton and Griscom, had visited Amity ville. Long Island, on Jan. 27, where they had seen 2 or 3 Bald Eagles Haliceetus 1. leucocephalus), 3 Long-eared Owls, a Night Heron Nycticorax nycticorax Ticevius), 3 Fox Sparrows Passerella i. iliaca), some 10 Savannah Sparrows Passerculus sandwichensis savanna), and a Brown Thrasher. On Feb. 12, with Mr. Griscom, he had gone from Amityville to Babylon, and they had noted 3 Mourning Doves Zenaidura macroura carolinensis) , a Savannah Sparrow, and upward of 11 Vesper Sparrow s Pooecetes g. gramineus), along roadside and railway track. 5 of the last-named being the largest number in any one place. Mr. Griscom gave the special paper of the evening, which dealt with the birds of the coastal prairies of southeastern Texas. This extreme corner of the United States, along the lower Rio Grande, is the richest spot for birds in our whole country. Brownsville lies in the same latitude as Key West, and has a considerable number of tropical and subtropica! species, as well as many migrants from the north. Jacanas Jacana spinosa), for instance, occur casually on the lower Rio Grande, but nowhere else in the United States. The",52197958,,,Internet Archive,abstractofprocee3043linn,American Museum of Natural History Library,English,https://biodiversitylibrary.org/permissions,In copyright. Digitized with the permission of the rights holder.,"Mr.. Pangburn stated that there was still a Catbird (Dumetella carolinensis) in Bronx Park on February 11 and 12. Mr. L. N. Nichols observed a flock of 12 Redpolls (Acanthis linaria) in Bronx Park on January 29, and a Red-breasted Nuthatch (Sitta canadensis) at Pelham Bay Park on February 5. From Englewood, on February 4, Mr. Griscom reported two Barred Owls (Strix varia), one Long-eared Owl (Asia wilsonianus), one Saw-whet Owl (Cryptoglaux acadica), two White-winged Crossbills (Loxia leucoptera), and 40 Redpolls. Redpolls were also seen at Leonia, New Jersey, by Mr. Weber during the last two weeks of January, along with a Carolina Wren (Thryothorus ludovicianus). Mr. Griscom mentioned that Mr. R. D. Moffat told him about a pair of Evening Grosbeaks (Hesperiphona vespertina) visiting his feeding station near Ridgewood, New Jersey, on February 12. 

Mr. J. T. Nichols, accompanied by Messrs. Boulton and Griscom, visited Amityville, Long Island, on January 27, where they saw two or three Bald Eagles (Haliaeetus leucocephalus), three Long-eared Owls, a Night Heron (Nycticorax nycticorax), three Fox Sparrows (Passerella iliaca), about ten Savannah Sparrows (Passerculus sandwichensis savanna), and a Brown Thrasher. On February 12, with Mr. Griscom, he traveled from Amityville to Babylon, observing three Mourning Doves (Zenaida macroura carolinensis), a Savannah Sparrow, and over eleven Vesper Sparrows (Pooecetes gramineus) along the roadside and railway track, with five of the latter being the largest number recorded in any one location.

Mr. Griscom delivered a special paper discussing the birds of the coastal prairies of southeastern Texas. This remote corner of the United States, along the lower Rio Grande, is the most bird-rich area in the country. Brownsville, which lies at the same latitude as Key West, hosts a considerable number of tropical and subtropical species, as well as many migrants from the north. Jacanas (Jacana spinosa), for example, occur casually on the lower Rio Grande but nowhere else in the United States."
Jacana spinosa,"ARIZONA BIRD COMMITTEE REPORT, 1974-1996: PART 1 reports of this species suggests that it may be almost annual in occurrence, the ABC retains the Red-shouldered Hawk on its review list because of possible confusion with similar species. BROAD-WINGED HAWK Buteo platypterus. Records accepted by the ABC are of one collected at Tucson, PIM. 7 Jan 1965 (MWh; UA), one at Ramsey Canyon, COS, 11 April 1976 (DSz), one at Cave Creek Canyon, COS, 14 Apr 1977 (WS), one along the upper S.P.R., COS, 27 Jul 1987 (TC), one at Ramsey Canyon, COS, 19 May 1988 (GR, JK), one along the upper S.P.R., COS, 18 Sep 1988 (DKr), one below Bartlett Dam, Verde R., MAR, 13 Feb 1992 (LA), one found dead at West Turkey Cr,, Chiricahua Mts., COS, 25 Feb 1994 (NSn; UA), and one at Barfoot Lookout, Chiricahua Mts., COS, 6 Aug 1995 (PM). There have been more 20 other reports published in Am, Birds NASFN since 1974. Because of possible confusion between this species and similar species, the Broad-winged Hawk will remain on the ABC review list. CRESTED CARACARA Caracara plancus. Records accepted by the ABC away from known breeding areas are of one at San Bernardino Ranch, COS, 10 Nov 1979 (DDa), one at Santa Maria Valley, YAV, 7 Jan 1981 (BMi), one in the Sulphur Springs Valley near Elfrida, COS, 6 Nov 1982 (AMo), and one in n.e. Phoenix, MAR, 6-23 Dec 1991 (ph. BVP). These represent just a few of the many extralimital records of this species in southern Arizona published in Am. Birds NASFN since 1974. Sketch details are requested for inclusion of such reports in Field Notes. BLACK RAIL Laterallus jamaicencis. One male was found dead at Mittry L., YUM, 2 May 1981 (DTo; UA); this species is locally common in summer along a short stretch of the L.C.R.V. (Monson and Phillips 1981), with a few unsubstantiated sight records from southeastern Arizona. The Black Rail remains a review species for all reports away from the L.C.R.V. PURPLE GALLINULE Porphvrula martinica. One at Willcox, COS, 7 Aug 1975 (DP), one at Sabino Canyon, PIM, 11 Sep 1976 (PN), one at Lehner Ranch near Palominas, COS, 1 Jun 1981 (EL; ph. KVR; Am. Birds 35:967), one at Cook s L., PIN, 15 Jul 1983 (KLe; ph. MOB), one at Gila Farms Pond, MAR, 1 Aug 1991 (SM), and one at Picacho Res., PIN, 8-14 Aug 1993 (BJR). Two additional records were published in Am. Birds (Jul 1993; Sep 1993) but not reviewed by the ABC. AMERICAN GOLDEN-PLOVER Pluvialis dominica. Records accepted by the ABC as at least an unidentified golden-plover are of single birds in s.w. Phoenix, MAR, 24-25 Oct 1974 (SD), 27 Aug-7 Sep 1975 (ST), 18 Oct-15 Nov 1975 (SH), and 11-24 Oct 1982 (ph. RWz; see Am. Birds 37:209), one at Parker, LAP, 6 May 1978 (KVR), one in s.w. Phoenix, MAR, one at Willcox, COS, 23 May 1983 (ph. RT), one at Many Farms L., APA, 14 Sep 1985 (BJa), one at Tucson, PIM, 14 Oct 1986 (JP), one at Ganado L., APA, 1 Oct 1989 (JSa), and one at Willcox, COS, 10-16 Sep 1992 (PH). One specimen obtained at Kayenta, NAV, 10 May 1984 (CTL; UA) is clearly dominica. We presume that all of the Arizona reports are more likely of dominica than fulua, but most of the details and photos submitted in the past are inadequate for positive determination. NORTHERN JACANA Jacana spinosa. Two accepted records for Arizona: one was at Kino Springs, then Guevavi Ranch, Nogales, SCR, 7 Jun 1985-3 Jan 1986 (R. EH; ph. EHp, PL, BZ; see Am. Birds 39:946), and one was at Mittry L., L.C.R.V., YUM, 6-30 Jun 1986 (ph. CCo). SOLITARY SANDPIPER Tringa solitaria. One winter record was reviewed and accepted by the ABC, of one in s.w. Phoenix, MAR, 15 Dec 1986 (DSj). WANDERING TATTLER Heteroscelus incanus. The only accepted state record for this species is of one in s.w. Phoenix, MAR, 18 Sep-9 Oct 1971 (BB; ph. RWz; 206",51681171,29.0,1998.0,Internet Archive,westernbirds29cali,Western Field Ornithologists,English,https://biodiversitylibrary.org/permissions,In copyright. Digitized with the permission of the rights holder.,"Arizona Bird Committee Report, 1974-1996: Part 1

Reports of this species suggest that it may be almost an annual occurrence. The ABC retains the Red-shouldered Hawk on its review list because of possible confusion with similar species.

BROAD-WINGED HAWK (Buteo platypterus). Records accepted by the ABC include one collected at Tucson, PIM, on January 7, 1965; one at Ramsey Canyon, COS, on April 11, 1976; one at Cave Creek Canyon, COS, on April 14, 1977; one along the upper S.P.R., COS, on July 27, 1987; one at Ramsey Canyon, COS, on May 19, 1988; one along the upper S.P.R., COS, on September 18, 1988; one below Bartlett Dam on the Verde River, MAR, on February 13, 1992; one found dead at West Turkey Creek, Chiricahua Mountains, COS, on February 25, 1994; and one at Barfoot Lookout, Chiricahua Mountains, COS, on August 6, 1995. There have been more than 20 other reports published in American Birds NASFN since 1974. Due to possible confusion with similar species, the Broad-winged Hawk will remain on the ABC review list.

CRESTED CARACARA (Caracara plancus). Records accepted by the ABC outside known breeding areas include one at San Bernardino Ranch, COS, on November 10, 1979; one at Santa Maria Valley, YAV, on January 7, 1981; one in the Sulphur Springs Valley near Elfrida, COS, on November 6, 1982; and one in northeastern Phoenix, MAR, from December 6 to 23, 1991. These are just a few of the many extralimital records of this species in southern Arizona published in American Birds NASFN since 1974. Sketch details are requested for inclusion of such reports in Field Notes.

BLACK RAIL (Laterallus jamaicencis). One male was found dead at Mittry Lake, YUM, on May 2, 1981. This species is locally common in summer along a short stretch of the Lower Colorado River Valley. There are a few unsubstantiated sight records from southeastern Arizona. The Black Rail remains a review species for all reports outside the Lower Colorado River Valley.

PURPLE GALLINULE (Porphyrula martinica). Records include one at Willcox, COS, on August 7, 1975; one at Sabino Canyon, PIM, on September 11, 1976; one at Lehner Ranch near Palominas, COS, on June 1, 1981; one at Cook's Lake, PIN, from July 15 to August 14, 1983; one at Gila Farms Pond, MAR, on August 1, 1991; and one at Picacho Reservoir from August 8 to 14, 1993. Two additional records were published in American Birds but not reviewed by the ABC.

AMERICAN GOLDEN-PLOVER (Pluvialis dominica). Records accepted by the ABC as at least an unidentified golden-plover include single birds in southwest Phoenix, MAR, from October 24-25, 1974; August 27 to September 7, 1975; October 18 to November 15, 1975; and October 11-24, 1982. Other records include one at Parker, LAP, on May 6, 1978; one in southwest Phoenix, MAR; one at Willcox, COS, on May 23, 1983; one at Many Farms Lake, APA, on September 14, 1985; one at Tucson, PIM, on October 14, 1986; one at Ganado Lake, APA, on October 1, 1989; and one at Willcox, COS, from September 10-16, 1992. A specimen obtained at Kayenta, NAV, on May 10, 1984, is clearly dominica. It is presumed that most Arizona reports are of dominica rather than fulua, but many past details and photos are inadequate for positive identification.

NORTHERN JACANA (Jacana spinosa). Two accepted records for Arizona include one at Kino Springs, then Guevavi Ranch, Nogales, SCR, from June 7, 1985, to January 3, 1986; and one at Mittry Lake, Lower Colorado River Valley, YUM, from June 6-30, 1986.

SOLITARY SANDPIPER (Tringa solitaria). One winter record was reviewed and accepted by the ABC, of a single individual in southwest Phoenix, MAR, on December 15, 1986.

WANDERING TATTLER (Heteroscelus incanus). The only accepted state record for this species is of one in southwest Phoenix, MAR, from September 18 to October 9, 1971."
Jacana spinosa,"AMERICAN QUAIL 269 secondaries white, primaries fuscous, upper tail-coverts white, base of tail white, end fuscous, lower breast and belly white. Im. Similar, but head and neck blackish and upperparts more or less margined with buffy. L., 19-00; W., 10-50; Tar., 2 40; B., 3 40. Range . Coasts of N. and S. A. from Tex., La., and Va. (formerly N. J.) s. on both coasts of Mex. to the West Indies, s. Brazil, and cen. Chile; casual n. to N. B. Breeds probably throughout its range. Long Island, A. V. Nest, a depression in the sand. Eggs, 3, buffy white or creamy buff, rather evenly spotted and blotched with chocolate, 2 20 x 1 55. Date, Mouth St. John s River, Fla., Apl. 10; Coast S. C., Apl. 20; Cobb s Is., Va., May 10. This not uncommon species from Virginia southward, is confined exclusively to the coast, and breeds usually in isolated pairs. Wayne states that in the winter it is found on the South Carolina coast in flocks of from twenty to seventy-five individuals. It agrees in habits with other members of this small family. 1905. Job, H. K., Wild Wings, 239 (nesting). The European Oyster-catcher 285. Hcematopus ostralegus ) is of accidental occurrence in Greenland. The Mexican Jacana 288. Jacana spinosa ) occurs in the lower Rio Grande valley of Tex., in Cuba and southward, and has been once recorded from Fla. (Lake Okeechobee, Oct. 1889; Mearns, Auk, 1902, 79). X. ORDER GALLING. GALLINACEOUS BIRDS 30. Family Odontophoriml American Quail. (Fig. 44.) The members of this family, some sixty in number, are the American representatives of the Old World Perdicidce, or true Quails and Partridges, to which structurally they are closely related though differing in external appearance. Doubtless the two families, as for convenience we term them, had a common origin, just as Old and New World Pigeons, or Parrots, or Spoonbills, for example, have had, and we may believe that in the later Tertiary Period, when a much warmer climate prevailed in Arctic regions, their range was doubtless continuous. The present center of abundance of the American species is in the tropics, to which the seventeen species of Wood Quail of the genus Odontophorus are confined, only seven of the sixty members of the family crossing our southern border. This includes our Bob-white and the Masked Bob-white of northern Sonora, and formerly, at least, southern Arizona, the Scaled, Mearns and Gambel s Quails of our Mexican border States, and the California Valley and Mountain Quails. In eastern North America we have only one species, our familiar Bob-white, not, as we are apt to imagine it, a distinctively North American bird, but the most northern representative of a type whose stronghold is in Mexico where ten forms of the genus Colinus are known.",54198079,,1912.0,Internet Archive,handbookofbi00chap,Smithsonian Libraries and Archives,English,,Not in copyright. The BHL knows of no copyright restrictions on this item.,"American Quail: Secondaries white, primaries fuscous, upper tail-coverts white, base of tail white, end fuscous, lower breast and belly white. Similar, but head and neck blackish and upperparts more or less margined with buffy. Length: 19.00 inches; Wings: 10.50 inches; Tail: 2.40 inches; Bill: 3.40 inches. Range: Coasts of North and South America from Texas, Louisiana, and Virginia (formerly New Jersey) on both coasts of Mexico to the West Indies, southern Brazil, and central Chile; occasionally north to New Brunswick. Breeds probably throughout its range. In Long Island, nests are found in depressions in the sand. Eggs are buffy white or creamy buff, rather evenly spotted and blotched with chocolate, measuring approximately 2.20 by 1.55 inches. Dates of observation include April 10 at Mouth St. John’s River, Florida; April 20 on the South Carolina coast; and May 10 on Cobb’s Island, Virginia. This not uncommon species from Virginia southward is confined exclusively to the coast and usually breeds in isolated pairs. Wayne states that in winter it is found on the South Carolina coast in flocks of twenty to seventy-five individuals. It shares habits with other members of this small family. 

The European Oyster-catcher (Hematopus ostralegus) is of accidental occurrence in Greenland. The Mexican Jacana (Jacana spinosa) occurs in the lower Rio Grande valley of Texas, in Cuba, and southward, and has been recorded once from Florida (Lake Okeechobee, October 1889; Mearns, Auk, 1902, 79).

Order: Gallinaceous Birds  
Family: Odontophoridae — American Quail

The members of this family, numbering about sixty species, are the American representatives of the Old World Perdicidæ, or true Quails and Partridges, to which they are closely related structurally, though differing in external appearance. It is believed that both families originated from a common ancestor, similar to how Old and New World pigeons, parrots, or spoonbills are related. During the later Tertiary Period, when Arctic regions had a much warmer climate, their ranges were likely continuous. Today, the center of abundance for American species is in the tropics, with seventeen species of Wood Quail of the genus Odontophorus confined there. Only seven of the sixty family members cross the southern border of the United States. This includes our Bob-white and the Masked Bob-white of northern Sonora, and formerly southern Arizona, as well as the Scaled, Mearns’s, and Gambel’s Quails of Mexican border states, and the California Valley and Mountain Quails. In eastern North America, only one species is present: our familiar Bob-white. Contrary to common belief, it is not a distinctly North American bird but the most northern representative of a type whose primary range is in Mexico, where ten forms of the genus Colinus are known."
Jacana spinosa,"Waterfowl: A very important area for breeding, passage and wintering waterfowl. Breeding birds include 50 pairs of Podilymbus podiceps, 25 pairs of Podiceps dominicus, 10 pairs of Ixobrychus exilis, 15 pairs of Tigrisoma lineatum, 30 pairs of Butorides virescens, 200 pairs of Dendrocygna autumnalis, 40 pairs of Aramus guarauna, 25 pairs of Rallus maculatus, 40 pairs of Porphyrula martinica and 300 pairs of Jacana spinosa. Average counts of non-breeding visitors include 500 Bubulcus ibis, 100 Egretta thula, 500 E. alba, 250 Mycteria americana and 30 Himantopus himantopus. Average counts of Nearctic migrants include 12 Ardea herodias, 40 Anas americana, 300 Anas discors, 50 Tringa flavipes, 100 Tringa solitaria, 45 Actitis macularia, 160 Calidris minutilla and 140 C. melanotos.",31350942,,,Internet Archive,directoryofneotr86scot,"UNEP-WCMC, Cambridge",English,,Copyright Owner: IUCN Conservation Monitoring Centre,"Waterfowl: A very important area for breeding, passage, and wintering waterfowl. Breeding birds include 50 pairs of Podilymbus podiceps, 25 pairs of Podiceps dominicus, 10 pairs of Ixobrychus exilis, 15 pairs of Tigrisoma lineatum, 30 pairs of Butorides virescens, 200 pairs of Dendrocygna autumnalis, 40 pairs of Aramus guarauna, 25 pairs of Rallus maculatus, 40 pairs of Porphyrula martinica, and 300 pairs of Jacana spinosa. Average counts of non-breeding visitors include 500 Bubulcus ibis, 100 Egretta thula, 500 Egretta alba, 250 Mycteria americana, and 30 Himantopus himantopus. Average counts of Nearctic migrants include 12 Ardea herodias, 40 Anas americana, 300 Anas discors, 50 Tringa flavipes, 100 Tringa solitaria, 45 Actitis macularia, 160 Calidris minutilla, and 140 Calidris melanotos."
Jacana spinosa,"1925 Beebe: Ecology of Kartabo 153 In the quarter square mile of jungle under observation I have breeding records of two hundred and five species of birds, scattered throughout seven hundred and three separate records of eggs, young or breeding condition. To the following list of the species I have added the months in each case and the number of times in which breeding has been observed in each month. I have followed Chubb in his Birds of British Guiana as to sequence and scientific names: BREEDING RECORD OF KARTABO BIRDS Tinamus major March (7), April (17), May (7). Crypturus soui May (2). Crypturus variegatus March (3), April (5), May (3), June (4), July (3), September, October. Crax nigra March, April (3), August. Penelope mar ail July. Penelope granti March, April (2). Ortalis motmot May, August. Odontophorus guianensis April (2), May (3),' June (2), August (2), September. Columba speciosa April (4), May. Columba purpureotincta May. Chaemepelia griseola August. Chaemepelia talpacoti March (3), April, September (3), November, December. Leptoptila rufaxilla March (2), April (5), May (5), September. Leptoptila verrauxi September. Oreopelia montana March, April (5), May (5), June (3). Ar amides cajanea cajanea June. Porzana albicollis April to mid-July, fresh eggs. Creciscus exilis April, September. Creciscus viridis April 5-July 13, fresh eggs; June. Phaethusa chloropodaAugust, 3 month juv. Jacana spinosa January, June. Eurypyga helias April, May, June (2). Psophia crepitans March, April, August. Theristicus caudatus June. Butorides striata August. Anhinga anhinga June. Ibycter ater March. Milvago chimachima March, May. Micrastur gilvicollis April. Leucopternis melanops March. Elanoides forficatus March. Chondrohierax palliatusMay.",51080623,6.0,1925.0,Internet Archive,zoologicascienti61925newy,Smithsonian Libraries and Archives,English,https://www.biodiversitylibrary.org/permissions/,In Copyright. Digitized with the permission of the rights holder,"In the quarter-square mile of jungle under observation, I have breeding records of two hundred and five bird species, documented through seven hundred and three separate records of eggs, young, or breeding conditions. For each species, I have noted the months in which breeding has been observed and the number of times breeding was recorded in each month. I have followed Chubb's sequence and scientific names from *Birds of British Guiana*. 

Breeding records of Kartabo birds include:

- Tinamus major: March (7), April (17), May (7)
- Crypturus soui: May (2)
- Crypturus variegatus: March (3), April (5), May (3), June (4), July (3), September, October
- Crax nigra: March, April (3), August
- Penelope marail: July
- Penelope granti: March, April (2)
- Ortalis motmot: May, August
- Odontophorus guianensis: April (2), May (3), June (2), August (2), September
- Columba speciosa: April (4), May
- Columba purpureotincta: May
- Chaemepelia griseola: August
- Chaemepelia talpacoti: March (3), April, September (3), November, December
- Leptoptila rufaxilla: March (2), April (5), May (5), September
- Leptoptila verrauxi: September
- Oreopelia montana: March, April (5), May (5), June (3)
- Aramides cajanea cajanea: June
- Porzana albicollis: April to mid-July, with fresh eggs
- Creciscus exilis: April, September
- Creciscus viridis: April 5 to July 13, with fresh eggs; June
- Phaethusa chloropoda: August, three-month juvenile
- Jacana spinosa: January, June
- Eurypyga helias: April, May, June (2)
- Psophia crepitans: March, April, August
- Theristicus caudatus: June
- Butorides striata: August
- Anhinga anhinga: June
- Ibycter ater: March
- Milvago chimachima: March, May
- Micrastur gilvicollis: April
- Leucopternis melanops: March
- Elanoides forficatus: March
- Chondrohierax palliatus: May"
Jacana spinosa,"ARIZONA BIRD COMMITTEE REPORT, 2005-2009 RECORDS on a second round of voting), COS, 2 Aug 2008 (tBFi), and one juvenile was photographed in suburban Tucson, PIM, 11 Feb-13 Apr 2008 (t, ph. DJS; see N. Am. Birds 62:283) and 20 Nov 2008-14 Mar 2009 (ph. DJS, CC, AC, NH, DMc, BSt). The bird wintering in Tucson was in an odd plumage. At first it was thought simply to be retaining juvenile feathers, but the question of possible hybridization has been raised. The committee plans to discuss the identity of this individual. The number of records likely includes many returning individuals. PURPLE GALLINULE Porphyrio martinica (4, 6, 3). One adult was at the Sweetwater Wetlands in Tucson, PIM, 30 Jul-12 Aug 2006 (D PP; ph. MMS), one immature was there 27 Aug-5 Sep 2008 (t, ph. PK), and one was at Gilbert Water Ranch, MAR, 2-8 Sep 2009 (ph. GN, PD, TT, BAm). This species remains a casual visitor to southern Arizona, with all records falling between June and early September. AMERICAN GOLDEN-PLOVER Pluuialis dominica (21, 17, 8). One older record of one in basic plumage accepted from Willcox, COS, 1-3 July 2003 (t, ph. DJS). Other accepted records are of two individuals together at Gilbert Water Ranch, MAR, 23-24 Apr 2005 (BHi; ph. CMa; v.r. MRu), one in mostly basic plumage at Vicksburg, LAP, 27 Apr-3 May 2008 (tPL, t, phKR), one juvenile at Whitewater Draw Wildlife Area, COS, 25-26 Sep 2008 (PWa;t, ph AC), one juvenile on the Santa Cruz Flats near Eloy, PIN, 24-26 Oct 2008 (t, ph. A DK), one in basic plumage at Whitewater Draw Wildlife Area, COS, 4 May 2009 (JF; t, ph. DJS), another there 8 May 2009 (ph. DJS), and one molting into adult plumage at Roosevelt Lake, GIL, 16 May 2009 (t, ph. STj). Although the American Golden-Plover has become almost annual in Arizona, the ABC continues to review it because of its similarity to the Pacific Golden-Plover P. fulva), of which there are now two Arizona records. PACIFIC GOLDEN-PLOVER Pluuialis fulva (0, 1, 1). Arizona s second record was of one second-cycle male at Willcox, COS, 26-27 Jun 2009 (t, ph. MMS; ph. GHR, JMh, RT; Figure 1; see N. Am. Birds 63:672). NORTHERN JACANA Jacana spinosa (0, 3, 2). One adult at Dave White Golf Course, Casa Grande, PIN, 1 Nov 2007-9 Apr 2008 (GK; v.r. MP; ph. ES, GHR; s.r. PD; see N. Am. Birds 62:188) and 8 Nov-18 Dec 2008 (ph. JWa), established a fourth record for Arizona. Arizona s fifth record was of an immature, a first for the state in this plumage, at the Patagonia Lake spillway, SCR, 7 Oct 2008 (t, ph. MB). UPLAND SANDPIPER Bartramia longicauda (3, 3, 1). One was seen and recorded as it flew over while the observer was recording vocalizations of grassland species near Sonoita, SCR, 24 Aug 2007 (s.r. JF). RUDDY TURNSTONE Arenaria interpres (2, 3, 4). Accepted records are of one adult at Willcox, COS, 22 Jul-1 Aug 2007 (CLu, RM; ph. RS, MMS, RW; see N. Am. Birds 61:625), one juvenile at Aztec, YUM, 23-25 Aug 2007 (PN, ph. HD), one juvenile at Willcox, COS, 26 Sep-2 Oct 2008 (RM; ph. DBe, TR), and one juvenile there 4-7 Sep 2009 (t, ph. DJS, REW). In 1978, this species was removed from the review list and numerous reports were subsequently published in American Birds but not reviewed. The ABC reinstated the Ruddy Turnstone on the review list in 2007 because of a noticeable decrease in reports during the 1980s and 1990s. It remains a casual visitor to Arizona, with about 25 published records (many not reviewed), all but three from late July to mid-September. BLACK TURNSTONE Arenaria melanocephala (0, 0, 1). A one-year-old at Willcox, COS, 2-5 Jun 2005 (RE; t, ph. MMS, RD, JEs; Figure 2) provided a first Arizona record. This species was considered long overdue, as it occurs regularly in the Gulf of California (Russell and Monson 1998) and nearly annually in spring at the Salton Sea in southeastern California (Patten et al. 2003). For a fuller account, see Stevenson (2005). 205",51696365,42.0,2011.0,Internet Archive,westernbirds42cali,Western Field Ornithologists,English,https://biodiversitylibrary.org/permissions,In copyright. Digitized with the permission of the rights holder.,"ARIZONA BIRD COMMITTEE REPORT, 2005-2009

Records include a second round of voting, COS, 2 August 2008, and one juvenile photographed in suburban Tucson, PIM, from 11 February to 13 April 2008 (photographed by DJS; see North American Birds 62:283). Another juvenile was photographed from 20 November 2008 to 14 March 2009 (by DJS, CC, AC, NH, DMc, BSt). The bird wintering in Tucson exhibited an unusual plumage. Initially, it was thought to be retaining juvenile feathers, but the possibility of hybridization has been raised. The committee plans to discuss the identity of this individual. The number of records likely includes many returning individuals.

PURPLE GALLINULE, Porphyrio martinica (4, 6, 3). One adult was observed at the Sweetwater Wetlands in Tucson from 30 July to 12 August 2006 (photographed by MMS). An immature was present there from 27 August to 5 September 2008, and another was at Gilbert Water Ranch from 2 to 8 September 2009 (photographed by GN, PD, TT, BAm). This species remains a casual visitor to southern Arizona, with all records occurring between June and early September.

AMERICAN GOLDEN-PLOVER, Pluvialis dominica (21, 17, 8). An older record of one in basic plumage from Willcox, COS, from 1 to 3 July 2003 was accepted. Other accepted records include two individuals together at Gilbert Water Ranch from 23 to 24 April 2005, one mostly in basic plumage at Vicksburg, LAP, from 27 April to 3 May 2008, a juvenile at Whitewater Draw Wildlife Area, COS, from 25 to 26 September 2008, and a juvenile on the Santa Cruz Flats near Eloy, PIN, from 24 to 26 October 2008. Additional records include one in basic plumage at Whitewater Draw Wildlife Area on 4 May 2009, another there on 8 May 2009, and one molting into adult plumage at Roosevelt Lake, GIL, on 16 May 2009. Although the American Golden-Plover has become almost an annual visitor to Arizona, the ABC continues to review it due to its similarity to the Pacific Golden-Plover, of which there are now two records in Arizona.

PACIFIC GOLDEN-PLOVER, Pluvialis fulva (0, 1, 1). Arizona’s second record involved a second-cycle male at Willcox, COS, from 26 to 27 June 2009 (photographed by MMS; photographs by GHR, JMh, RT; see North American Birds 63:672).

NORTHERN JACANA, Jacana spinosa (0, 3, 2). One adult was observed at Dave White Golf Course in Casa Grande, PIN, from 1 November 2007 to 9 April 2008 (photographed by ES, GHR; vocalizations recorded by MP; see North American Birds 62:188). An immature was seen there from 8 November to 18 December 2008. This established a fourth record for Arizona. The fifth record involved an immature, the first in this plumage for the state, at the Patagonia Lake spillway, SCR, on 7 October 2008.

UPLAND SANDPIPER, Bartramia longicauda (3, 3, 1). One individual was observed flying over while recording vocalizations of grassland species near Sonoita, SCR, on 24 August 2007.

RUDDY TURNSTONE, Arenaria interpres (2, 3, 4). Accepted records include one adult at Willcox, COS, from 22 July to 1 August 2007, one juvenile at Aztec, YUM, from 23 to 25 August 2007, one juvenile at Willcox from 26 September to 2 October 2008, and another juvenile there from 4 to 7 September 2009. In 1978, this species was removed from the review list, but numerous reports were published afterward. The ABC reinstated the Ruddy Turnstone on the review list in 2007 due to a noticeable decrease in reports during the 1980s and 1990s. It remains a casual visitor to Arizona, with about 25 published records, most from late July to mid-September.

BLACK TURNSTONE, Arenaria melanocephala (0, 0, 1). A one-year-old at Willcox, COS, from 2 to 5 June 2005 provided the first Arizona record. This species is considered long overdue in Arizona, as it occurs regularly in the Gulf of California and nearly annually in spring at the Salton Sea in southeastern California."
Jacana spinosa,"334 JOURNAL BOMBAY NATURAL HIST. SOCIETY Vol. 92 (1995) Pheasant-tailed Jacana. However, one nest of purple moorhen about 15 m away from a nest of Pheasant-tailed Jacana was sighted and this suggests that there was not much competition between these two species. The two species of jacanas not breeding inside the Park in the same year during the study period does not indicate competition between them. Rather, it indicates that their habitat requirements are different. Acknowledgements This paper is an offshoot of the Keoladeo Refer Ali, S. S.D. Ripley (1983): Handbook of the birds of India and Pakistan. Compact edition. Oxford University press. New Delhi. A u S. V.S. Viiayan (1983): Hydrobiological (Ecological) research at Keoladeo National Park, Bharatput. First Interim Report. Bombay Natural History Society, Bombay. Chattopadhayay, S. (1980): Observations on the parental care of a wounded chick of the Bronzewinged Jacana Metopidius indicus (Latham). J. Bombay, nat. Hist. Soc. 77: 325. Christian. J.J. (1970): Social subordination, population density and mammalian evolution. Science 168: 84-90. Cochen, Y. ( 1 988): Bayesian estimation of clutch size for scientific and management purposes. J. Wildl. Manage. 52(4) 787-793. Dutton, T.P. (1969): The unusual incubation behaviour of Actophilornis qfricanus. Bokmakierie 21(1): 20-2 1 . Fry, C.H. ( 1983); Incubation, brooding, and a structural character of the African Jacana. Ostrich 54: 175-176. Hoffmann, A. (1949): Uber die brutfleg des polyandrischen wasserfassans Hydrophasianus chirm-gas (Scop.). Zoo l Jalirb., Abt. Syst. Oekol. Geogr. Tiere 78:361-403. Hoffmann, A. (1950): Zur Brutbiologie des Wasserfasans. Omit liol. Bericht 2: 119-126. Hopcraet, J.B.D. (1968): Some notes on the chick carrying behaviour in the African Jacana. Living Bird 7: 85-88. Jenni, D A. (1974): Evolution of polyandry in birds. Amer. Zool. 14: 129-144. Jenni, D.A. B.J. Betts (1978): Sex difference in nest construction, incubation, and parental care in the polyandrous American Jacana Jacana spinosa. Anim. Behav. 26: 207-218. Jf.nni, D.A. G. Collier (1972): Polyandry in the American Jacana ( Jacana spinosa). Auk 89: 743-765. Kendeigii, S.C. (1944): The measurement of bird populations. Ecological monographs 14. Mathew, D.N. (1964): Observations on the breeding habits of the Bronzewinged Jacana ( Metopidius indicus Latham). J. Bombay nat. Hist. Soc. 61(2): 295-302. National Park Ecology project of the BNHS, sponsored by the U.S. Fish and Wildlife Service through the Ministry of Environment, Govt, of India. We thank Messrs. Ajay Varadachary and S. Alagar Rajan for carefully going through the manuscript and giving comments. We are grateful to the Rajasthan Forest Department officials for their cooperation. We arc indebted to Mr J. C. Daniel for his encouragement. ENCES Miller, A.H. (1931): Observation on the incubation and care of young in the Jacanas. Condor 33: 32-33. Muller-dombois, D. H. Ellenberg (1974): Aims and methods of vegetation ecology. J. Wiley and Sons, New York. Osborne, D.R. (1982): Replacement nesting and polyandry in the wattled jacana. Wilson Bull. 94: 206-208. Osborne, D.R. G.B. Bourne (1977): Breeding behaviour and food habits of the wattled Jacana. Condor 79: 78-105. Perrins, C.M. T.R. Birkhead (1983): Avian ecology. Blackie and Son, Glasgow. Prasad, V.P. (1988): Wetland angiosperms of Keoladeo National Park, Bharatpur Rajasthan. . . Eco. Tax. Bot. 12(2): 457-466. Prasad, V.P. (1989): Flora of Keoladeo National Park, Bharatpur, Rajasthan. J. Eco. Tax. Bot. 13(3) 729-750. Serrao, J.S. P.B. Shekar (1962): Pheasant-tailed Jacanas at Kalina. Newsletter for Birdwatchers 2(1 ):4-6. Sridharan, U. (1989): Comparative ecology of resident Ducks in Keoladeo National Park, Bharatpur, Rajasthan. Ph.D. Thesis, University of Bombay, Bombay. Stephens, M.L. (1984a). Maternal care and polyandry in the Northern Jacana Jacana spinosa. Ph.D. thesis. Univ. of Chicago. Illinois. Stephens, M.L. (1984b): Intraspecific distraction displays of the polyandrous Northern Jacana Jacana spinosa. Ibis 126: 7072. Steyn, P. (1973): African Jacana at last. Bokmakierie 25(2): 3437. Vernon, C.J. (1973): Polyandrous Actophilornis qfricanus. Ostrich 44( 1 ): 85. Vijayan, V.S. (1988): Keoladeo National Park Ecology Study. Annual Report 1987. Bombay Natural History Society. Bombay. Welch, PS. (1948): Limnological Methods. McGraw Hill, New York. Wilkinson, L. (1988): SYSTAT: The system for statistical analysis. Systat Inc. Evanston, Illinois. Wilson, G. (1974): Incubating behaviour of the African Jacana. Ostrich 45: 185-188. Wynne-Edwards, V.C. (1986): Evolution through group selection. Blackwell Sci. Publ., Oxford.",48613891,92.0,1995.0,Internet Archive,journalofbombay921995bomb,Smithsonian Libraries and Archives,English,https://www.biodiversitylibrary.org/permissions/,In Copyright. Digitized with the permission of the rights holder,"Here is the cleaned and corrected version of your text:

---

**JOURNAL BOMBAY NATURAL HIST. SOCIETY** Vol. 92 (1995)

A nest of purple moorhen was observed about 15 meters away from a nest of Pheasant-tailed Jacana, suggesting that there was not much competition between these two species. The fact that the two species of jacanas did not breed inside the park in the same year during the study period does not indicate competition between them. Instead, it suggests that their habitat requirements are different.

**Acknowledgements**

This paper is an offshoot of the Keoladeo National Park ecology study. We thank Messrs. Ajay Varadachary and S. Alagar Rajan for carefully reviewing the manuscript and providing valuable comments. We are grateful to the Rajasthan Forest Department officials for their cooperation. We also thank Mr. J. C. Daniel for his encouragement.

**References**

Ali, S. S. D. Ripley (1983): *Handbook of the Birds of India and Pakistan*. Compact edition. Oxford University Press, New Delhi.

V.S. Viiayan (1983): *Hydrobiological (Ecological) Research at Keoladeo National Park, Bharatpur*. First Interim Report. Bombay Natural History Society, Bombay.

Chattopadhayay, S. (1980): Observations on the parental care of a wounded chick of the Bronzewinged Jacana (*Metopidius indicus*). *Journal of the Bombay Natural History Society*, 77: 325.

Christian, J. J. (1970): Social subordination, population density, and mammalian evolution. *Science*, 168: 84-90.

Cohen, Y. (1988): Bayesian estimation of clutch size for scientific and management purposes. *Journal of Wildlife Management*, 52(4): 787-793.

Dutton, T. P. (1969): The unusual incubation behavior of *Actophilornis africanus*. *Bokmakierie*, 21(1): 20-21.

Fry, C. H. (1983): Incubation, brooding, and structural characteristics of the African Jacana. *Ostrich*, 54: 175-176.

Hoffmann, A. (1949): Über die Brutpflege des polyandrischen Wasserfasanes *Hydrophasianus chirm-gas* (Scop.). *Zoologischer Anzeiger*, Abt. Syst. Oekol. Geogr. Tiere, 78: 361-403.

Hoffmann, A. (1950): Zur Brutbiologie des Wasserfasanes. *Oekologische Berichte*, 2: 119-126.

Hopcroft, J. B. D. (1968): Some notes on chick-carrying behavior in the African Jacana. *Living Bird*, 7: 85-88.

Jenni, D. A. (1974): Evolution of polyandry in birds. *American Zoologist*, 14: 129-144.

Jenni, D. A., B. J. Betts (1978): Sex differences in nest construction, incubation, and parental care in the polyandrous American Jacana (*Jacana spinosa*). *Animal Behaviour*, 26: 207-218.

Jenni, D. A., G. Collier (1972): Polyandry in the American Jacana (*Jacana spinosa*). *The Auk*, 89: 743-765.

Kendeigh, S. C. (1944): The measurement of bird populations. *Ecological Monographs*, 14.

Mathew, D. N. (1964): Observations on the breeding habits of the Bronzewinged Jacana (*Metopidius indicus*). *Journal of the Bombay Natural History Society*, 61(2): 295-302.

This research was part of the National Park Ecology Project of the BNHS, sponsored by the U.S. Fish and Wildlife Service through the Ministry of Environment, Government of India.

We thank Messrs. Ajay Varadachary and S. Alagar Rajan for carefully reviewing the manuscript and providing comments. We are grateful to the Rajasthan Forest Department officials for their cooperation. We also thank Mr. J. C. Daniel for his encouragement.

**Additional References**

Miller, A. H. (1931): Observation on the incubation and care of young in the Jacanas. *Condor*, 33: 32-33.

Müller-Dombois, D., H. Ellenberg (1974): *Aims and Methods of Vegetation Ecology*. Wiley and Sons, New York.

Osborne, D. R. (1982): Replacement nesting and polyandry in the wattled jacana. *Wilson Bulletin*, 94: 206-208.

Osborne, D. R., G. B. Bourne (1977): Breeding behavior and food habits of the wattled Jacana. *Condor*, 79: 78-105.

Perrins, C. M., T. R. Birkhead (1983): *Avian Ecology*. Blackie and Son, Glasgow.

Prasad, V. P. (1988): Wetland angiosperms of Keoladeo National Park, Bharatpur, Rajasthan. *Ecology and Taxonomy of Botany*, 12(2): 457-466.

Prasad, V. P. (1989): Flora of Keoladeo National Park, Bharatpur, Rajasthan. *Journal of Ecology and Taxonomy of Botany*, 13(3): 729-750.

Serrao, J. S., P. B. Shekar (1962): Pheasant-tailed Jacanas at Kalina. *Newsletter for Birdwatchers*, 2(1): 4-6.

Sridharan, U. (1989): Comparative ecology of resident ducks in Keoladeo National Park, Bharatpur, Rajasthan. Ph.D. thesis, University of Bombay, Bombay.

Stephens, M. L. (1984a): Maternal care and polyandry in the Northern Jacana (*Jacana spinosa*). Ph.D. thesis, University of Chicago, Illinois.

Stephens, M. L. (1984b): Intraspecific distraction displays of the polyandrous Northern Jacana (*Jacana spinosa*). *Ibis*, 126: 70-72.

Steyn, P. (1973): African Jacana at last. *Bokmakierie*, 25(2): 34-37.

Vernon, C. J. (1973): Polyandrous *Actophilornis africanus*. *Ostrich*, 44(1): 85.

Vijayan, V. S. (1988): Keoladeo National Park ecology study. Annual Report 1987. Bombay Natural History Society, Bombay.

Welch, P. S. (1948): *Limnological Methods*. McGraw Hill, New York.

Wilkinson, L. (1988): *SYSTAT: The System for Statistical Analysis*. Systat Inc., Evanston, Illinois.

Wilson, G. (1974): Incubating behavior of the African Jacana. *Ostrich*, 45: 185-188.

Wynne-Edwards, V. C. (1986): *Evolution through Group Selection*. Blackwell Scientific Publications, Oxford.

---

Let me know if you need further modifications!"
Jacana spinosa,"334 JOURNAL BOMBAY NATURAL HIST. SOCIETY Vol. 92 (1995) Pheasant-tailed Jacana. However, one nest of purple moorhen about 15 m away from a nest of Pheasant-tailed Jacana was sighted and this suggests that there was not much competition between these two species. The two species of jacanas not breeding inside the Park in the same year during the study period does not indicate competition between them. Rather, it indicates that their habitat requirements are different. Acknowledgements This paper is an offshoot of the Keoladeo Refer Ali, S. S.D. Ripley (1983): Handbook of the birds of India and Pakistan. Compact edition. Oxford University press. New Delhi. A u S. V.S. Viiayan (1983): Hydrobiological (Ecological) research at Keoladeo National Park, Bharatput. First Interim Report. Bombay Natural History Society, Bombay. Chattopadhayay, S. (1980): Observations on the parental care of a wounded chick of the Bronzewinged Jacana Metopidius indicus (Latham). J. Bombay, nat. Hist. Soc. 77: 325. Christian. J.J. (1970): Social subordination, population density and mammalian evolution. Science 168: 84-90. Cochen, Y. ( 1 988): Bayesian estimation of clutch size for scientific and management purposes. J. Wildl. Manage. 52(4) 787-793. Dutton, T.P. (1969): The unusual incubation behaviour of Actophilornis qfricanus. Bokmakierie 21(1): 20-2 1 . Fry, C.H. ( 1983); Incubation, brooding, and a structural character of the African Jacana. Ostrich 54: 175-176. Hoffmann, A. (1949): Uber die brutfleg des polyandrischen wasserfassans Hydrophasianus chirm-gas (Scop.). Zoo l Jalirb., Abt. Syst. Oekol. Geogr. Tiere 78:361-403. Hoffmann, A. (1950): Zur Brutbiologie des Wasserfasans. Omit liol. Bericht 2: 119-126. Hopcraet, J.B.D. (1968): Some notes on the chick carrying behaviour in the African Jacana. Living Bird 7: 85-88. Jenni, D A. (1974): Evolution of polyandry in birds. Amer. Zool. 14: 129-144. Jenni, D.A. B.J. Betts (1978): Sex difference in nest construction, incubation, and parental care in the polyandrous American Jacana Jacana spinosa. Anim. Behav. 26: 207-218. Jf.nni, D.A. G. Collier (1972): Polyandry in the American Jacana ( Jacana spinosa). Auk 89: 743-765. Kendeigii, S.C. (1944): The measurement of bird populations. Ecological monographs 14. Mathew, D.N. (1964): Observations on the breeding habits of the Bronzewinged Jacana ( Metopidius indicus Latham). J. Bombay nat. Hist. Soc. 61(2): 295-302. National Park Ecology project of the BNHS, sponsored by the U.S. Fish and Wildlife Service through the Ministry of Environment, Govt, of India. We thank Messrs. Ajay Varadachary and S. Alagar Rajan for carefully going through the manuscript and giving comments. We are grateful to the Rajasthan Forest Department officials for their cooperation. We arc indebted to Mr J. C. Daniel for his encouragement. ENCES Miller, A.H. (1931): Observation on the incubation and care of young in the Jacanas. Condor 33: 32-33. Muller-dombois, D. H. Ellenberg (1974): Aims and methods of vegetation ecology. J. Wiley and Sons, New York. Osborne, D.R. (1982): Replacement nesting and polyandry in the wattled jacana. Wilson Bull. 94: 206-208. Osborne, D.R. G.B. Bourne (1977): Breeding behaviour and food habits of the wattled Jacana. Condor 79: 78-105. Perrins, C.M. T.R. Birkhead (1983): Avian ecology. Blackie and Son, Glasgow. Prasad, V.P. (1988): Wetland angiosperms of Keoladeo National Park, Bharatpur Rajasthan. . . Eco. Tax. Bot. 12(2): 457-466. Prasad, V.P. (1989): Flora of Keoladeo National Park, Bharatpur, Rajasthan. J. Eco. Tax. Bot. 13(3) 729-750. Serrao, J.S. P.B. Shekar (1962): Pheasant-tailed Jacanas at Kalina. Newsletter for Birdwatchers 2(1 ):4-6. Sridharan, U. (1989): Comparative ecology of resident Ducks in Keoladeo National Park, Bharatpur, Rajasthan. Ph.D. Thesis, University of Bombay, Bombay. Stephens, M.L. (1984a). Maternal care and polyandry in the Northern Jacana Jacana spinosa. Ph.D. thesis. Univ. of Chicago. Illinois. Stephens, M.L. (1984b): Intraspecific distraction displays of the polyandrous Northern Jacana Jacana spinosa. Ibis 126: 7072. Steyn, P. (1973): African Jacana at last. Bokmakierie 25(2): 3437. Vernon, C.J. (1973): Polyandrous Actophilornis qfricanus. Ostrich 44( 1 ): 85. Vijayan, V.S. (1988): Keoladeo National Park Ecology Study. Annual Report 1987. Bombay Natural History Society. Bombay. Welch, PS. (1948): Limnological Methods. McGraw Hill, New York. Wilkinson, L. (1988): SYSTAT: The system for statistical analysis. Systat Inc. Evanston, Illinois. Wilson, G. (1974): Incubating behaviour of the African Jacana. Ostrich 45: 185-188. Wynne-Edwards, V.C. (1986): Evolution through group selection. Blackwell Sci. Publ., Oxford.",48613891,92.0,1995.0,Internet Archive,journalofbombay921995bomb,Smithsonian Libraries and Archives,English,https://www.biodiversitylibrary.org/permissions/,In Copyright. Digitized with the permission of the rights holder,"Here is the cleaned and corrected version of your text:

---

**334 JOURNAL BOMBAY NATURAL HIST. SOCIETY Vol. 92 (1995)**

A Pheasant-tailed Jacana nest was observed. Additionally, a purple moorhen nest approximately 15 meters away from a Pheasant-tailed Jacana nest was sighted, suggesting limited competition between these two species. The fact that the two jacana species did not breed inside the park in the same year during the study period does not indicate competition; rather, it suggests that their habitat requirements differ.

**Acknowledgements**

This paper is an offshoot of the Keoladeo National Park ecology study. We thank Messrs. Ajay Varadachary and S. Alagar Rajan for carefully reviewing the manuscript and providing valuable comments. We are also grateful to the Rajasthan Forest Department officials for their cooperation. Our thanks extend to Mr. J. C. Daniel for his encouragement.

**References**

Ali, S. S. D. Ripley (1983): *Handbook of the Birds of India and Pakistan*. Compact edition. Oxford University Press, New Delhi.

V.S. Viiayan (1983): *Hydrobiological (Ecological) Research at Keoladeo National Park, Bharatpur*. First Interim Report. Bombay Natural History Society, Bombay.

Chattopadhayay, S. (1980): Observations on the parental care of a wounded chick of the Bronzewinged Jacana (*Metopidius indicus*). *Journal of the Bombay Natural History Society*, 77: 325.

Christian, J. J. (1970): Social subordination, population density, and mammalian evolution. *Science*, 168: 84-90.

Cohen, Y. (1988): Bayesian estimation of clutch size for scientific and management purposes. *Journal of Wildlife Management*, 52(4): 787-793.

Dutton, T. P. (1969): The unusual incubation behavior of *Actophilornis africanus*. *Bokmakierie*, 21(1): 20-21.

Fry, C. H. (1983): Incubation, brooding, and structural characteristics of the African Jacana. *Ostrich*, 54: 175-176.

Hoffmann, A. (1949): Über die Brutpflege des polyandrischen Wasserfasanes *Hydrophasianus chirm-gas* (Scop.). *Zoologischer Anzeiger*, Abt. Syst. Oekol. Geogr. Tiere, 78: 361-403.

Hoffmann, A. (1950): Zur Brutbiologie des Wasserfasanes. *Oekologische Berichte*, 2: 119-126.

Hopcroft, J. B. D. (1968): Some notes on chick-carrying behavior in the African Jacana. *Living Bird*, 7: 85-88.

Jenni, D. A. (1974): Evolution of polyandry in birds. *American Zoologist*, 14: 129-144.

Jenni, D. A., B. J. Betts (1978): Sex differences in nest construction, incubation, and parental care in the polyandrous American Jacana (*Jacana spinosa*). *Animal Behaviour*, 26: 207-218.

Jenni, D. A., G. Collier (1972): Polyandry in the American Jacana (*Jacana spinosa*). *Auk*, 89: 743-765.

Kendeigh, S. C. (1944): The measurement of bird populations. *Ecological Monographs*, 14.

Mathew, D. N. (1964): Observations on the breeding habits of the Bronzewinged Jacana (*Metopidius indicus*). *Journal of the Bombay Natural History Society*, 61(2): 295-302.

This research was part of the National Park Ecology Project of the BNHS, sponsored by the U.S. Fish and Wildlife Service through the Ministry of Environment, Government of India.

We thank Messrs. Ajay Varadachary and S. Alagar Rajan for carefully reviewing the manuscript and providing comments. We are grateful to the Rajasthan Forest Department officials for their cooperation. We also thank Mr. J. C. Daniel for his encouragement.

**Additional References**

Miller, A. H. (1931): Observation on the incubation and care of young in the Jacanas. *Condor*, 33: 32-33.

Müller-Dombois, D., H. Ellenberg (1974): *Aims and Methods of Vegetation Ecology*. Wiley and Sons, New York.

Osborne, D. R. (1982): Replacement nesting and polyandry in the wattled jacana. *Wilson Bulletin*, 94: 206-208.

Osborne, D. R., G. B. Bourne (1977): Breeding behavior and food habits of the wattled Jacana. *Condor*, 79: 78-105.

Perrins, C. M., T. R. Birkhead (1983): *Avian Ecology*. Blackie and Son, Glasgow.

Prasad, V. P. (1988): Wetland angiosperms of Keoladeo National Park, Bharatpur, Rajasthan. *Ecology and Taxonomy of Botany*, 12(2): 457-466.

Prasad, V. P. (1989): Flora of Keoladeo National Park, Bharatpur, Rajasthan. *Journal of Ecology and Taxonomy of Botany*, 13(3): 729-750.

Serrao, J. S., P. B. Shekar (1962): Pheasant-tailed Jacanas at Kalina. *Newsletter for Birdwatchers*, 2(1): 4-6.

Sridharan, U. (1989): Comparative ecology of resident ducks in Keoladeo National Park, Bharatpur, Rajasthan. Ph.D. thesis, University of Bombay, Bombay.

Stephens, M. L. (1984a): Maternal care and polyandry in the Northern Jacana (*Jacana spinosa*). Ph.D. thesis, University of Chicago, Illinois.

Stephens, M. L. (1984b): Intraspecific distraction displays of the polyandrous Northern Jacana (*Jacana spinosa*). *Ibis*, 126: 70-72.

Steyn, P. (1973): African Jacana at last. *Bokmakierie*, 25(2): 34-37.

Vernon, C. J. (1973): Polyandrous *Actophilornis africanus*. *Ostrich*, 44(1): 85.

Vijayan, V. S. (1988): Keoladeo National Park ecology study. Annual Report 1987. Bombay Natural History Society, Bombay.

Welch, P. S. (1948): *Limnological Methods*. McGraw Hill, New York.

Wilkinson, L. (1988): *SYSTAT: The System for Statistical Analysis*. Systat Inc., Evanston, Illinois.

Wilson, G. (1974): Incubating behavior of the African Jacana. *Ostrich*, 45: 185-188.

Wynne-Edwards, V. C. (1986): *Evolution through Group Selection*. Blackwell Scientific Publications, Oxford.

---

Let me know if you need further modifications!"
Jacana spinosa,"596 THE WILSON BULLETIN Vol. 103, No. 4, December 1991 Gibson, F. 1971. The breeding biology of the American Avocet Recurvirostra americana) in central Oregon. Condor 73:444-454. . 1978. Ecological aspects of the time budget of the American Avocet. Am. Midi. Nat. 99:65-82. Graul, W. D. 1973. Adaptive aspects of the Mountain Plover social system. Living Bird 12:69-74. . 1976. Food fluctuations and multiple clutches in the Mountain Plover. Auk 93: 166-167. , S. R. Derrickson, and D. W. Mock. 1977. The evolution of avian polyandry. Am. Nat. 111:812-816. Hays, H. 1972. Polyandry in the Spotted Sandpiper. Living Bird 1 1:43-57. Hussell, D. and G. W. Page. 1976. Observations on the breeding biology of the Blackbellied Plovers on Devon Island, N.W.T., Canada. Wilson Bull. 88:632-653. Jenni, D. a. 1974. Evolution of polyandry in birds. Am. Zool. 14:129-144. AND B. J. Betts. 1978. Sex differences in nest construction, incubation, and parental behaviour in the polyandrous American Jacana Jacana spinosa). Anim. Behav. 26: 207-218. AND G. Collier. 1972. Polyandry in the American Jacana Jacana spinosa). Auk 89:743-765. Lank, D. B., L. W. Oring, and S. J. Maxson. 1985. Mate and nutrient limitation of egglaying in a polyandrous shorebird. Ecology 66:1513-1524. Lenington, S. 1980. Bi-parental care in Killdeer: an adaptive hypothesis. Wilson Bull. 92:8-20. . 1984. The evolution of polyandry in shorebirds. Pp. 149-167 in Shorebirds: breeding behavior and populations (J. Burger and B. L. Olla, eds.). Plenum Press, New York, New York. Mace, T. 1971. Nest dispersion and productivity of Killdeers Charadrius vociferus). M.S. thesis, Univ. Minnesota, St. Paul, Minnesota. Maxson, S. J. and L. W. Oring. 1980. Breeding season time and energy budgets of the polyandrous Spotted Sandpiper. Behaviour 74:200-263. Maynard Smith, J. 1977. Parental investment: a prospective analysis. Anim. Behav. 25: 1-9. Miller, E. H. 1985. Parental behavior in the least Sandpiper Calidris minutilla). Can. J. Zool. 63:1593-1601. Mundahl, j. T. 1982. Role specialization in the parental and territorial behavior of the Killdeer. Wilson Bull. 94:515-530. Oring, L. W. 1 986. Avian polyandry. Pp. 309-35 1 in Current ornithology (R. F. Johnston, ed.). Plenum Press, New York, New York. AND M. L. Knudson. 1972. Monogamy and polyandry in the Spotted Sandpiper. Living Bird 1 1:59-73. AND D. B. Lank. 1 986. Polyandry in spotted Sandpipers: the impact of environment and experience. Pp. 21-42 in Ecological aspects of social evolution (D. 1. Rubenstein and R. W. Wrangham, eds.). Princeton Univ. Press, Princeton, New Jersey. , D. B. Lank, and S. J. Maxson. 1983. Population studies of the polyandrous Spotted Sandpiper. Auk 100:272-285. AND S. J. Maxson. 1978. Instances of simultaneous polyandry by a Spotted Sandpiper m 2 cw 2 n 2 . Ibis 120:349-353. Osbourne, D. R. 1 982. Replacement nesting and polyandry in the Wattled Jacana. Wilson Bull. 94:206-208.",53473934,103.0,1991.0,Internet Archive,wilsonbulletin1031wils,"Harvard University, Museum of Comparative Zoology, Ernst Mayr Library",English,https://biodiversitylibrary.org/permissions,In copyright. Digitized with the permission of the rights holder.,"596 THE WILSON BULLETIN Vol. 103, No. 4, December 1991

Gibson, F. 1971. The breeding biology of the American Avocet (Recurvirostra americana) in central Oregon. Condor 73:444-454.

Gibson, F. 1978. Ecological aspects of the time budget of the American Avocet. The American Midland Naturalist 99:65-82.

Graul, W. D. 1973. Adaptive aspects of the Mountain Plover social system. Living Bird 12:69-74.

Graul, W. D. 1976. Food fluctuations and multiple clutches in the Mountain Plover. The Auk 93:166-167.

S. R. Derrickson, and D. W. Mock. 1977. The evolution of avian polyandry. The American Naturalist 111:812-816.

Hays, H. 1972. Polyandry in the Spotted Sandpiper. Living Bird 11:43-57.

Hussell, D. and G. W. Page. 1976. Observations on the breeding biology of the Black-bellied Plovers on Devon Island, N.W.T., Canada. Wilson Bulletin 88:632-653.

Jenni, D. A. 1974. Evolution of polyandry in birds. American Zoologist 14:129-144.

Jenni, D. A., and B. J. Betts. 1978. Sex differences in nest construction, incubation, and parental behavior in the polyandrous American Jacana (Jacana spinosa). Animal Behaviour 26:207-218.

Jenni, D. A., and G. Collier. 1972. Polyandry in the American Jacana (Jacana spinosa). The Auk 89:743-765.

Lank, D. B., L. W. Oring, and S. J. Maxson. 1985. Mate and nutrient limitation of egg-laying in a polyandrous shorebird. Ecology 66:1513-1524.

Lenington, S. 1980. Bi-parental care in Killdeer: an adaptive hypothesis. Wilson Bulletin 92:8-20.

Lenington, S. 1984. The evolution of polyandry in shorebirds. In Shorebirds: breeding behavior and populations (J. Burger and B. L. Olla, eds.), pp. 149-167. Plenum Press, New York, NY.

Mace, T. 1971. Nest dispersion and productivity of Killdeers (Charadrius vociferus). M.S. thesis, University of Minnesota, St. Paul, Minnesota.

Maxson, S. J., and L. W. Oring. 1980. Breeding season time and energy budgets of the polyandrous Spotted Sandpiper. Behaviour 74:200-263.

Maynard Smith, J. 1977. Parental investment: a prospective analysis. Animal Behaviour 25:1-9.

Miller, E. H. 1985. Parental behavior in the least Sandpiper (Calidris minutilla). Canadian Journal of Zoology 63:1593-1601.

Mundahl, J. T. 1982. Role specialization in the parental and territorial behavior of the Killdeer. Wilson Bulletin 94:515-530.

Oring, L. W. 1986. Avian polyandry. In Current Ornithology (R. F. Johnston, ed.), pp. 309-351. Plenum Press, New York, NY.

And M. L. Knudson. 1972. Monogamy and polyandry in the Spotted Sandpiper. Living Bird 11:59-73.

And D. B. Lank. 1986. Polyandry in Spotted Sandpipers: the impact of environment and experience. In Ecological Aspects of Social Evolution (D. J. Rubenstein and R. W. Wrangham, eds.), pp. 21-42. Princeton University Press, Princeton, NJ.

And D. B. Lank, and S. J. Maxson. 1983. Population studies of the polyandrous Spotted Sandpiper. The Auk 100:272-285.

And S. J. Maxson. 1978. Instances of simultaneous polyandry by a Spotted Sandpiper. Ibis 120:349-353.

Osbourne, D. R. 1982. Replacement nesting and polyandry in the Wattled Jacana. Wilson Bulletin 94:206-208."
Jacana spinosa,"Mathews and Iredale have made the cockateel (Leptolophus) a monotypic family, L eptolophide, which they place in the superfamily Psittaculoidea, associated with Pezoporide, Platycercide, Polytelidee and Psittaculide (Paleornithidee olim). Heretofore Leptolophus has usually been placed with the cockatoos (Cacatuide), with which it agrees in the doubly complete orbital ring, powder-down patches,",63647810,50.0,1924.0,Internet Archive,bulletinamerica50amer,Smithsonian Libraries and Archives,English,,Public domain. The BHL considers that this work is no longer under copyright protection.,"Mathews and Iredale have established the cockatiel (Leptolophus) as a monotypic family, Leptolophidae, which they place in the superfamily Psittaculoidea, associated with Pezoporidae, Platycercidae, Polytelididae, and Psittaculidae (formerly Paleornithidae). Previously, Leptolophus has usually been classified with the cockatoos (Cacatuidae), with which it shares the doubly complete orbital ring and powder-down patches."
Jacana spinosa,"Length, 7.5 inches. Breeds in the Arctic regions and migrates in winter to the middle portions of the United States, along the coast. Head and around bill sooty. Rump, white. Bill, quite stout. (In winter.) Head all around and entire under parts white. Toes edged with a scalloped membrane which is united at the base making them semipalmate.",25128572,2.0,1902.0,Internet Archive,americanornithol21902reed,Smithsonian Libraries and Archives,English,,Public domain. The BHL considers that this work is no longer under copyright protection.,"Length: 7.5 inches. Breeds in the Arctic regions and migrates in winter to the middle portions of the United States along the coast. The head and around the bill are sooty. The rump is white. The bill is quite stout. In winter, the head all around and the entire underparts are white. Toes are edged with a scalloped membrane that is united at the base, making them semipalmate."
Jacana spinosa,"Length, about ginches. Inhabits temperate North America, breeding from middle United States northward chiefly on the interior. Migrates to South America in winter. Bill very long and slender. The rich chestnut of the sides of the neck extends in a faint shade across the breast. Rump, white. (In winter.) Black stripe on the side of head and neck is very faint and the chestnut almost lacking. The lobes on the feet of this variety are much less pronounced than on the two previous ones. All three varieties are good swimmers and the two former are frequently found in large flocks far out at sea.",25128572,2.0,1902.0,Internet Archive,americanornithol21902reed,Smithsonian Libraries and Archives,English,,Public domain. The BHL considers that this work is no longer under copyright protection.,"Length, about six inches. Inhabits temperate North America, breeding from the middle United States northward, chiefly in the interior. Migrates to South America in winter. The bill is very long and slender. The rich chestnut color on the sides of the neck extends in a faint shade across the breast. The rump is white. In winter, the black stripe on the side of the head and neck is very faint, and the chestnut coloration is almost absent. The lobes on the feet of this variety are much less pronounced than on the two previous ones. All three varieties are good swimmers, and the two former are frequently found in large flocks far out at sea."
Jacana spinosa,"Length, 8.5 inches. Throughout North America. Breeds in the extreme north. Tail, rump and tail coverts, white, the former with a black band near the tip, and the latter with a black patch in the center. Secondaries and coverts very broadly tipped with white. In winter these birds almost entirely lack the chestnut and the black is broken and grayish.",25128572,2.0,1902.0,Internet Archive,americanornithol21902reed,Smithsonian Libraries and Archives,English,,Public domain. The BHL considers that this work is no longer under copyright protection.,"Length: 8.5 inches. Found throughout North America. Breeds in the extreme north. The tail, rump, and tail coverts are white, with the tail having a black band near the tip and the coverts featuring a black patch in the center. The secondaries and coverts are very broadly tipped with white. In winter, these birds almost entirely lack the chestnut coloration, and the black is broken and grayish."
Jacana spinosa,"Length, about 8.5 inches. Mexico and southern Texas. Head and neck, greenish black. Secondaries and inner webs of the primaries, greenish yellow. Remainder of body, a rich purplish chestnut. Bill, frontal leaf and spur on the shoulder, yellow. Tail, very short, not as long as the coverts. Legs long and greenish black. Toe nails extremely long.",25128572,2.0,1902.0,Internet Archive,americanornithol21902reed,Smithsonian Libraries and Archives,English,,Public domain. The BHL considers that this work is no longer under copyright protection.,"Length about 8.5 inches. Found in Mexico and southern Texas. Head and neck are greenish black. Secondaries and inner webs of the primaries are greenish yellow. The remainder of the body is a rich purplish chestnut. The bill, frontal leaf, and spur on the shoulder are yellow. The tail is very short, not as long as the coverts. Legs are long and greenish black. Toe nails are extremely long."
Jacana spinosa,"SHORT COMMUNICATIONS 265 Sibley, C. G. and B. L. Monroe, Jr. 1990. Distribution and taxonomy of birds of the world. Yale Univ. Press, New Haven, Connecticut. Skutch, a. F. 1976. Parent birds and their young. Univ. of Texas Press, Austin. Stephens, M. 1984a. Interspecific aggresive behavior of the polyandrous Northern Jacana (Jacana spinosa). Auk 101:508-518. Stephens, M. 1984b. Intraspecific distraction displays of the polyandrous Northern Jacana, Jacana spinosa. Ibis 126:70-72. Strahl, S. D. 1987. The social organization and behaviour of the Hoatzin Opisihocomus hoazin in central Venezuela. Ibis 130:483-502. Wilkinson, L. 1997. SYSTAT 7.0: the system for statistics. SYSTAT Inc., Evanston, Illinois. Wilson Bull., 1 1 1(2), 1999, pp. 265-268 Rapid Long-distance Colonization of Lake Gatun, Panama, by Snail Kites George R. Angehr' ABSTRACT. The distribution of the Snail Kite (Rostrhamus sociabilis) is closely tied to that of apple snails (Pomacea spp.), its nearly exclusive food. Before the early 1990s, the species occurred in Panama primarily as a vagrant. Apple snails were introduced to Lake Gatun in central Panama in the late 1980s, and by 1994 Snail Kites had colonized the lake from population sources at least 350 km away and initiated breeding. Since 1994 the population has increased rapidly and the species can now be found throughout the lake. Received 7 Oct. 1998, accepted 6 Jan. 1999. The Snail Kite Rostrhamus sociabilis) is a highly specialized raptor that ranges from southern Florida and Mexico, through Central America, to Bolivia, northern Argentina and Uruguay (Beissinger 1988). Its distribution is closely tied to that of apple snails Pomacea spp.), which form its diet almost exclusively (Beissinger 1988). The kite uses its exceptionally thin upper mandible to extract snails from their shells (Snyder and Snyder 1969). Other species of snails, turtles, crabs and other items are taken on occasion (Beissinger 1990a, Snyder and Kale 1983, Sykes and Kale 1974). The species is nomadic, moving in response to changes in the availability of its favored prey because of fluctuating water levels (Sykes 1979, 1983; Beissinger and Takekawa 1983, Takekawa and Beissinger 1989). Snail Kites are rare in southern Central ' Smithsonian Tropical Research Institute, Unit 0948, APO AA 34002-0948; E-mail: angehrg tivoli.si.edu America, and there have been only seven previous reports from Panama (Ridgely and Gwynne 1989). The sole Panama specimen, an immature female, was collected near the Colombian border at Perme, near Puerto Obaldia, San Bias Province, in 1929 (Wetmore 1965). There were four reports of single birds, all either females or immatures, at marshes near Panama City, in 1971, 1973, 1977, and 1979. There were two reports from Chiriqui province in western Panama; an adult male and a female or immature near Gualaca in 1965, and several pairs and a nest in a marsh near Remedies in 1973, the latter being the only previous report of breeding activity in Panama (Ridgely and Gwynne 1989). The closest significant populations of Snail Kites to Panama are in western Colombia, on the west side of the Gulf of Uraba (Hilty and Brown 1986), about 350 km from the Panama Canal area, and the Tempisque Basin in northern Costa Rica (Stiles and Skutch 1989), approximately 650 km away. STUDY AREA Lake Gatun (420 kmO is an artificial lake created by the damming of the Chagres River to form the central part of the Panama Canal in 1914. The lake level is controlled by the Panama Canal Commission, and may vary several meters between wet and dry seasons as water is released when ships pass through the locks. The Canal area experiences a strong four-month long dry season from mid-December to mid-April. The introduced aquatic plant Hydrilla verticillata is a major problem in the lake. It apparently first became established in the late 1920s or early 1930s, and had",53462063,111.0,1999.0,Internet Archive,wilsonbulletin1111wils,"Harvard University, Museum of Comparative Zoology, Ernst Mayr Library",English,https://biodiversitylibrary.org/permissions,In copyright. Digitized with the permission of the rights holder.,"SHORT COMMUNICATIONS 265

Sibley, C. G. and B. L. Monroe, Jr. 1990. Distribution and taxonomy of birds of the world. Yale Univ. Press, New Haven, Connecticut.

Skutch, A. F. 1976. Parent birds and their young. Univ. of Texas Press, Austin.

Stephens, M. 1984a. Interspecific aggressive behavior of the polyandrous Northern Jacana (Jacana spinosa). Auk 101:508-518.

Stephens, M. 1984b. Intraspecific distraction displays of the polyandrous Northern Jacana, Jacana spinosa. Ibis 126:70-72.

Strahl, S. D. 1987. The social organization and behavior of the Hoatzin Opisthocomus hoazin in central Venezuela. Ibis 130:483-502.

Wilkinson, L. 1997. SYSTAT 7.0: the system for statistics. SYSTAT Inc., Evanston, Illinois.

Wilson Bull., 111(2), 1999, pp. 265-268

Rapid Long-distance Colonization of Lake Gatun, Panama, by Snail Kites

George R. Angehr

ABSTRACT. The distribution of the Snail Kite (Rostrhamus sociabilis) is closely tied to that of apple snails (Pomacea spp.), its nearly exclusive food. Before the early 1990s, the species occurred in Panama primarily as a vagrant. Apple snails were introduced to Lake Gatun in central Panama in the late 1980s, and by 1994 Snail Kites had colonized the lake from population sources at least 350 km away and initiated breeding. Since 1994, the population has increased rapidly, and the species can now be found throughout the lake. 

Received 7 Oct. 1998, accepted 6 Jan. 1999.

The Snail Kite (Rostrhamus sociabilis) is a highly specialized raptor that ranges from southern Florida and Mexico, through Central America, to Bolivia, northern Argentina, and Uruguay. Its distribution is closely tied to that of apple snails (Pomacea spp.), which form its diet almost exclusively. The kite uses its exceptionally thin upper mandible to extract snails from their shells. Other species of snails, turtles, crabs, and other items are taken on occasion. The species is nomadic, moving in response to changes in the availability of its favored prey due to fluctuating water levels.

Snail Kites are rare in southern Central America, and there have been only seven previous reports from Panama. The sole Panama specimen, an immature female, was collected near the Colombian border at Perme, near Puerto Obaldia, San Bias Province, in 1929. There were four reports of single birds, all either females or immatures, at marshes near Panama City, in 1971, 1973, 1977, and 1979. There were two reports from Chiriqui province in western Panama: an adult male and a female or immature near Gualaca in 1965, and several pairs and a nest in a marsh near Remedies in 1973, the latter being the only previous report of breeding activity in Panama.

The closest significant populations of Snail Kites to Panama are in western Colombia, on the west side of the Gulf of Urabá, and in the Tempisque Basin in northern Costa Rica."
Jacana spinosa,"Shore Birds. Foot of Phalarope 4 Size 222. Red Phalarope (Crymophilus fulicarius). L, 8.10; B. 9. Bill heavy, wider than deep. Ad. 9, Below entirely reddish brown; cap black, back black and buff. Ad. o'. Similar, but smaller; crown and back streaked with brown, black, and buff. Yung. Resemble , but upper tail-coverts plumbeous, underparts white. Winter. Crown and underparts white, hindneck black, back gray. Notes. A musical clink, clink. (Nelson.) Range.Northern parts of northern hemisphere, breeding In the Arctic regions and migrating south in winter; in the United States south to the Middle States. Ohio Valley, and Cape St. Lucas; chiefly maritime ? (A. O. U.) 223. Northern Phalarope (Phalaropus lobatus). L. 7.7; B. .8. Bill short, slender, sharply pointed. Ad. . Breast rufous; above slaty gray mixed with ochraceous on back. 4d. co . Smaller, less rufous on throat; above blackish streaked with rusty. Yung. Underparts and forehead white; crown sooty; back blackish streaked with straw-color. Wanter. Upperparts gray mixed with white; underparts white. Notes. A low chippering, clicking note. Range.-Northern hemisphere; breeds from Labrador and northern British America north to Greenland and Alaska; winters apparently south of United States where itis known as a migrant chiefly off the coasts. Yi 224. Wilson Phalarope (Steganopus tricolor). L. 9.5; B. 1.3. Bill long. 4d. 2. Sides of neck black and chestnut; crown and back gray. dd. o. Smaller; chestnut and black much less and duller; crown and back blackish, latter sometimes with ruous. Yng. Below white; crown and back black margined with ochraceous; nape brownish gray. Winter. Above gray, upper tail-coverts white; below white. Notes. A soft, trumpeting yua, yna. Range. North America, chiefly in the interior; breeds from northern Illinois (rarely),Minnesota and Central California,north to latitude 55 winters south of United States to southern South America. 283. Turnstone (Arenaria interpres). ; Similar to 283.1 but larger, W. 6., and upperparts in ad. with black prevailing. Yng. Blacker than young of 283.1. Range.-Eastern hemisphere, in America, only in Greenland and Alaska. All yi 283.1. Ruddy Turnstone (Arenaria morinella). L. 9.5; W. 5.7. Ads. Reddish brown prevailing in upper surface. Yung. Above and breast grayish brown margined with buffy, throat, abdomen, rump and long upper tail-coverts white as in ad.; shorter upper tail-coverts black. Notes. When flying, a loud twittering note. (Nuttall.) Range.Nearly cosmopolitan; breeds in Arctic regions; winters in America south of United States to Patagonia. 288. Mexican Jacana (Jacana spinosa). L. 8. Toes over 1.5. Ads. Chestnut and black; wings mostly greenish. Yug. Forehead, line over eye, and below white. Above grayish brown, sometimes with rump chestnut, nape black. Notes. A harsh, rapidly repeated cep, cep, eep. , ange.Central America and Mexico north to Lower Rio Grande Valley, Cuba and Haiti. 102",37928045,,,Internet Archive,cu31924022565174,Cornell University Library,English,,Public domain. The BHL considers that this work is no longer under copyright protection.,"Here is the cleaned and corrected version of your text:

---

**Shore Birds**

**Foot of Phalarope**  
Size 222. Red Phalarope (Crymophilus fulicarius). Length 8.10 inches; Breadth 9 inches. Bill heavy, wider than deep. Adult female: Below entirely reddish brown; cap black, back black and buff. Adult male: Similar, but smaller; crown and back streaked with brown, black, and buff. Juvenile: Resembles female, but upper tail-coverts are plumbeous, and underparts are white. Winter: Crown and underparts white, hindneck black, back gray.  

**Notes:** A musical clink, clink. (Nelson.)  
**Range:** Northern parts of the northern hemisphere, breeding in the Arctic regions and migrating south in winter; in the United States, south to the Middle States, Ohio Valley, and Cape St. Lucas; chiefly maritime. (A. O. U.)  

**Northern Phalarope** (Phalaropus lobatus)  
Size 7.7 inches; Breadth 8 inches. Bill short, slender, sharply pointed. Adult female: Breast rufous; above slaty gray mixed with ochraceous on the back. Juvenile: Smaller, less rufous on the throat; above blackish streaked with rusty.  
**Juvenile:** Underparts and forehead white; crown sooty; back blackish streaked with straw-color.  
**Winter:** Upperparts gray mixed with white; underparts white.  

**Notes:** A low chipping, clicking note.  
**Range:** Northern hemisphere; breeds from Labrador and northern British America north to Greenland and Alaska; winters apparently south of the United States, where it is known as a migrant chiefly off the coasts.  

**Wilson's Phalarope** (Steganopus tricolor)  
Size 9.5 inches; Breadth 13 inches. Bill long. Adult female: Sides of neck black and chestnut; crown and back gray. Juvenile: Smaller; chestnut and black much less and duller; crown and back blackish, sometimes with rusty.  
**Juvenile:** Below white; crown and back black margined with ochraceous; nape brownish gray.  
**Winter:** Above gray, upper tail-coverts white; below white.  

**Notes:** A soft, trumpeting yua, yna.  
**Range:** North America, chiefly in the interior; breeds from northern Illinois (rarely), Minnesota, and Central California, north to latitude 55; winters south of the United States to southern South America.  

**Turnstone** (Arenaria interpres)  
Similar to the previous species but larger, with a wingspan of 6 inches, and in adult plumage with black prevailing on the upperparts. Juvenile: Blacker than the young of the previous species.  
**Range:** Eastern hemisphere; in America, only in Greenland and Alaska.  

**Ruddy Turnstone** (Arenaria morinella)  
Size 9.5 inches; Breadth 5.7 inches. Adults: Reddish brown prevailing on the upper surface. Juvenile: Above and on the breast grayish brown margined with buff; throat, abdomen, rump, and long upper tail-coverts white as in adults; shorter upper tail-coverts black.  
**Notes:** When flying, a loud twittering note. (Nuttall.)  
**Range:** Nearly cosmopolitan; breeds in Arctic regions; winters in America south of the United States to Patagonia.  

**Mexican Jacana** (Jacana spinosa)  
Size 8 inches. Toes over 1.5 inches. Adults: Chestnut and black; wings mostly greenish. Juvenile: Forehead, line over eye, and below white. Above grayish brown, sometimes with rump chestnut, nape black.  

**Notes:** A harsh, rapidly repeated ""cep, cep, eep.""  
**Range:** Central America and Mexico north to the Lower Rio Grande Valley, Cuba, and Haiti.

---

Let me know if you'd like any further adjustments!"
Jacana spinosa,"MEXICAN JACANA Jacana spinosa. 8 in. A very peculiar species. Bill plover-like; at the base, terminating in a leaf-like sheaf that covers the forehead; a hard spur on the shoulder of each wing; legs and toes extremely long, the toenails being abnormally so, the hind nail often being an inch and a half long. Young very different from the adult.-Grayish-brown above, with wings greenish-yellow as in adult; below whitish, darker across the breast and on the sides; a light line above the eye. Jacanas are inhabitants of marshy, muddy pools and ponds, where they can easily run over the surface, their long toes getting a good foothold on the floating aquatie plants. They are said to be very pugnacious in defence of their young, and also to fight among themselves during th mating season. Nest.-Nests made of weeds and trash, on little floating islands or lily pads. 3 to 5 olive colored eggs, curiously scrawled with black. (1.20x .95); May. Range.-Is found and breeds within our borders only in Southern Texas.",13973237,,1910.0,Internet Archive,birdguidewaterbi00reed,Smithsonian Libraries and Archives,English,,Public domain. The BHL considers that this work is no longer under copyright protection.,"The Mexican Jacana (Jacana spinosa) is a very peculiar species measuring about 8 inches. Its bill is plover-like, with a leaf-like sheaf at the base that covers the forehead. It has a hard spur on the shoulder of each wing, and its legs and toes are extremely long, with the toenails being abnormally long—often an inch and a half. Young birds are very different from adults. They are grayish-brown above, with wings that are greenish-yellow like the adults, and below they are whitish, darker across the breast and on the sides. There is a light line above the eye.

Jacanas inhabit marshy, muddy pools and ponds, where they can easily run over the surface due to their long toes, which provide good footing on floating aquatic plants. They are known to be very pugnacious in defense of their young and are also known to fight among themselves during the mating season.

Nests are made of weeds and trash, built on little floating islands or lily pads. They lay 3 to 5 olive-colored eggs, which are curiously scrawled with black. The eggs measure approximately 1.20 by 0.95 inches and are laid in May.

The Mexican Jacana is found and breeds within our borders only in southern Texas."
Jacana spinosa,"Waterfowl: A very important feeding area for waterfowl during the early part of the dry season (January to mid March), with almost the same species as the nearby Palo Verde lakes. Concentrations at this time have included up to 5,000 Mycteria americana, 1,000 Ajaia ajaja, 20,000 Dendrocygna autumnalis, 20,000 Anas discors and 500 Aramus guarauna. Some 75 pairs of the latter also breed. The lake is one of the main feeding areas of the Jabiru mycteria breeding at the Palo Verde lakes.",31350945,,,Internet Archive,directoryofneotr86scot,"UNEP-WCMC, Cambridge",English,,Copyright Owner: IUCN Conservation Monitoring Centre,"Waterfowl: A very important feeding area for waterfowl during the early part of the dry season (January to mid-March), with species similar to those found in the nearby Palo Verde lakes. Concentrations at this time have included up to 5,000 Mycteria americana, 1,000 Ajaia ajaja, 20,000 Dendrocygna autumnalis, 20,000 Anas discors, and 500 Aramus guarauna. About 75 pairs of Aramus guarauna also breed here. The lake is one of the main feeding areas for the Jabiru (Mycteria americana) breeding at the Palo Verde lakes."
Jacana spinosa,"Waterfowl: An important breeding area for resident waterfowl, and a very important wintering area for a variety of migrants. Breeding species include Podilymbus podiceps (up to 100 pairs), Podiceps dominicus, Tigrisoma mexicanum, Nycticorax nycticorax, Cochlearius cochlearius (40 pairs), Dendrocygna bicolor, D. autumnalis, Aramus guarauna (30 pairs), Porphyrula martinica, Jacana spinosa, Charadrius wilsonius and Himantopus himantopus (15 pairs). Concentrations of non-breeding birds and Nearctic migrants have included up to 2,000 Egretta thula, 6,000 Mycteria americana, 2,000 Eudocimus albus, 75 Plegadis falcinellus, 1,000 Ajaia ajaja, 400 Anas americana, 4,000 A. discors, 100 A. clypeata and 5,000 shorebirds. Other fauna: Eight pairs of Rostrhamus sociabilis breed, and up to 6 Pandion haliaetus have been observed in winter. Crocodylus acutus and Caiman crocodilus occur.",31350945,,,Internet Archive,directoryofneotr86scot,"UNEP-WCMC, Cambridge",English,,Copyright Owner: IUCN Conservation Monitoring Centre,"Waterfowl: An important breeding area for resident waterfowl and a significant wintering site for various migrants. Breeding species include Podilymbus podiceps (up to 100 pairs), Podiceps dominicus, Tigrisoma mexicanum, Nycticorax nycticorax, Cochlearius cochlearius (40 pairs), Dendrocygna bicolor, Dendrocygna autumnalis, Aramus guarauna (30 pairs), Porphyrula martinica, Jacana spinosa, Charadrius wilsonius, and Himantopus himantopus (15 pairs). Concentrations of non-breeding birds and Nearctic migrants have included up to 2,000 Egretta thula, 6,000 Mycteria americana, 2,000 Eudocimus albus, 75 Plegadis falcinellus, 1,000 Ajaia ajaja, 400 Anas americana, 4,000 A. discors, 100 A. clypeata, and 5,000 shorebirds. Other fauna include eight pairs of Rostrhamus sociabilis breeding and up to six Pandion haliaetus observed in winter. Crocodylus acutus and Caiman crocodilus are also present."
Jacana spinosa,"POLYANDRY IN THE SPOTTED SANDPIPER Helen Hays Polyandry, as it appears in ornithological literature, is one of those anthro pomorphic misnomers which necessitates defining whenever it is used. In humans it literally means that a woman has many husbands at the same time, any one of which could be the father of her children. In birds, a polyandrous female may have many mates, all of which could contribute genes to each clutch of eggs. Until recently there have been no reports in birds of anything approximating this definition. However, Ridpath (1972) discusses breeding trios consisting of a female and two males in the Tasmanian Native Hen Tribonyx mortierii). He recorded both males copulating at least once with the female in most trios. Jenni and Collier (1972) described polyandry in a population of the American Jacana (Jacana spinosa) on a seven-acre pond in Costa Rica. They observed that one female copulated with three different males in a twentyminute period, and another copulated with four different males in a single afternoon. Molnar (1950) reported more than one male cuckoo copulating with a female. If the copulations reported in the above instances function in transferring active sperm to the oviduct of the female with ova ready to be fertilized, then several males could copulate successfully with a single female in a matter of minutes, hours, or even days, and the resulting clutch of eggs could be the combined effort of a kind of copulatory roulette. If, on the other hand, the observed copulations do not function in the above sense, the act itself could serve in establishing a bond between individuals, and could or could not help to coordinate their reproductive efforts for a later period when the copulaJunior Editor s Note. Many ornithologists have focused in recent years on avian social systems, relating the disciplines of behavior and ecology in their field work. Two such studies appear here. I was excited to learn, when conversing with Helen Hays in November 1971, that in her study of .Spotted Sandpipers on Great Gull Island, she had discovered serial polyandry. And I was elated when she consented to submit her work to The Living Bird, which she did in March 1972. Early in the summer of 1972, while teaching at the University of Minnesota s Biological Station at Lake Itasca, I learned of Lewis Oring s work there on the same species and that he, too, had found serial polyandry among his marked birds. He was acquainted with Miss Hays study through an abstract she had submitted for a symposium to be given at the forthcoming meeting of the American Ornithologists Union. I solicited Lewis Oring s paper in July. It seemed appropriate for The Living Bird to publish two papers on the mating system of the same species by two ornithologists carrying on independent studies in regions as far apart as Minnesota and New York. 43",59421826,11.0,1972.0,Internet Archive,livingbird1112corn,Cornell University Library,English,http://biodiversitylibrary.org/permissions,In copyright. Digitized with the permission of the rights holder.,"Polyandry in the Spotted Sandpiper

Polyandry, as it appears in ornithological literature, is one of those anthropomorphic misnomers that necessitate defining whenever it is used. In humans, it literally means that a woman has many husbands at the same time, any one of whom could be the father of her children. In birds, a polyandrous female may have many mates, all of which could contribute genes to each clutch of eggs. 

Until recently, there have been no reports in birds of anything approximating this definition. However, Ridpath (1972) discusses breeding trios consisting of a female and two males in the Tasmanian Native Hen (Tribonyx mortierii). He recorded both males copulating at least once with the female in most trios. Jenni and Collier (1972) described polyandry in a population of the American Jacana (Jacana spinosa) on a seven-acre pond in Costa Rica. They observed that one female copulated with three different males in a twenty-minute period, and another copulated with four different males in a single afternoon. Molnar (1950) reported more than one male cuckoo copulating with a female.

If the copulations reported in these instances function in transferring active sperm to the oviduct of the female with ova ready to be fertilized, then several males could copulate successfully with a single female in a matter of minutes, hours, or even days, and the resulting clutch of eggs could be the combined effort of a kind of copulatory roulette. If, on the other hand, the observed copulations do not function in this way, the act itself could serve to establish a bond between individuals and could or could not help to coordinate their reproductive efforts for a later period.

Many ornithologists have focused in recent years on avian social systems, relating the disciplines of behavior and ecology in their fieldwork. Two such studies appear here. I was excited to learn, when conversing with Helen Hays in November 1971, that in her study of Spotted Sandpipers on Great Gull Island, she had discovered serial polyandry. I was elated when she consented to submit her work to *The Living Bird*, which she did in March 1972. Early in the summer of 1972, while teaching at the University of Minnesota’s Biological Station at Lake Itasca, I learned of Lewis Oring’s work there on the same species and that he, too, had found serial polyandry among his marked birds. He was acquainted with Miss Hays’s study through an abstract she had submitted for a symposium at the upcoming meeting of the American Ornithologists Union. I solicited Lewis Oring’s paper in July. It seemed appropriate for *The Living Bird* to publish two papers on the mating system of the same species by two ornithologists conducting independent studies in regions as far apart as Minnesota and New York."
Jacana spinosa,"56 The Living Bird ence; to Helmut Schiller for translations; to Isabelle S. Fries and Christopher Pineo for drawing the maps; and to Catherine Pessino, Mary LeCroy, Kenneth C. Parkes, and Dean Amadon for reading drafts of this paper and making helpful suggestions. LITERATURE CITED Amadon, D. 1959 The significance of sexual differences in size among birds. Proc. Amer. Phil. Soc., 103:531-536. Baker, E. C. S. 1935 Nidification of birds of the Indian Empire. Taylor and Francis, London, 4:326. Rannerman, D. a. 1961 The birds of the British Isles. Volume 9. Oliver and Boyd, Edinburgh. Beebe, W. 1925 The Variegated Tinamou, Crypturus variegalus. Zoologica, 6:195-227. Bent, A. C. 1929 Life histories of North American shorebirds. U. S. Natl. Mus. Bull., 146. BURGf;R, J. 1968a Incubation period of the Spotted Sandpiper. Wilson Bull., 80:104-105. 1968b Correction: On the incubation period of the Spotted Sandpiper. Wilson Bull., 80: 335. Cairns, J. 1940 Birds of Penang and Province Wellesley. Malayan Nat. Jour., 1:32. Cooper, D. M., H. Hays, and C. Pessino 1970 Breeding of the Common and Roseate Terns on Great Gull Island. Proc. Linnaean Soc. New York, 71:83-104. Fraga, R. M. 1972 Cooperative breeding and a case of successive polyandry in the Bay-winged Cowbird. Auk, 89:447 49. Hauth 1890 Zuchtung des schwarzkehligen Laufhuhnchens, Tiirnix pugnax, Temm. Gefiederte Welt, 19:357-358; 367-370; 389-390; 397-401. (Not seen; cited in Hoesch, 1959.) Hilden,O. 1965 Zur Brutbiologie des Temminckstrandlaufers, Calidris temminckii (Leisl.). Ornis Fenn., 42:1-5. Hoesch, W. 1959 Zur Biologie des sudafrikanischen Laufhuhnchens, Turnix sylvatica lepuratia. Jour. Ornith., 100:341-349. Hoffman, A. 1949 Uber die Brutpflege des polyandrischen Wasserfasans, Hydrophasianus chirurgus (Scop.). Zook Jahrb. (Syst.), 78:367-403. Hohn, E. O. 1965 Die Wassertreter. Nere Brehm-Bucherii, no. 349. .4 Ziemsen Verlag, W'ittenbergLutherstadt, Germany. Jenni, D. a., and G. Collier 1972 Polyandry in the American Jacana (Jacana spinosa). Auk, 89:743-765. Knowles, E. H. M. 1942 Nesting habits of the Spotted Sandpiper. Auk, 59:583-584. Lancaster, D. A. 1964 Life history of the Boucard Tinamou in British Honduras. Part II: Breeding biol ogy. Condor, 66:253-276. Lowe, V. T. 1963 Observations on the Painted Snipe. Emu, 62:221-237. Mavr, E. 1939 The sex ratios in wild birds. Amer. Nat., 73:156-179. Miller, J. R., and J. T. Miller 1948 Nesting of the Spotted Sandpiper at Detroit, Michigan. Auk, 65:558-567.",59421841,11.0,1972.0,Internet Archive,livingbird1112corn,Cornell University Library,English,http://biodiversitylibrary.org/permissions,In copyright. Digitized with the permission of the rights holder.,"Here is the cleaned and corrected version of your text:

The Living Bird ence; to Helmut Schiller for translations; to Isabelle S. Fries and Christopher Pineo for drawing the maps; and to Catherine Pessino, Mary LeCroy, Kenneth C. Parkes, and Dean Amadon for reading drafts of this paper and making helpful suggestions.

LITERATURE CITED

Amadon, D. 1959. The significance of sexual differences in size among birds. Proceedings of the American Philosophical Society, 103:531-536.

Baker, E. C. S. 1935. Nidification of birds of the Indian Empire. Taylor and Francis, London, 4:326.

Rannerman, D. A. 1961. The birds of the British Isles. Volume 9. Oliver and Boyd, Edinburgh.

Beebe, W. 1925. The Variegated Tinamou, Crypturus variegalus. Zoologica, 6:195-227.

Bent, A. C. 1929. Life histories of North American shorebirds. U.S. National Museum Bulletin, 146.

Bürger, J. 1968a. Incubation period of the Spotted Sandpiper. Wilson Bulletin, 80:104-105.

1968b. Correction: On the incubation period of the Spotted Sandpiper. Wilson Bulletin, 80:335.

Cairns, J. 1940. Birds of Penang and Province Wellesley. Malayan Nature Journal, 1:32.

Cooper, D. M., H. Hays, and C. Pessino. 1970. Breeding of the Common and Roseate Terns on Great Gull Island. Proceedings of the Linnaean Society of New York, 71:83-104.

Fraga, R. M. 1972. Cooperative breeding and a case of successive polyandry in the Bay-winged Cowbird. Auk, 89:447-449.

Hauth, 1890. Zuchtung des schwarzkehligen Laufhuhns, Turnix pugnax, Temm. Gefiederte Welt, 19:357-358, 367-370, 389-390, 397-401. (Not seen; cited in Hoesch, 1959.)

Hilden, O. 1965. Zur Brutbiologie des Temminckstrandläufers, Calidris temminckii (Leisl.). Ornis Fennica, 42:1-5.

Hoesch, W. 1959. Zur Biologie des südafrikanischen Laufhuhns, Turnix sylvatica lepuratia. Journal of Ornithology, 100:341-349.

Hoffman, A. 1949. Über die Brutpflege des polyandrischen Wasserfasan, Hydrophasianus chirurgus (Scop.). Zeitschrift für Jahrbuch der Zoologie (Syst.), 78:367-403.

Hohn, E. O. 1965. Die Wassertreter. Nere Brehm-Bücher, no. 349. A Ziemsen Verlag, Wittenberg-Lutherstadt, Germany.

Jenni, D. A., and G. Collier. 1972. Polyandry in the American Jacana (Jacana spinosa). Auk, 89:743-765.

Knowles, E. H. M. 1942. Nesting habits of the Spotted Sandpiper. Auk, 59:583-584.

Lancaster, D. A. 1964. Life history of the Boucard Tinamou in British Honduras. Part II: Breeding biology. Condor, 66:253-276.

Lowe, V. T. 1963. Observations on the Painted Snipe. Emu, 62:221-237.

Mavr, E. 1939. The sex ratios in wild birds. American Naturalist, 73:156-179.

Miller, J. R., and J. T. Miller. 1948. Nesting of the Spotted Sandpiper at Detroit, Michigan. Auk, 65:558-567."
Jacana spinosa,"8 BULLETIN 50, UNITED STATES NATIONAL MUSEUM. tion of tibia about half as long as tarsus, also transversely scutellate, or ocreate ( booted ) both anteriorly and posteriorly; middle toe, without claw, about as long as tarsus or a little shorter, the outer toe about the same length, the inner toe a little shorter; hallux about as long as basal phalanx of middle toe, its claw much longer than the digit, (sometimes three times as long) slender, compressed, acute, straight or sometimes slightly recurved terminally; claws of anterior toes similar in form to that of hallux but much shorter (about as long as basal phalanx of middle toe); interdigital spaces completely cleft. Coloration--Adults with head, neck, and chest uniform black (sometimes whole plumage, except primaries and secondaries black), the remiges (except tertials) yellowish green or greenish yellow, margined terminally with blackish, other portions chestnut-rufous, chestnut, or maroon. Young whitish or buffy beneath, grayish brown above, the remiges much as in adults. Rarige--American tropics, except Lesser Antilles and Galapagos Archipelago. (Three species.) KEY TO THE SPECIES AND SUBSPECIES OF JACANA. a. Frontal shield with posterior margin bifid; a well-developed rictal lobe or wattle. ( Jacana.) b. Back, scapulars, wing-coverts, etc., bright hazel to chestnut; sides and flanks dark chestnut. (Jacana jacana.) c. Color of back, etc., lighter chestnut; size averaging larger. (Brazil, Guianas, CLE es oceaaiccndadmadsdasaenemome ste Jacana jacana jacana (extralimital). cc. Color of back, etc., darker chestnut; size averaging smaller. (Venezuela.) Jacana jacana intermedia (extralimital). bb. Back, scapulars, wing-coverts, etc., maroon to greenish black; sides and flanks black. (Colombia and Panama.) --..-----------Jacana nigra (p. 15). aa, Frontal shield with posterior margin trifid; rictal lobe or wattle rudimentary or obsolete. (Asarcia.) (Jacana spinosa.) . b. Back, etc., more rufescent chestnut. c. Frontal shield smaller; color of under parts darker and duller. (Mexico.) Jacana spinosa gymnostoma (p. 12). ce. Frontal shield larger; color of under parts brighter. (Guatemala to western W522) 0h 10) ee eae Jacana spinosa spinosa adults (p. 9). bb. Back, etc., more purplish chestnut or maroon. (Greater Antilles.) Jacana spinosa violacea adults (p. 13). 4 jacana Linneus, Syst. Nat., ed. 12, 1766, 259 (Brazil; based on Spur-winged Water-hen of Brazil Edwards, Gleanings, iii, 1764, 305, pl. 357); Gmelin, Syst. Nat., i, pt. ii, 1789, 707; Latham, Index, Orn., ii, 1790, 762.-Parra jacana Temminck, Cat. Syst., 1807, 177; Maximilian, Beitr. Naturg. Bras., iv, 1833, 786; Burmeister, Syst. Ueb. Th. Bras., iii, 1856, 394; Sclater, Proc. Zool. Soc. Lond., 1856, 282 (monogr.); Hudson Proc. Zool. Soc. Lond., 1876, 103 (Argentina; habits); Sclater and Hudson, Argentine Orn., ii, 1889, 163.-Jacana jacana Elliot, Auk, v, July, 1888, 294, part (monogr.); Sharpe, Cat. Birds Brit. Mus., xxiv, 1896, 82, part (excl. in Se am media Sclater).-Jacana jacana jacana Hellmayr, Novit. Zool., xiii, 1906, 53.-Parra jassana Lichtenstein, Verz. Saug. und Végel Mus. Berlin, 1818 35.-P jassana Cabanis, in Schomburgk s Reis. Brit. Guiana, iii, 1848, 759. b Parra intermedia Sclater, Proc. Zool. Soc. Lond., 1856, 282 (Venezuela: ex Verreaux manuscript); : ,",37747395,,,Internet Archive,cu31924022528107,Cornell University Library,English,,Public domain. The BHL considers that this work is no longer under copyright protection.,"Here is the cleaned and corrected version of your text:

---

**Bulletin 50, United States National Museum**

The tibia is about half as long as the tarsus, transversely scutellate or ocreate (booted) both anteriorly and posteriorly. The middle toe, without a claw, is about as long as the tarsus or slightly shorter. The outer toe is about the same length, and the inner toe is slightly shorter. The hallux is about as long as the basal phalanx of the middle toe, with its claw much longer than the digit (sometimes three times as long). The claw is slender, compressed, acute, straight or sometimes slightly recurved terminally. The claws of the anterior toes are similar in form to that of the hallux but much shorter, about as long as the basal phalanx of the middle toe. The interdigital spaces are completely cleft.

**Coloration:** Adults have the head, neck, and chest uniform black (sometimes the entire plumage, except the primaries and secondaries, is black). The remiges (except tertials) are yellowish green or greenish yellow, margined terminally with blackish. Other portions are chestnut-rufous, chestnut, or maroon. Young birds are whitish or buffy beneath and grayish brown above, with remiges similar to those of adults.

**Range:** American tropics, excluding the Lesser Antilles and the Galápagos Archipelago. (Three species.)

**Key to the species and subspecies of Jacana:**

a. Frontal shield with posterior margin bifid; a well-developed rictal lobe or wattle.  
&nbsp;&nbsp;&nbsp;&nbsp;b. Back, scapulars, wing-coverts, etc., bright hazel to chestnut; sides and flanks dark chestnut.  
&nbsp;&nbsp;&nbsp;&nbsp;&nbsp;&nbsp;&nbsp;&nbsp;c. Color of back, etc., lighter chestnut; size larger.  
&nbsp;&nbsp;&nbsp;&nbsp;&nbsp;&nbsp;&nbsp;&nbsp;&nbsp;&nbsp;&nbsp;&nbsp;*Jacana jacana jacana* (extralimital).  
&nbsp;&nbsp;&nbsp;&nbsp;&nbsp;&nbsp;&nbsp;&nbsp;c. Color of back, etc., darker chestnut; size smaller.  
&nbsp;&nbsp;&nbsp;&nbsp;&nbsp;&nbsp;&nbsp;&nbsp;&nbsp;&nbsp;&nbsp;&nbsp;*Jacana jacana intermedia* (extralimital).  

b. Back, scapulars, wing-coverts, etc., maroon to greenish black; sides and flanks black.  
&nbsp;&nbsp;&nbsp;&nbsp;*Jacana nigra* (p. 15).  

aa. Frontal shield with posterior margin trifid; rictal lobe or wattle rudimentary or obsolete.  
&nbsp;&nbsp;&nbsp;&nbsp;b. Back, etc., more rufescent chestnut.  
&nbsp;&nbsp;&nbsp;&nbsp;&nbsp;&nbsp;&nbsp;&nbsp;c. Frontal shield smaller; under parts darker and duller.  
&nbsp;&nbsp;&nbsp;&nbsp;&nbsp;&nbsp;&nbsp;&nbsp;&nbsp;&nbsp;&nbsp;&nbsp;*Jacana spinosa gymnostoma* (p. 12).  
&nbsp;&nbsp;&nbsp;&nbsp;ce. Frontal shield larger; under parts brighter.  
&nbsp;&nbsp;&nbsp;&nbsp;&nbsp;&nbsp;&nbsp;&nbsp;*Jacana spinosa spinosa* (adults, p. 9).  

b. Back, etc., more purplish chestnut or maroon. (Greater Antilles.)  
&nbsp;&nbsp;&nbsp;&nbsp;*Jacana spinosa violacea* (adults, p. 13).

---

**Taxonomic Notes:**

*Jacana* was described by Linnaeus in *Syst. Nat.*, 12th edition, 1766, based on the Spur-winged Water-hen of Brazil. Other references include Gmelin, Latham, and various authors who described different subspecies and regional variations.

---

Let me know if you'd like me to further refine or format this text!"
Jacana spinosa,"ADDENDA CHANGES IN NOMENCLATURE MADE BY THE NOMENCLATURE COMMITTEE OF THE AMERICAN ORNITHOLOGISTS UNION 1902-1913. 1 CHANGES IN FAMILIES. PAGE 5. Family Podicipidce is now Colymbidce. 113. Family Tetraonidce is divided into Family Odontophoridce: Bobwhites, Quails, etc., and Family Tetraonidce: Grouse, Spruce Par tridges, Ptarmigan, etc. 136. Family Meleagridce: Turkeys, is made by raising Family Phasianidce to a Suborder to include Odontophoridce, Tetraonidce, and Meleagridce. 146. Family Falconidce is divided into Family Buteonidce: Hawks, Eagles, Kites, etc., Family Falconidce: Falcons, Caracaras, etc., and Family Pandionidce: Ospreys. 173. Family Strigidce is now Aluconidce. 175. Family Bubonidce is now Strigidce. 379. Family Tanagridce is now Tangaridce. 387. Family Ampelidce is now Bombycillidce. 433. Family Troglodytidce is divided into Family Mimidce: Thrashers, Mockingbirds, etc., and Fanrily Troglodytidce: Wrens. 452. Family Paridce is divided into Family Sittidce: Nuthatches, Fam ily Paridce: Titmice, and Family Chamceidce: Wren-Tits. CHANGES IN GENERA. 8. Subgenus Podiceps is now Tachybaptus. 14. Genus Cyclorrhynchus is now Phaleris, and Genus Simorhynchus is now JEthia, with Subgenus Ciceronia before zEthia pusilla. 15. Subgenus Brachyramphus precedes Brachyrhamphus marmoratus. 16. Subgenus Endomychura precedes Brachyrhamphus hypoleucus. 34. Genus Ossifraga is now Macronedes. 37. Subgenus Oceanodroma is inserted before Oceanodroma furcata and subgenus Cymochorea before Oceanodroma kaedingi. 45. Genus Merganser is now Mergus. 56. Genus Aythya is now Marila and Subgenus Nyroca precedes Marila americana. 57. Subgenus Fuligula is now Marila. 72. Genus Tantalus is now Mycteria. 74. Genus Ardetta is now Ixobrychus. 75. Subgenus Garzetta is now Genus Egretta. 84. Genus Crymophilus is now Phalaropus and Genus Phalaropus is Lobipes. 91. Genus Arquatella is inserted after Tringa canutus. Subgenus Ado dromas is now Genus Pisobia. 98. Genus Symphemia is now Catoptrophorus. 108. Subgenus Asarcia is inserted before Jacana spinosa. 143. Genus Columbigallina is now Chcemepelia. 155. Subgenus Buteo is inserted before Buteo borealis. 161. Subgenus Archibuteo is inserted before Archibutzo lagopus sandijohannis. 1 For subsequent changes see p. 491.",57577562,,,Internet Archive,handbookofbirdso00bail_3,Boston Public Library,English,,Not provided. Contact Holding Institution to verify copyright status.,"Addenda: Changes in Nomenclature Made by the Nomenclature Committee of the American Ornithologists' Union 1902-1913

Changes in Families:
- Family Podicipedidae is now Colymbidae.
- Family Tetraonidae is divided into Family Odontophoridae: bobwhites, quails, etc., and Family Tetraonidae: grouse, spruce partridges, ptarmigan, etc.
- Family Meleagrididae: turkeys, is made by raising Family Phasianidae to a suborder to include Odontophoridae, Tetraonidae, and Meleagrididae.
- Family Falconidae is divided into Family Buteonidae: hawks, eagles, kites, etc., Family Falconidae: falcons, caracaras, etc., and Family Pandionidae: ospreys.
- Family Strigidae is now Aluconidae.
- Family Bubonidae is now Strigidae.
- Family Tanageridae is now Tangaridae.
- Family Ampelididae is now Bombycillidae.
- Family Troglodytidae is divided into Family Mimidae: thrashers, mockingbirds, etc., and Family Troglodytidae: wrens.
- Family Paridae is divided into Family Sittidae: nuthatches, Family Paridae: titmice, and Family Chamaeidae: wren-tits.

Changes in Genera:
- Subgenus Podiceps is now Tachybaptus.
- Genus Cyclorrhynchus is now Phaleris, and Genus Simorhynchus is now Ethia, with Subgenus Ciceronia before Ethia pusilla.
- Subgenus Brachyramphus precedes Brachyramphus marmoratus.
- Subgenus Endomychura precedes Brachyramphus hypoleucus.
- Genus Ossifraga is now Macronectes.
- Subgenus Oceanodroma is inserted before Oceanodroma furcata, and Subgenus Cymochorea before Oceanodroma kaedingi.
- Genus Mergus is now Merganser.
- Genus Aythya is now Marila, and Subgenus Nyroca precedes Marila americana.
- Subgenus Fuligula is now Marila.
- Genus Tantalus is now Mycteria.
- Genus Ardetta is now Ixobrychus.
- Subgenus Garzetta is now Genus Egretta.
- Genus Crymophilus is now Phalaropus, and Genus Phalaropus is Lobipes.
- Genus Arquatella is inserted after Tringa canutus. Subgenus Aodromas is now Genus Pisobia.
- Genus Symphemia is now Catoptrophorus.
- Subgenus Asarcia is inserted before Jacana spinosa.
- Genus Columbigallina is now Chamaepelia.
- Subgenus Buteo is inserted before Buteo borealis.
- Subgenus Archibuteo is inserted before Archibuteo lagopus sandijohannis.

For subsequent changes, see page 491."
Jacana spinosa,". Black Oyster-catcher. Hzxmatopus.bachmani Aud. . The coast of western North America is the home of the black oyster-catcher, and it breeds locally throughout its range from Abreojos Point, Lower California (Kaeding), north to Prince William Sound, Alaska (Grinnell), and west to Attu Island (Turner) at the western end of the Aleutian chain. It winters:from the coast of southern British Columbia (Fannin) southward. The short migration is performed during May, and the eggs are deposited at the northern end of the range from the middle to the latter part of June. This is also the time at which eggs are most commonly found at the extreme southern end of the summer home. Downy young were taken June 17, 1900, on Queen Charlotte Islands, British Columbia (Osgood). Stone Curlew. C dicnemus bistriatus (Wagler).",40572388,,,Internet Archive,bulletinbiologic3238unit,Smithsonian Libraries and Archives,English,,NOT_IN_COPYRIGHT,"Black Oyster-catcher (Hzxmatopus bachmani Aud.)  
The coast of western North America is the home of the black oyster-catcher, which breeds locally throughout its range from Abreojos Point, Lower California, north to Prince William Sound, Alaska, and west to Attu Island at the western end of the Aleutian chain. It winters from the coast of southern British Columbia southward. The short migration occurs during May, and eggs are deposited at the northern end of the range from the middle to the latter part of June. This is also when eggs are most commonly found at the extreme southern end of the summer home. Downy young were observed on June 17, 1900, on the Queen Charlotte Islands, British Columbia."
Jacana spinosa,"The Mexican jacana was described originally from Cartagena, Colombia, and as that remains still the only record for the country, the ascription to this locality was probably an error. The species is known from Divala, Panama (Bangs), and thence north on the. Pacific side to Mazatlan, Mexico (Lawrence), and on the Gulf side to the mouth of the Rio Grande (Merrill). It is recorded from Porto.",40572388,,,Internet Archive,bulletinbiologic3238unit,Smithsonian Libraries and Archives,English,,NOT_IN_COPYRIGHT,"The Mexican jacana was originally described from Cartagena, Colombia. Since this remains the only record for the country, the attribution to this locality was probably an error. The species is known from Divala, Panama (Bangs), and north along the Pacific side to Mazatlan, Mexico (Lawrence), and on the Gulf side to the mouth of the Rio Grande (Merrill). It is also recorded from Porto."
Jacana spinosa,"The coast of western North America is the home of the black oyster-catcher, and it breeds locally throughout its range from Abreojos Point, Lower California (Kaeding), north,to Prince William Sound, Alaska (Grinnell), and west to Attu Island (Turner) at the western end of the Aleutian chain. It winters from the coast of southern British Columbia (Fannin) southward. The short migration is performed during May, and the eggs are deposited at the northern end of the range from the middle to the latter part of June. This is also the time at which eggs are most commonly found at the extreme southern end of the summer home. Downy young were taken June 17, 1900, on Queen Charlotte Islands, British Columbia (Osgood).",37264046,,,Internet Archive,cu31924090315643,Cornell University Library,English,,Public domain. The BHL considers that this work is no longer under copyright protection.,"The coast of western North America is the home of the black oyster-catcher, and it breeds locally throughout its range from Abreojos Point, Lower California, north to Prince William Sound, Alaska, and west to Attu Island at the western end of the Aleutian chain. It winters from the coast of southern British Columbia southward. The short migration occurs during May, and the eggs are deposited at the northern end of the range from mid to late June. This is also the time when eggs are most commonly found at the extreme southern end of the summer home. Downy young were observed on June 17, 1900, on the Queen Charlotte Islands, British Columbia."
Jacana spinosa,"The Mexican jacana was described originally from Cartagena, Colombia, and as that remains still the only record for the country, the ascription to this locality was probably an error. The species is known from Divala, Panama (Bangs), and thence north cn the Pacific side to Mazatlan, Mexico (Lawrence), and on the Gulf side to the mouth of the Rio Grande (Merrill). It is recorded from Porto Rico (Gundlach), Haiti (Ritter), Jamaica (Denny), and Cuba (Vigors) -rare in the first three and common in Cuba. One was taken October, 1899, at Lake Okeechobee, Florida (Mearns)-first record for the State. The species is resident throughout its regular range and breeds for about half the year from March to September.",37264046,,,Internet Archive,cu31924090315643,Cornell University Library,English,,Public domain. The BHL considers that this work is no longer under copyright protection.,"The Mexican jacana was originally described from Cartagena, Colombia, and since that remains the only record for the country, the attribution to this locality was probably an error. The species is known from Divala, Panama, and then north along the Pacific side to Mazatlan, Mexico, and on the Gulf side to the mouth of the Rio Grande. It has been recorded from Puerto Rico, Haiti, Jamaica, and Cuba—rare in the first three and common in Cuba. One individual was taken in October 1899 at Lake Okeechobee, Florida, marking the first record for the state. The species is resident throughout its regular range and breeds for about half the year, from March to September."
Jacana spinosa,"MEXICAN JACANA Jacana spinosa. 8 in. A very peculiar species. Bill plover-like; at the base, terminating in a leaf-like sheaf that covers the forehead; a hard spur on the shoulder of each wing; legs and toes extremely long, the toenails being abnormally so, the hind nail often being an inch and a half long. Young very different from the adult. Grayish-brown above, with wings greenish-yellow as in adult; below whitish, darker across the breast and on the sides; a light line above the eye. Jacanas are inhabitants of marshy, muddy pools and ponds, where they can easily run over the surface, their long toes getting a good foothold on the floating aquatic plants. They are said to be very pugnacious in defence of their young, and a so to fight among themselves during thi mating season. Nest. Nests made of weeds and trash, on little floating islands or lily pads. 3 to 5 olive colored eggs, curiously scrawled with black. ( 1.20 x: .95); May. Range. Is found and breeds within our borders only in Southern Texas.",52356754,,,Internet Archive,birdguidewaterbi00reed_1,University of Alberta Library,English,,Not provided. Contact Holding Institution to verify copyright status.,"The Mexican Jacana (Jacana spinosa) is about 8 inches long. It is a very peculiar species with a bill resembling that of a plover, featuring a leaf-like sheaf at the base that covers the forehead. It has a hard spur on the shoulder of each wing, and its legs and toes are extremely long, with the toenails being abnormally large; the hind nail can often be an inch and a half long. Young birds are very different from adults. The plumage is grayish-brown above, with wings that are greenish-yellow, similar to adults. Below, the bird is whitish, darker across the breast and on the sides, with a light line above the eye.

Jacanas inhabit marshy, muddy pools and ponds, where they can easily run over the surface due to their long toes, which provide good footing on floating aquatic plants. They are known to be very pugnacious in defense of their young and tend to fight among themselves during the mating season.

Their nests are made of weeds and trash, built on small floating islands or lily pads. They lay 3 to 5 olive-colored eggs, which are curiously scrawled with black. The eggs measure approximately 1.20 by 0.95 inches. The Mexican Jacana is found and breeds within our borders only in southern Texas."
Jacana spinosa,"Mating Systems in the Spotted Sandpiper 71 and Sanderling deviate with regard to these characters. In the case of the Mountain Plover, Graul (pers. commun.) showed that the mating system is complex and variable, and he attributes its evolution largely to the lack of stability in their short-grass prairie environment. Considering the extreme conditions under which Sanderlings nest in the high arctic, there is little doubt but that whatever their system eventually proves to be, it will show adaptations for highly unpredictable food supplies, short seasons, and rigor ous climatic conditions in contrast to polyandrous systems which have evolved in areas with high predation rates, long seasons, and abundant food. It appears that various types of polygamous mating systems, including polyandrous ones, are more common among shorebirds than we previously supposed. Within the suborder Charadrii, certain species occupy some of the harshest arctic and arid environments, others the temperate forests and grass lands, and still others various tropical habitats. These species are exposed to the diversity of food supplies, season lengths, and predation pressures typical of their environments. In response to this great array of selective pressures, a large variety of social systems has evolved. Where a system of multiple clutches of various types has evolved, we find various compromises reducing female stress. Studies of those species exhibiting these compromise characteristics will undoubtedly reveal new and interesting cases of polyandry. TABLE 2 Characteristics of Some Shorebirds for Which Polyandry Has Been Demonstrated or Suggested Female 3 per cent larger than male Egg or clutch size reduced Female dominant in courtship Male does most incubating American Jacana Jacana spinosa) Pheasant-tailed Jacana (Hydrophasianus chirurgus) Spotted Sandpiper (Aclitis macularia) -1-1-1Common Sandpiper (A. hypoleucos) -1-1phalaropes (three species) -f painted snipes (two species) Dotterel (Eudromias morinellus) -1-1-1Mountain Plover (Eupoda montana) -1Sanderling (Calidris alba) Compiled from Dement ev et al., 1969; Mackworth-Praed and Grant, 1962; Parmelee, pers. commun.; Ridgway, 1919; Witherby et al., 1940; and personal observations. Plus marks indicate relative expression of tbe various characteristics; dasbes indicate tbe lack of tbe characters mentioned.",59421856,11.0,1972.0,Internet Archive,livingbird1112corn,Cornell University Library,English,http://biodiversitylibrary.org/permissions,In copyright. Digitized with the permission of the rights holder.,"Mating systems in the Spotted Sandpiper and Sanderling deviate with regard to these characteristics. In the case of the Mountain Plover, Graul (pers. commun.) showed that the mating system is complex and variable, and he attributes its evolution largely to the lack of stability in their short-grass prairie environment. Considering the extreme conditions under which Sanderlings nest in the high Arctic, there is little doubt that whatever their system eventually proves to be, it will show adaptations for highly unpredictable food supplies, short seasons, and rigorous climatic conditions, in contrast to polyandrous systems which have evolved in areas with high predation rates, long seasons, and abundant food. It appears that various types of polygamous mating systems, including polyandrous ones, are more common among shorebirds than previously supposed. Within the suborder Charadrii, certain species occupy some of the harshest Arctic and arid environments, others the temperate forests and grasslands, and still others various tropical habitats. These species are exposed to the diversity of food supplies, season lengths, and predation pressures typical of their environments. In response to this great array of selective pressures, a large variety of social systems has evolved. Where a system of multiple clutches of various types has developed, we find various compromises that reduce female stress. Studies of species exhibiting these compromise characteristics will undoubtedly reveal new and interesting cases of polyandry.

Characteristics of some shorebirds for which polyandry has been demonstrated or suggested include:

- Females are about 3 percent larger than males.
- Egg or clutch size is reduced.
- Females are dominant in courtship.
- Males do most of the incubating.

Species include:

- American Jacana (Jacana spinosa)
- Pheasant-tailed Jacana (Hydrophasianus chirurgus)
- Spotted Sandpiper (Actitis macularia)
- Common Sandpiper (A. hypoleucos)
- Phalaropes (three species)
- Painted Snipes (two species)
- Dotterel (Eudromias morinellus)
- Mountain Plover (Eupoda montana)
- Sanderling (Calidris alba)

This information is compiled from Dementev et al., 1969; Mackworth-Praed and Grant, 1962; Parmelee, pers. commun.; Ridgway, 1919; Witherby et al., 1940; and personal observations. Plus marks indicate the relative expression of the various characteristics; dashes indicate the absence of the mentioned traits."
Jacana spinosa,"190 THE WILSON BULLETIN June 1960 Vol. 72, No. 2 RaUicola fulicae Sun Grebe, lleliornis fulica Fulicoffula heliornis Jueana, Jucana spinosa RaUicola exiguifrons European Oystercatcher, Haematopiis ostralegus Actornithophilus grandiceps Austromenopon haemantopi Saemundssonia haemantopi American Oystercatcher, Haematopus palliatus Lunaceps haemantopi Quadraceps auratus Lapwing, Vanellus vanellus Actornithophilus svobodae Lunaceps holophaeus Saemundssonia temporalis Ringed Plover, Charadrius hiaticula Quadraceps fissus Quadraceps hiaticulae Saemundssonia platygaster Semipalmated Plover, Charadrius semipalmatus Quadraceps major Q. opacus Saemundssonia platygaster Killdeer, Charadrius vociferus Austromenopon aegialitidis Quadraceps boephilus Dotterel, Eudromias morinellus Saemundssonia semivittata American Golden Plover, Pluvialis dominica Actornithophilus timidus Quadraceps orarius Saemund sson ia h awai iensis Black-bellied Plover, Squatarola squatarola Actornithophilus jlavipes Austromenopon squatarolae Lunaceps incoenis Quadraceps hospes Saemundssonia naumanni Ruddy Turnstone, Arenaria interpres Rediellia pediculoides Actornithophilus bicolor Quadraceps strepsilaris Black Turnstone, Arenaria melanocephala Actornithophilus tigrus American Woodcock, Philohela minor Rhynonirmus injuscatus European Woodcock, Scolopax rusticola Austromenopon icterum Cummingsiella aurea Rhynonirmus helvolus Common Snipe, Capella gallinago Austromenopon durisetosum Cummingsiella ambigua Rhynonirmus scolopacis Actornithophilus stictus Rhynonirmus magnocephalus European Jacksnipe, Lymnocryptes minimus Actornithophilus multisetosus Long-billed Curlew, Numenius americanus Cummingsiella longirostricola C. ovalis Eurasian Curlew, Numenius arquata Actornithophilus patellatus Austromenopon crocatum Cummingsiella ovalis Lunaceps numenii Saemundssonia humeralis S. viridiscola Whimbrel, Numenius phaeopus Actornithophilus ocellatus Austromenopon phaeopodis Lunaceps phaeopi Saemundssonia scolopacisphaeopodis S. viridicola Bristle-thighed Curlew, Numenius tahitiensis Lunaceps hopkinsi Eskimo Curlew, Numenius borealis Lunaceps rileyi Upland Plover, Bartramia longicauda Rhynonirmus injuscatus Spotted Sandpiper, Actitis macularia Quadraceps ravus Solitary Sandpiper, Tringa solitaria Quadraceps waterstoni Wood Sandpiper, Tringa glareola Quadraceps obscurus Wandering Tattler, Heteroscelus incanum Actornithophilus kilauensis Saemundssonia hawaiiensis Polynesian Tattler, Heteroscelus brevipes Quadraceps impar Willet, Catoptrophorus semipalmatus",52207731,72.0,1960.0,Internet Archive,wilsonbulletin7219wils,"Harvard University, Museum of Comparative Zoology, Ernst Mayr Library",English,https://biodiversitylibrary.org/permissions,In copyright. Digitized with the permission of the rights holder.,"Here is the cleaned and corrected version of your text:

---

190 THE WILSON BULLETIN June 1960 Vol. 72, No. 2

Raulicola fulicae (Sun Grebe), Heliornis fulica, Fulicoffula heliornis, Jueana, Jucana spinosa

Raulicola exiguifrons (European Oystercatcher), Haematopus ostralegus

Actornithophilus grandiceps, Austromenopon haemantopi, Saemundssonia haemantopi (American Oystercatcher), Haematopus palliatus

Lunaceps haemantopi, Quadraceps auratus (Lapwing), Vanellus vanellus

Actornithophilus svobodae, Lunaceps holophaeus, Saemundssonia temporalis (Ringed Plover), Charadrius hiaticula

Quadraceps fissus, Quadraceps hiaticulae, Saemundssonia platygaster (Semipalmated Plover), Charadrius semipalmatus

Quadraceps major, Q. opacus, Saemundssonia platygaster (Killdeer), Charadrius vociferus

Austromenopon aegialitidis, Quadraceps boephilus, Dotterel, Eudromias morinellus, Saemundssonia semivittata

American Golden Plover, Pluvialis dominica, Actornithophilus timidus, Quadraceps orarius, Saemundssonia hawaiiensis

Black-bellied Plover, Squatarola squatarola, Actornithophilus jlavipes, Austromenopon squatarolae, Lunaceps incoenis, Quadraceps hospes, Saemundssonia naumanni

Ruddy Turnstone, Arenaria interpres, Rediellia pediculoides, Actornithophilus bicolor, Quadraceps strepsilaris

Black Turnstone, Arenaria melanocephala, Actornithophilus tigrus

American Woodcock, Philohela minor, Rhynonirmus injuscatus

European Woodcock, Scolopax rusticola, Austromenopon icterum, Cummingsiella aurea, Rhynonirmus helvolus

Common Snipe, Capella gallinago, Austromenopon durisetosum, Cummingsiella ambigua, Rhynonirmus scolopacis, Actornithophilus stictus, Rhynonirmus magnocephalus

European Jack Snipe, Lymnocryptes minimus, Actornithophilus multisetosus

Long-billed Curlew, Numenius americanus, Cummingsiella longirostricola, C. ovalis

Eurasian Curlew, Numenius arquata, Actornithophilus patellatus, Austromenopon crocatum, Cummingsiella ovalis, Lunaceps numenii, Saemundssonia humeralis, S. viridiscola

Whimbrel, Numenius phaeopus, Actornithophilus ocellatus, Austromenopon phaeopodis, Lunaceps phaeopi, Saemundssonia scolopacisphaeopodis, S. viridicola

Bristle-thighed Curlew, Numenius tahitiensis, Lunaceps hopkinsi

Eskimo Curlew, Numenius borealis, Lunaceps rileyi

Upland Plover, Bartramia longicauda, Rhynonirmus injuscatus

Spotted Sandpiper, Actitis macularia, Quadraceps ravus

Solitary Sandpiper, Tringa solitaria, Quadraceps waterstoni

Wood Sandpiper, Tringa glareola, Quadraceps obscurus

Wandering Tattler, Heteroscelus incanum, Actornithophilus kilauensis, Saemundssonia hawaiiensis

Polynesian Tattler, Heteroscelus brevipes, Quadraceps impar

Willet, Catoptrophorus semipalmatus

---

Let me know if you need further adjustments!"
Jacana spinosa,"field in C.G.S. lines, To vary the sensitiveness in known proportions, resistances are employed. Referring to the improve_ ments made in movable coil instruments since January 1890, _ when a paper on Galvanometers was read before the Society by Dr. Sumpner and the present authors, Prof. Ayrton said Mr, Crompton had greatly increased the sensitiveness of Carpentier s instruments by suspending the coils with phosphor-bronze strip. Mr, Paul had brought out a narrow-coil instrament which combined the advantages of portability, dead-beatness, quickness,",20937406,,,Internet Archive,naturelond46londuoft,University of Toronto - Robarts Library,English,,NOT_IN_COPYRIGHT,"Field in C.G.S. lines. To vary the sensitivity in known proportions, resistances are employed. Referring to the improvements made in movable coil instruments since January 1890, when a paper on galvanometers was read before the Society by Dr. Sumpner and the present authors, Prof. Ayrton said that Mr. Crompton had greatly increased the sensitivity of Carpentier's instruments by suspending the coils with a phosphor-bronze strip. Mr. Paul had developed a narrow-coil instrument that combined the advantages of portability, dead-beatness, and quickness."
Jacana spinosa,"_ and sensibility. Specimens of these instruments were exhibited. _ The narrow coils are inclosed in silver tubes, which serve to _ damp the oscillations. Such a coil is suspended within a brass _ tube which also forms the mirror chamber, and slides down BY en the poles of a circular magnet fixed to the base. To",20937406,,,Internet Archive,naturelond46londuoft,University of Toronto - Robarts Library,English,,NOT_IN_COPYRIGHT,"and sensibility. Specimens of these instruments were exhibited. The narrow coils are enclosed in silver tubes, which serve to damp the oscillations. Such a coil is suspended within a brass tube that also forms the mirror chamber and slides down the poles of a circular magnet fixed to the base."
Jacana spinosa,"the coil, a plug mounted on a slotted spring passes _ through a hole in the brass tube. A tube can be taken out and replaced Se yar containing a coil of different resistance in a fews . An instrument of this kind, with a coil of 300 ohms, _ gave 95 divisions per microampere, and the damping on open _ Circuit was such that any swing was ; , of the previous one. On _ comparing recent instruments with those mentioned in the paper _ on galvanometers above referred to, a distinct improvement is",20937406,,,Internet Archive,naturelond46londuoft,University of Toronto - Robarts Library,English,,NOT_IN_COPYRIGHT,"The coil, a plug mounted on a slotted spring, passes through a hole in the brass tube. A tube can be removed and replaced easily, containing a coil of different resistance in a few seconds. An instrument of this kind, with a coil of 300 ohms, gave 95 divisions per microampere, and the damping on open circuit was such that any swing was less than the previous one. When comparing recent instruments with those mentioned in the paper on galvanometers above referred to, a distinct improvement is evident."
Jacana spinosa,"apparent, for their sensitiveness is, for the same resistance and periodic time, as great as that of Thomson instruments. Prof. Perry remarked that the forces dealt with were extremely small. Mr. Swinburne thought that ballistic galvanometers might be __ regarded as instruments indicating the time integral of E.M.F. rather than quantity. Illustrating his meaning by reference to _ dynamos, he said that if two machines arranged as dynamo and _ motor were joined by wires, then, if the armature of the dynamo _ were turned through any angle, that of the motor would move A h the same angle, supposing friction, c., eliminated. Spea of figures of merit, he pointed out that the power con_ sumed was the important factor, Prof. S. P. Thompson inquired _ what was the longest period yet obtained with narrow-coil instruments. e decay of magnetism in large dynamos was so slow uat very long periods were required. He himself had used a in, ed coil for such measurements. He also wished to know _ why the figures of merit were expressed in terms of scale divisions _ onascale at 2000 divisions distance, insteadof in angular _ measure orin tangents. Mr. E. W. Smith asked what was the Teng Strip required to prevent permanent set when the _ deflection exceeded a revolution. Mr. A. P. Trotter thought that, in testing magnetic fluxes by the workshop ballistic instru_ ment, the test coil might be left in circuit instead of putting in _ another coil. He wished to know what error was introduced _ by the change of damping caused by the resistance of the circuit _ hot being quite constant. In his reply, Prof, Ayrton said Mr. Boys pointed out that the scientific way to lengthen period _ was not by weighting the coils or needles, but to weaken the _ control. Periods of 5 seconds had been obtained. At present _ it was not easy to obtain longer periods owing to difficulties _ in obtaining sufficiently thin strip, and to the magnetism of materials, _ Zoological Society,. June 14.-Prof. W. H. Flower, C.B., _F-R.S., President, in the chair.-The Secretary read a report on the additions that had been made to the Society s a, ag during the month of May 1892, calling special atten to a pair of the rare and beautiful Passerine bird the Grey Coly-Shrike (Hyfocolius ampelinus) from Fao, Persian Gulf, ape cn by Mr. W. D. Cumming. He also made some remarks on the most interesting objects observed during a recent visit to the Zoological Gardens of Rotterdam, the Hague, _ Amsterdam, and Antwerp,-A communication from Mr. T. D. _ A. Cockerell contained particulars of the occurrence of a species",20937406,,,Internet Archive,naturelond46londuoft,University of Toronto - Robarts Library,English,,NOT_IN_COPYRIGHT,"Here is the cleaned and corrected version of your text:

Apparent, for their sensitiveness is, for the same resistance and periodic time, as great as that of Thomson instruments. Prof. Perry remarked that the forces dealt with were extremely small. Mr. Swinburne thought that ballistic galvanometers might be regarded as instruments indicating the time integral of E.M.F. rather than quantity. Illustrating his meaning by reference to dynamos, he said that if two machines arranged as a dynamo and a motor were joined by wires, then, if the armature of the dynamo were turned through any angle, the armature of the motor would move the same angle, assuming friction and other losses were eliminated. 

Speaking of figures of merit, he pointed out that the power consumed was the important factor. Prof. S. P. Thompson inquired about the longest period yet obtained with narrow-coil instruments. The decay of magnetism in large dynamos was so slow that very long periods were required. He had used a limited coil for such measurements. He also wished to know why the figures of merit were expressed in terms of scale divisions on a scale with 2000 divisions, instead of in angular measure or tangents. 

Mr. E. W. Smith asked what the length of strip was required to prevent permanent set when the deflection exceeded one revolution. Mr. A. P. Trotter thought that, in testing magnetic fluxes with the workshop ballistic instrument, the test coil might be left in circuit instead of replacing it with another coil. He wanted to know what error was introduced by the change of damping caused by the resistance of the circuit not being quite constant. 

In his reply, Prof. Ayrton said that Mr. Boys pointed out that the scientific way to lengthen the period was not by weighting the coils or needles, but by weakening the control. Periods of 5 seconds had been achieved. Currently, it was not easy to obtain longer periods due to difficulties in obtaining sufficiently thin strips and because of the magnetism of materials. 

Zoological Society, June 14. — Prof. W. H. Flower, C.B., F.R.S., President, in the chair. The Secretary read a report on the additions made to the Society’s collection during May 1892, highlighting a pair of the rare and beautiful Passerine bird, the Grey Coly-Shrike (Hyfocolius ampelinus), from Fao, Persian Gulf, presented by Mr. W. D. Cumming. He also made some remarks on the most interesting objects observed during a recent visit to the Zoological Gardens of Rotterdam, The Hague, Amsterdam, and Antwerp. A communication from Mr. T. D. A. Cockerell contained details of the occurrence of a species."
Jacana spinosa,"a South African Snake (Dasyfeltis scabra) as exhibited by an example now in the Society s Gardens.-Mr. Sclater also read some extracts from a letter addressed to him by Mr. H. H. Johnston, C.B., announcing the despatch of a consignment of natural history specimens illustrative of the fauna and flora of the Shiré Highlands. -Mr. W. Saville Kent exhibited and made remarks on some photographs of a species of the genus Podargus, showing the strange attitudes of these birds in a living state. Mr. F. E. Beddard read a paper on the brain and muscular anatomy of Awlacodus.-Mr. Gerard W. Butler read a paper on the subdivision of the body-cavity in Snakes, being a continuation of the subject treated of in a memoir on the subdivision of the body-cavity in Lizards, Crocodiles, and Birds, previously read before the Society.Mr. J . W. Gregory gave an account of his researches on the British Paleogene Bryozoa, of which he recognized thirty species, represented in the National Collection by about 750 specimens.Mr. Sclater gave an account of a small collection of Birds from Anguilla, West Indies, made by Mr. W. R. Elliott, one of the collectors employed by the Committee for the exploration of the Lesser Antilles.-Prof. G. J. Romanes, F.R.S., read a paper on a seemingly new diagnostic character of the Primates, which was that the terminal joints of both hands and feet in all species of this Order are destitute of hairs. This rule did not apply to the Lemurs.-Mr. O. Thomas read a paper on the genus Zchinops, of the order Insectivora, and gave notes on the dentition of the allied genera Zriculus and Centetes.-Mr. G. A. Boulenger gave an account of the Reptiles and Batrachians collected by Mr. C. Hose on Mount Dulit, North Borneo. Amongst these was a fine new Lizard of the genus Varanus, proposed to be called V. heteropholis. Two new Batrachians were also described as Rhacophorus dulitensis and Nectophryne hosit.-A paper was read by Lieut. Colonel H. H. Godwin-Austen, F.R.'S., on new species and varieties of the Land-Molluscan genus Diflommatina, collected by himself, and more recently by Mr. W. Doherty, in the Naga and Munipur Hill ranges. The author described twenty-seven supposed new species, the most remarkable being D. unicrenata, with a peculiarly formed peristome.-A communication was read from Mr. B. B. Woodward on the mode of growth and the structure of the shell in Velates conotdeus, Lamk., and in other Neritide. The mode of growth and the structure of this shell were described as follows: Up to a certain point the growth is normal ; a change in the direction of growth afterwards takes place, and the test is enlarged by the addition of fresh shelly matter on the exterior of the under side, and by the removal of previously-formed layers on the inner surface, The internal septum that serves the purpose of a myophore was shown to have originated in the paries, which, in the course of growth, had been replaced by the septum. In this respect Ve ates conoideus epitomized in its life-history conditions which are found in distinct recent species of the closely-allied genus Neritina. The relations of the paries and septum in this last genus were also described in this paper.-This meeting closes the present session. The next session (1892-93) will commence in November 1892. PARIs,",20937406,,,Internet Archive,naturelond46londuoft,University of Toronto - Robarts Library,English,,NOT_IN_COPYRIGHT,"A South African snake (Dasyfeltis scabra) was exhibited by an example now in the Society's Gardens. Mr. Sclater also read some extracts from a letter addressed to him by Mr. H. H. Johnston, C.B., announcing the dispatch of a consignment of natural history specimens illustrating the fauna and flora of the Shiré Highlands. Mr. W. Saville Kent exhibited and commented on some photographs of a species of the genus Podargus, showing the strange attitudes of these birds in a living state. Mr. F. E. Beddard presented a paper on the brain and muscular anatomy of Awlacodus. Mr. Gerard W. Butler delivered a paper on the subdivision of the body cavity in snakes, continuing the subject previously discussed in a memoir on the subdivision of the body cavity in lizards, crocodiles, and birds. 

Mr. J. W. Gregory provided an account of his research on British Paleogene Bryozoa, recognizing thirty species represented in the National Collection by about 750 specimens. Mr. Sclater described a small collection of birds from Anguilla, West Indies, collected by Mr. W. R. Elliott, one of the collectors employed by the Committee for the exploration of the Lesser Antilles. Prof. G. J. Romanes, F.R.S., presented a paper on a seemingly new diagnostic character of primates: the terminal joints of both hands and feet in all species of this order are devoid of hairs, except in lemurs. 

Mr. O. Thomas discussed the genus Zchinops of the order Insectivora and provided notes on the dentition of related genera Zriculus and Centetes. Mr. G. A. Boulenger reported on the reptiles and amphibians collected by Mr. C. Hose on Mount Dulit, North Borneo. Among these was a new lizard of the genus Varanus, proposed to be called V. heteropholis. Two new amphibians were also described: Rhacophorus dulitensis and Nectophryne hosit. 

Lieut. Colonel H. H. Godwin-Austen, F.R.S., read a paper on new species and varieties of the land-mollusk genus Diflommatina, collected by himself and more recently by Mr. W. Doherty in the Naga and Munipur Hill ranges. The author described twenty-seven presumed new species, notably D. unicrenata, characterized by a peculiarly formed peristome. 

A communication from Mr. B. B. Woodward discussed the mode of growth and structure of the shell in Velates conotdeus, Lamk., and other Neritidae. The growth process involves an initial normal phase, followed by a change in growth direction, with the shell enlarging by adding new shelly material on the exterior of the underside and removing previously formed layers on the inner surface. The internal septum, serving as a myophore, originated in the paries, which was replaced by the septum during growth. Velates conotdeus exemplifies life-history conditions found in recent species of the closely related genus Neritina. The paper also described the relationship between the paries and septum in this genus. 

This meeting concludes the current session. The next session (1892–93) will begin in November 1892."
Jacana spinosa,"Academy of Sciences, June 20.-M. d Abbadie in the chair, -Phenomena of the residual life of muscle taken from the living being: physiological action of the muscular bases, by MM. Arm. Gautier and L. Landi.-On the influence of mineral filters on liquids containing substances produced by microbes, by M. Arloing.-On the sanitary system adopted by the Venice Conference to prevent cholera from penetrating into Europe through the Isthmus of Suez, by M_ P. Brouardel. Four previous conferences for the reform of the quarantine system having failed, that convened at Venice in January 1892 has at last adopted a system chiefly advocated by the French dele-",20937406,,,Internet Archive,naturelond46londuoft,University of Toronto - Robarts Library,English,,NOT_IN_COPYRIGHT,"Academy of Sciences, June 20. — M. d'Abbadie in the chair. Phenomena of the residual life of muscle taken from the living being: physiological action of the muscular bases, by MM. Arm. Gautier and L. Landi. On the influence of mineral filters on liquids containing substances produced by microbes, by M. Arloing. On the sanitary system adopted by the Venice Conference to prevent cholera from penetrating into Europe through the Isthmus of Suez, by M. P. Brouardel. Four previous conferences aimed at reforming the quarantine system had failed; the conference held in Venice in January 1892 finally adopted a system chiefly advocated by the French delegate."
